{
 "type": "FeatureCollection",
 "features": [
  {
   "type": "Feature",
   "geometry": {
    "type": "Polygon",
    "coordinates": [
     [
      [
       -122.3423645,
       47.6075078
      ],
      [
       -122.3421216,
       47.6073502
      ],
      [
       -122.342054,
       47.6073069
      ],
      [
       -122.3436659,
       47.6073128
      ],
      [
       -122.3440086,
       47.6075133
      ],
      [
       -122.3434143,
       47.6075118
      ],
      [
       -122.343329,
       47.6075116
      ],
      [
       -122.3430397,
       47.6075117
      ],
      [
       -122.3429223,
       47.6075116
      ],
      [
       -122.3423645,
       47.6075078
      ]
     ]
    ]
   },
   "properties": {
    "name": null,
    "id": null,
    "levels": null,
    "kind": "yes",
    "inside": false,
    "area_m2": null,
    "osm": "way/35345179"
   }
  },
  {
   "type": "Feature",
   "geometry": {
    "type": "Polygon",
    "coordinates": [
     [
      [
       -122.3378986,
       47.6117756
      ],
      [
       -122.3379064,
       47.6117725
      ],
      [
       -122.3380328,
       47.6119144
      ],
      [
       -122.3376553,
       47.6120672
      ],
      [
       -122.3377654,
       47.6121925
      ],
      [
       -122.3378758,
       47.6123137
      ],
      [
       -122.337833,
       47.6123315
      ],
      [
       -122.3377829,
       47.6123527
      ],
      [
       -122.3377199,
       47.6123798
      ],
      [
       -122.3377187,
       47.6123965
      ],
      [
       -122.3375549,
       47.6124835
      ],
      [
       -122.3374013,
       47.6124914
      ],
      [
       -122.3371794,
       47.6122522
      ],
      [
       -122.3371317,
       47.6122004
      ],
      [
       -122.3368609,
       47.6119062
      ],
      [
       -122.336838,
       47.611882
      ],
      [
       -122.3367196,
       47.6117528
      ],
      [
       -122.3368158,
       47.6117111
      ],
      [
       -122.33721,
       47.6116879
      ],
      [
       -122.3377331,
       47.6116541
      ],
      [
       -122.3377824,
       47.6116333
      ],
      [
       -122.3378986,
       47.6117756
      ]
     ]
    ]
   },
   "properties": {
    "name": "Westlake Center",
    "id": null,
    "levels": null,
    "kind": "retail",
    "inside": false,
    "area_m2": null,
    "osm": "way/36869314"
   }
  },
  {
   "type": "Feature",
   "geometry": {
    "type": "Polygon",
    "coordinates": [
     [
      [
       -122.3388315,
       47.6111192
      ],
      [
       -122.338854,
       47.6111437
      ],
      [
       -122.3392152,
       47.6115394
      ],
      [
       -122.3393201,
       47.6116545
      ],
      [
       -122.3393179,
       47.6117041
      ],
      [
       -122.3391906,
       47.6118035
      ],
      [
       -122.3386147,
       47.6120453
      ],
      [
       -122.3385643,
       47.6120377
      ],
      [
       -122.3382151,
       47.6116559
      ],
      [
       -122.3382057,
       47.6116456
      ],
      [
       -122.338122,
       47.6115538
      ],
      [
       -122.3379418,
       47.6113569
      ],
      [
       -122.337854,
       47.611261
      ],
      [
       -122.3378647,
       47.6112273
      ],
      [
       -122.338384,
       47.6110112
      ],
      [
       -122.3386069,
       47.6109189
      ],
      [
       -122.3386547,
       47.6109255
      ],
      [
       -122.3387562,
       47.6110367
      ],
      [
       -122.3388315,
       47.6111192
      ]
     ]
    ]
   },
   "properties": {
    "name": null,
    "id": null,
    "levels": null,
    "kind": "retail",
    "inside": false,
    "area_m2": null,
    "osm": "way/44130355"
   }
  },
  {
   "type": "Feature",
   "geometry": {
    "type": "Polygon",
    "coordinates": [
     [
      [
       -122.3412319,
       47.6112653
      ],
      [
       -122.3415228,
       47.6110426
      ],
      [
       -122.3414661,
       47.611009
      ],
      [
       -122.3414174,
       47.61098
      ],
      [
       -122.3412547,
       47.6108835
      ],
      [
       -122.341156,
       47.6108249
      ],
      [
       -122.3411448,
       47.6108336
      ],
      [
       -122.3409343,
       47.6109948
      ],
      [
       -122.3408652,
       47.6110477
      ],
      [
       -122.3409015,
       47.6110692
      ],
      [
       -122.341197,
       47.6112446
      ],
      [
       -122.3412319,
       47.6112653
      ]
     ]
    ]
   },
   "properties": {
    "name": "Viktoria",
    "id": null,
    "levels": null,
    "kind": "apartments",
    "inside": false,
    "area_m2": null,
    "osm": "way/68665991"
   }
  },
  {
   "type": "Feature",
   "geometry": {
    "type": "Polygon",
    "coordinates": [
     [
      [
       -122.340039,
       47.6107495
      ],
      [
       -122.3397629,
       47.6104418
      ],
      [
       -122.3397271,
       47.6104564
      ],
      [
       -122.3396394,
       47.6104922
      ],
      [
       -122.3394169,
       47.610583
      ],
      [
       -122.3393815,
       47.6105974
      ],
      [
       -122.3394486,
       47.6106723
      ],
      [
       -122.3396576,
       47.6109051
      ],
      [
       -122.3397836,
       47.6108537
      ],
      [
       -122.339895,
       47.6108082
      ],
      [
       -122.3400323,
       47.6107522
      ],
      [
       -122.340039,
       47.6107495
      ]
     ]
    ]
   },
   "properties": {
    "name": "Helios",
    "id": null,
    "levels": null,
    "kind": "apartments",
    "inside": false,
    "area_m2": null,
    "osm": "way/94026095"
   }
  },
  {
   "type": "Feature",
   "geometry": {
    "type": "Polygon",
    "coordinates": [
     [
      [
       -122.3399283,
       47.6073732
      ],
      [
       -122.3395774,
       47.6069695
      ],
      [
       -122.3396872,
       47.6069261
      ],
      [
       -122.3397108,
       47.6069168
      ],
      [
       -122.3400617,
       47.6073205
      ],
      [
       -122.3400497,
       47.6073252
      ],
      [
       -122.3399283,
       47.6073732
      ]
     ]
    ]
   },
   "properties": {
    "name": null,
    "id": null,
    "levels": null,
    "kind": "yes",
    "inside": false,
    "area_m2": null,
    "osm": "way/140628794"
   }
  },
  {
   "type": "Feature",
   "geometry": {
    "type": "Polygon",
    "coordinates": [
     [
      [
       -122.3379917,
       47.6091703
      ],
      [
       -122.3382439,
       47.6094423
      ],
      [
       -122.3378587,
       47.6096029
      ],
      [
       -122.3376112,
       47.6093313
      ],
      [
       -122.3379917,
       47.6091703
      ]
     ]
    ]
   },
   "properties": {
    "name": "Kress Building",
    "id": null,
    "levels": null,
    "kind": "retail",
    "inside": false,
    "area_m2": null,
    "osm": "way/140628856"
   }
  },
  {
   "type": "Feature",
   "geometry": {
    "type": "Polygon",
    "coordinates": [
     [
      [
       -122.3404695,
       47.6067766
      ],
      [
       -122.3407289,
       47.6070591
      ],
      [
       -122.3404215,
       47.6071882
      ],
      [
       -122.3404481,
       47.6072159
      ],
      [
       -122.3403015,
       47.6072729
      ],
      [
       -122.3400196,
       47.6069656
      ],
      [
       -122.3404695,
       47.6067766
      ]
     ]
    ]
   },
   "properties": {
    "name": "Public Storage",
    "id": null,
    "levels": null,
    "kind": "yes",
    "inside": false,
    "area_m2": null,
    "osm": "way/140628857"
   }
  },
  {
   "type": "Feature",
   "geometry": {
    "type": "Polygon",
    "coordinates": [
     [
      [
       -122.3414621,
       47.6053167
      ],
      [
       -122.3410805,
       47.6053077
      ],
      [
       -122.3407859,
       47.6053045
      ],
      [
       -122.3401308,
       47.6052973
      ],
      [
       -122.340081,
       47.6052962
      ],
      [
       -122.3403467,
       47.6055837
      ],
      [
       -122.341741,
       47.6055907
      ],
      [
       -122.3416898,
       47.6055404
      ],
      [
       -122.3415343,
       47.6053877
      ],
      [
       -122.3414982,
       47.6053522
      ],
      [
       -122.3414621,
       47.6053167
      ]
     ]
    ]
   },
   "properties": {
    "name": "Pier 56",
    "id": null,
    "levels": null,
    "kind": "yes",
    "inside": false,
    "area_m2": null,
    "osm": "way/166910697"
   }
  },
  {
   "type": "Feature",
   "geometry": {
    "type": "Polygon",
    "coordinates": [
     [
      [
       -122.3409176,
       47.6062172
      ],
      [
       -122.3408139,
       47.6061032
      ],
      [
       -122.3407739,
       47.6060592
      ],
      [
       -122.340679,
       47.6059548
      ],
      [
       -122.3406634,
       47.6059377
      ],
      [
       -122.3406081,
       47.6058837
      ],
      [
       -122.3406328,
       47.6058737
      ],
      [
       -122.3409361,
       47.6058749
      ],
      [
       -122.3409364,
       47.6059067
      ],
      [
       -122.34134,
       47.6059099
      ],
      [
       -122.341341,
       47.6059438
      ],
      [
       -122.3414236,
       47.6059442
      ],
      [
       -122.3414738,
       47.6059444
      ],
      [
       -122.3417337,
       47.6059454
      ],
      [
       -122.3417338,
       47.6059399
      ],
      [
       -122.341803,
       47.6059402
      ],
      [
       -122.3418842,
       47.605941
      ],
      [
       -122.341966,
       47.6059409
      ],
      [
       -122.3419711,
       47.6059409
      ],
      [
       -122.3420158,
       47.6059411
      ],
      [
       -122.3420496,
       47.6059412
      ],
      [
       -122.34206,
       47.6059409
      ],
      [
       -122.3421495,
       47.6059416
      ],
      [
       -122.3422095,
       47.6059418
      ],
      [
       -122.3422971,
       47.6059422
      ],
      [
       -122.3422963,
       47.6060287
      ],
      [
       -122.3423088,
       47.606043
      ],
      [
       -122.3423106,
       47.6061374
      ],
      [
       -122.3422953,
       47.6061472
      ],
      [
       -122.3422947,
       47.6062138
      ],
      [
       -122.3423547,
       47.6062141
      ],
      [
       -122.3423543,
       47.6062578
      ],
      [
       -122.3422756,
       47.6062574
      ],
      [
       -122.342276,
       47.6062227
      ],
      [
       -122.3422085,
       47.6062224
      ],
      [
       -122.3421445,
       47.6062216
      ],
      [
       -122.342143,
       47.6062215
      ],
      [
       -122.3420565,
       47.6062213
      ],
      [
       -122.3419732,
       47.6062211
      ],
      [
       -122.3418193,
       47.6062207
      ],
      [
       -122.3417618,
       47.6062205
      ],
      [
       -122.3417373,
       47.6062204
      ],
      [
       -122.3415927,
       47.60622
      ],
      [
       -122.3414115,
       47.6062195
      ],
      [
       -122.3413397,
       47.6062193
      ],
      [
       -122.3411963,
       47.6062189
      ],
      [
       -122.3411829,
       47.6062189
      ],
      [
       -122.3410873,
       47.6062186
      ],
      [
       -122.3409926,
       47.6062175
      ],
      [
       -122.3409176,
       47.6062172
      ]
     ]
    ]
   },
   "properties": {
    "name": "Pier 57 - Miner's Landing",
    "id": null,
    "levels": null,
    "kind": "retail",
    "inside": false,
    "area_m2": null,
    "osm": "way/166910699"
   }
  },
  {
   "type": "Feature",
   "geometry": {
    "type": "Polygon",
    "coordinates": [
     [
      [
       -122.3382742,
       47.6071704
      ],
      [
       -122.3382722,
       47.6071791
      ],
      [
       -122.338274,
       47.6071879
      ],
      [
       -122.3382795,
       47.607196
      ],
      [
       -122.3382882,
       47.6072027
      ],
      [
       -122.3382995,
       47.6072073
      ],
      [
       -122.3383122,
       47.6072096
      ],
      [
       -122.3383254,
       47.6072093
      ],
      [
       -122.3383951,
       47.6072849
      ],
      [
       -122.3384208,
       47.6073134
      ],
      [
       -122.3387028,
       47.6076267
      ],
      [
       -122.3387269,
       47.6076169
      ],
      [
       -122.3388778,
       47.6077844
      ],
      [
       -122.3388641,
       47.60779
      ],
      [
       -122.3388295,
       47.6078042
      ],
      [
       -122.3388573,
       47.6078351
      ],
      [
       -122.3388421,
       47.6078413
      ],
      [
       -122.3386344,
       47.6079263
      ],
      [
       -122.3386142,
       47.6079346
      ],
      [
       -122.3386214,
       47.6079426
      ],
      [
       -122.3384979,
       47.6079932
      ],
      [
       -122.3384923,
       47.6079955
      ],
      [
       -122.3384849,
       47.6079874
      ],
      [
       -122.3384679,
       47.6079943
      ],
      [
       -122.3384803,
       47.6080082
      ],
      [
       -122.3380858,
       47.6081697
      ],
      [
       -122.3378384,
       47.6078948
      ],
      [
       -122.3375936,
       47.6076229
      ],
      [
       -122.3374649,
       47.6074799
      ],
      [
       -122.3374939,
       47.6074681
      ],
      [
       -122.3374601,
       47.6074305
      ],
      [
       -122.3374114,
       47.6073764
      ],
      [
       -122.3378761,
       47.6071828
      ],
      [
       -122.3378797,
       47.6071866
      ],
      [
       -122.3380044,
       47.6071442
      ],
      [
       -122.3380499,
       47.6071353
      ],
      [
       -122.338097,
       47.6071316
      ],
      [
       -122.3381444,
       47.6071335
      ],
      [
       -122.3381906,
       47.6071407
      ],
      [
       -122.3382342,
       47.6071531
      ],
      [
       -122.3382742,
       47.6071704
      ]
     ]
    ]
   },
   "properties": {
    "name": "JPMorganChase Center",
    "id": null,
    "levels": null,
    "kind": "yes",
    "inside": false,
    "area_m2": null,
    "osm": "way/166911086"
   }
  },
  {
   "type": "Feature",
   "geometry": {
    "type": "Polygon",
    "coordinates": [
     [
      [
       -122.3382691,
       47.6100358
      ],
      [
       -122.3380207,
       47.6097647
      ],
      [
       -122.3383902,
       47.6096109
      ],
      [
       -122.3384929,
       47.609723
      ],
      [
       -122.3382986,
       47.6098039
      ],
      [
       -122.3383512,
       47.6098612
      ],
      [
       -122.3385446,
       47.6097807
      ],
      [
       -122.3386377,
       47.6098823
      ],
      [
       -122.3382691,
       47.6100358
      ]
     ]
    ]
   },
   "properties": {
    "name": "Melbourne Tower",
    "id": null,
    "levels": null,
    "kind": "office",
    "inside": false,
    "area_m2": null,
    "osm": "way/173339734"
   }
  },
  {
   "type": "Feature",
   "geometry": {
    "type": "Polygon",
    "coordinates": [
     [
      [
       -122.3390745,
       47.609704
      ],
      [
       -122.3387056,
       47.6098554
      ],
      [
       -122.3384612,
       47.6095848
      ],
      [
       -122.3388301,
       47.6094334
      ],
      [
       -122.3390745,
       47.609704
      ]
     ]
    ]
   },
   "properties": {
    "name": "West Edge Garage",
    "id": null,
    "levels": null,
    "kind": "parking",
    "inside": false,
    "area_m2": null,
    "osm": "way/173339778"
   }
  },
  {
   "type": "Feature",
   "geometry": {
    "type": "Polygon",
    "coordinates": [
     [
      [
       -122.3379496,
       47.6089929
      ],
      [
       -122.337918,
       47.6090061
      ],
      [
       -122.337537,
       47.6085898
      ],
      [
       -122.3379081,
       47.6084358
      ],
      [
       -122.3382901,
       47.6088497
      ],
      [
       -122.3382555,
       47.6088643
      ],
      [
       -122.3379496,
       47.6089929
      ]
     ]
    ]
   },
   "properties": {
    "name": "Sorreano Parking Garage",
    "id": null,
    "levels": null,
    "kind": "yes",
    "inside": false,
    "area_m2": null,
    "osm": "way/173341060"
   }
  },
  {
   "type": "Feature",
   "geometry": {
    "type": "Polygon",
    "coordinates": [
     [
      [
       -122.3445074,
       47.6120337
      ],
      [
       -122.3443118,
       47.6119182
      ],
      [
       -122.3445093,
       47.6117661
      ],
      [
       -122.3447049,
       47.6118816
      ],
      [
       -122.3446698,
       47.6119086
      ],
      [
       -122.3445074,
       47.6120337
      ]
     ]
    ]
   },
   "properties": {
    "name": "Schillestad Building",
    "id": null,
    "levels": null,
    "kind": "apartments",
    "inside": false,
    "area_m2": null,
    "osm": "way/184797695"
   }
  },
  {
   "type": "Feature",
   "geometry": {
    "type": "Polygon",
    "coordinates": [
     [
      [
       -122.3443118,
       47.6119182
      ],
      [
       -122.3441255,
       47.6118083
      ],
      [
       -122.3444217,
       47.6115802
      ],
      [
       -122.3446079,
       47.6116901
      ],
      [
       -122.3445093,
       47.6117661
      ],
      [
       -122.3443118,
       47.6119182
      ]
     ]
    ]
   },
   "properties": {
    "name": "Guiry Building",
    "id": null,
    "levels": null,
    "kind": "apartments",
    "inside": false,
    "area_m2": null,
    "osm": "way/184798620"
   }
  },
  {
   "type": "Feature",
   "geometry": {
    "type": "Polygon",
    "coordinates": [
     [
      [
       -122.3427721,
       47.6090332
      ],
      [
       -122.3425811,
       47.6091138
      ],
      [
       -122.3423741,
       47.609201
      ],
      [
       -122.3422511,
       47.6090683
      ],
      [
       -122.3421597,
       47.6091068
      ],
      [
       -122.3421499,
       47.6090963
      ],
      [
       -122.3421276,
       47.6090722
      ],
      [
       -122.3421082,
       47.6090513
      ],
      [
       -122.3421519,
       47.6090328
      ],
      [
       -122.342199,
       47.609013
      ],
      [
       -122.342166,
       47.6089775
      ],
      [
       -122.3421336,
       47.6089911
      ],
      [
       -122.3421266,
       47.6089836
      ],
      [
       -122.3419429,
       47.609061
      ],
      [
       -122.3417556,
       47.608859
      ],
      [
       -122.3416807,
       47.6087786
      ],
      [
       -122.3416219,
       47.6087158
      ],
      [
       -122.3421912,
       47.6084763
      ],
      [
       -122.3422119,
       47.6084972
      ],
      [
       -122.3422181,
       47.6084945
      ],
      [
       -122.3422607,
       47.6084759
      ],
      [
       -122.3422678,
       47.6084836
      ],
      [
       -122.342274,
       47.6084904
      ],
      [
       -122.3422866,
       47.608504
      ],
      [
       -122.3427721,
       47.6090332
      ]
     ]
    ]
   },
   "properties": {
    "name": "Pike Place Market Parking",
    "id": "pike-place-market-parking",
    "levels": null,
    "kind": "parking",
    "inside": true,
    "area_m2": 3592.4,
    "osm": "way/184870422"
   }
  },
  {
   "type": "Feature",
   "geometry": {
    "type": "Polygon",
    "coordinates": [
     [
      [
       -122.3408415,
       47.6072174
      ],
      [
       -122.3409055,
       47.607287
      ],
      [
       -122.3409695,
       47.6073567
      ],
      [
       -122.3410923,
       47.6074903
      ],
      [
       -122.3410732,
       47.6074982
      ],
      [
       -122.340927,
       47.6075593
      ],
      [
       -122.3406572,
       47.607672
      ],
      [
       -122.3404729,
       47.6074715
      ],
      [
       -122.3404065,
       47.6073992
      ],
      [
       -122.3408415,
       47.6072174
      ]
     ]
    ]
   },
   "properties": {
    "name": null,
    "id": null,
    "levels": null,
    "kind": "industrial",
    "inside": false,
    "area_m2": null,
    "osm": "way/184870423"
   }
  },
  {
   "type": "Feature",
   "geometry": {
    "type": "Polygon",
    "coordinates": [
     [
      [
       -122.3432801,
       47.6099177
      ],
      [
       -122.3433157,
       47.6098909
      ],
      [
       -122.3434018,
       47.6098262
      ],
      [
       -122.3435504,
       47.6097145
      ],
      [
       -122.3434953,
       47.609675
      ],
      [
       -122.3431273,
       47.6094109
      ],
      [
       -122.3429413,
       47.609278
      ],
      [
       -122.3428206,
       47.6091522
      ],
      [
       -122.3428417,
       47.6091432
      ],
      [
       -122.3428627,
       47.6091341
      ],
      [
       -122.3428192,
       47.6090857
      ],
      [
       -122.3427895,
       47.6090526
      ],
      [
       -122.3427819,
       47.6090441
      ],
      [
       -122.342588,
       47.6091254
      ],
      [
       -122.3424677,
       47.6091753
      ],
      [
       -122.3421856,
       47.6092923
      ],
      [
       -122.3425112,
       47.6094784
      ],
      [
       -122.3425596,
       47.609506
      ],
      [
       -122.3425722,
       47.6095132
      ],
      [
       -122.3426211,
       47.6095411
      ],
      [
       -122.3427221,
       47.6095989
      ],
      [
       -122.3427826,
       47.6096334
      ],
      [
       -122.3428062,
       47.6096469
      ],
      [
       -122.3431201,
       47.6098273
      ],
      [
       -122.3431895,
       47.6098673
      ],
      [
       -122.343249,
       47.6099004
      ],
      [
       -122.3432801,
       47.6099177
      ]
     ]
    ]
   },
   "properties": {
    "name": "MarketFront",
    "id": "marketfront",
    "levels": 1,
    "kind": "retail",
    "inside": true,
    "area_m2": 3778.7,
    "osm": "way/184870424"
   }
  },
  {
   "type": "Feature",
   "geometry": {
    "type": "Polygon",
    "coordinates": [
     [
      [
       -122.340876,
       47.6113776
      ],
      [
       -122.3407712,
       47.6114585
      ],
      [
       -122.3406918,
       47.6114117
      ],
      [
       -122.3406669,
       47.6114309
      ],
      [
       -122.3405096,
       47.6115524
      ],
      [
       -122.3403365,
       47.6114504
      ],
      [
       -122.3401456,
       47.6113381
      ],
      [
       -122.3404325,
       47.6111166
      ],
      [
       -122.340876,
       47.6113776
      ]
     ]
    ]
   },
   "properties": {
    "name": "Josephinum",
    "id": null,
    "levels": null,
    "kind": "apartments",
    "inside": false,
    "area_m2": null,
    "osm": "way/189283343"
   }
  },
  {
   "type": "Feature",
   "geometry": {
    "type": "Polygon",
    "coordinates": [
     [
      [
       -122.340876,
       47.6113776
      ],
      [
       -122.3415311,
       47.6117649
      ],
      [
       -122.341243,
       47.6119867
      ],
      [
       -122.3408834,
       47.6117743
      ],
      [
       -122.3408813,
       47.6117759
      ],
      [
       -122.340752,
       47.6116995
      ],
      [
       -122.3409513,
       47.6115461
      ],
      [
       -122.3409033,
       47.6115177
      ],
      [
       -122.3407036,
       47.6116714
      ],
      [
       -122.3405853,
       47.6116015
      ],
      [
       -122.3407712,
       47.6114585
      ],
      [
       -122.340876,
       47.6113776
      ]
     ]
    ]
   },
   "properties": {
    "name": "Moore Building",
    "id": null,
    "levels": null,
    "kind": "yes",
    "inside": false,
    "area_m2": null,
    "osm": "way/189283346"
   }
  },
  {
   "type": "Feature",
   "geometry": {
    "type": "Polygon",
    "coordinates": [
     [
      [
       -122.3395143,
       47.6064079
      ],
      [
       -122.3395969,
       47.6065016
      ],
      [
       -122.3397522,
       47.6066776
      ],
      [
       -122.3397542,
       47.6066798
      ],
      [
       -122.3398821,
       47.6066285
      ],
      [
       -122.340244,
       47.6064833
      ],
      [
       -122.3402267,
       47.6064637
      ],
      [
       -122.3400868,
       47.6063051
      ],
      [
       -122.3400041,
       47.6062114
      ],
      [
       -122.3397197,
       47.6063255
      ],
      [
       -122.3395143,
       47.6064079
      ]
     ]
    ]
   },
   "properties": {
    "name": "Cyrene",
    "id": null,
    "levels": null,
    "kind": "apartments",
    "inside": false,
    "area_m2": null,
    "osm": "way/189460316"
   }
  },
  {
   "type": "Feature",
   "geometry": {
    "type": "Polygon",
    "coordinates": [
     [
      [
       -122.3408579,
       47.6089711
      ],
      [
       -122.3404902,
       47.6091244
      ],
      [
       -122.3403005,
       47.6089056
      ],
      [
       -122.3404195,
       47.6088542
      ],
      [
       -122.3405644,
       47.6087916
      ],
      [
       -122.3408579,
       47.6089711
      ]
     ]
    ]
   },
   "properties": {
    "name": "Corner Market",
    "id": "corner-market",
    "levels": 3,
    "kind": "yes",
    "inside": true,
    "area_m2": 793.4,
    "osm": "way/206858876"
   }
  },
  {
   "type": "Feature",
   "geometry": {
    "type": "Polygon",
    "coordinates": [
     [
      [
       -122.3407445,
       47.6094025
      ],
      [
       -122.3404902,
       47.6091244
      ],
      [
       -122.3408579,
       47.6089711
      ],
      [
       -122.3409094,
       47.6090093
      ],
      [
       -122.3409864,
       47.6090872
      ],
      [
       -122.3411363,
       47.6092389
      ],
      [
       -122.3410894,
       47.6092588
      ],
      [
       -122.3410767,
       47.6092642
      ],
      [
       -122.3407445,
       47.6094025
      ]
     ]
    ]
   },
   "properties": {
    "name": "Sanitary Public Market",
    "id": "sanitary-public-market",
    "levels": 3,
    "kind": "yes",
    "inside": true,
    "area_m2": 1229.7,
    "osm": "way/206858888"
   }
  },
  {
   "type": "Feature",
   "geometry": {
    "type": "Polygon",
    "coordinates": [
     [
      [
       -122.3429202,
       47.6106931
      ],
      [
       -122.3426406,
       47.6109093
      ],
      [
       -122.3426371,
       47.61092
      ],
      [
       -122.3426308,
       47.6109234
      ],
      [
       -122.3426241,
       47.6109251
      ],
      [
       -122.3426153,
       47.6109245
      ],
      [
       -122.3426093,
       47.6109222
      ],
      [
       -122.3426059,
       47.6109156
      ],
      [
       -122.3426056,
       47.6109076
      ],
      [
       -122.3424494,
       47.6108171
      ],
      [
       -122.3427443,
       47.6105887
      ],
      [
       -122.3429202,
       47.6106931
      ]
     ]
    ]
   },
   "properties": {
    "name": "Landes Block",
    "id": "landes-block",
    "levels": 5,
    "kind": "yes",
    "inside": true,
    "area_m2": 591.6,
    "osm": "way/206877616"
   }
  },
  {
   "type": "Feature",
   "geometry": {
    "type": "Polygon",
    "coordinates": [
     [
      [
       -122.3441995,
       47.6114741
      ],
      [
       -122.344101,
       47.6115509
      ],
      [
       -122.3439238,
       47.611689
      ],
      [
       -122.3434367,
       47.6114051
      ],
      [
       -122.3434824,
       47.6113695
      ],
      [
       -122.3434112,
       47.611328
      ],
      [
       -122.3435295,
       47.6112357
      ],
      [
       -122.3434956,
       47.6112159
      ],
      [
       -122.3436355,
       47.6111069
      ],
      [
       -122.3437009,
       47.611145
      ],
      [
       -122.3442098,
       47.6114417
      ],
      [
       -122.3441816,
       47.6114636
      ],
      [
       -122.3441995,
       47.6114741
      ]
     ]
    ]
   },
   "properties": {
    "name": "Market Place Tower",
    "id": null,
    "levels": null,
    "kind": "apartments",
    "inside": false,
    "area_m2": null,
    "osm": "way/206880345"
   }
  },
  {
   "type": "Feature",
   "geometry": {
    "type": "Polygon",
    "coordinates": [
     [
      [
       -122.3416359,
       47.6106485
      ],
      [
       -122.341313,
       47.6104588
      ],
      [
       -122.3410633,
       47.6106519
      ],
      [
       -122.3410206,
       47.6106849
      ],
      [
       -122.3412016,
       47.6107913
      ],
      [
       -122.3413925,
       47.6106436
      ],
      [
       -122.3415344,
       47.610727
      ],
      [
       -122.3416359,
       47.6106485
      ]
     ]
    ]
   },
   "properties": {
    "name": "Thompson Seattle",
    "id": null,
    "levels": null,
    "kind": "hotel",
    "inside": false,
    "area_m2": null,
    "osm": "way/206883222"
   }
  },
  {
   "type": "Feature",
   "geometry": {
    "type": "Polygon",
    "coordinates": [
     [
      [
       -122.3424024,
       47.6110936
      ],
      [
       -122.3421088,
       47.611322
      ],
      [
       -122.341836,
       47.6111626
      ],
      [
       -122.3421296,
       47.6109342
      ],
      [
       -122.3424024,
       47.6110936
      ]
     ]
    ]
   },
   "properties": {
    "name": "Terminal Sales Building",
    "id": null,
    "levels": null,
    "kind": "yes",
    "inside": false,
    "area_m2": null,
    "osm": "way/206883226"
   }
  },
  {
   "type": "Feature",
   "geometry": {
    "type": "Polygon",
    "coordinates": [
     [
      [
       -122.3390798,
       47.6126602
      ],
      [
       -122.3387884,
       47.6128875
      ],
      [
       -122.338442,
       47.6126761
      ],
      [
       -122.3387252,
       47.6124548
      ],
      [
       -122.3390798,
       47.6126602
      ]
     ]
    ]
   },
   "properties": {
    "name": "Centennial Building",
    "id": null,
    "levels": null,
    "kind": "office",
    "inside": false,
    "area_m2": null,
    "osm": "way/221357249"
   }
  },
  {
   "type": "Feature",
   "geometry": {
    "type": "Polygon",
    "coordinates": [
     [
      [
       -122.3462304,
       47.612958
      ],
      [
       -122.3461552,
       47.6129246
      ],
      [
       -122.3460862,
       47.6128844
      ],
      [
       -122.3461005,
       47.6128732
      ],
      [
       -122.34597,
       47.6127972
      ],
      [
       -122.3459577,
       47.6128068
      ],
      [
       -122.3458904,
       47.6127676
      ],
      [
       -122.3458562,
       47.6127443
      ],
      [
       -122.346084,
       47.6125695
      ],
      [
       -122.346452,
       47.6127864
      ],
      [
       -122.3462304,
       47.612958
      ]
     ]
    ]
   },
   "properties": {
    "name": "Bell Tower",
    "id": null,
    "levels": null,
    "kind": "apartments",
    "inside": false,
    "area_m2": null,
    "osm": "way/223926973"
   }
  },
  {
   "type": "Feature",
   "geometry": {
    "type": "Polygon",
    "coordinates": [
     [
      [
       -122.3461508,
       47.6125433
      ],
      [
       -122.3457888,
       47.6123296
      ],
      [
       -122.3461088,
       47.6120832
      ],
      [
       -122.3464708,
       47.6122969
      ],
      [
       -122.3461508,
       47.6125433
      ]
     ]
    ]
   },
   "properties": {
    "name": "Union Stables",
    "id": null,
    "levels": null,
    "kind": "yes",
    "inside": false,
    "area_m2": null,
    "osm": "way/223926985"
   }
  },
  {
   "type": "Feature",
   "geometry": {
    "type": "Polygon",
    "coordinates": [
     [
      [
       -122.3449967,
       47.613031
      ],
      [
       -122.3449132,
       47.6129832
      ],
      [
       -122.3452106,
       47.6127542
      ],
      [
       -122.3453009,
       47.612808
      ],
      [
       -122.3451755,
       47.6129067
      ],
      [
       -122.3451568,
       47.6129069
      ],
      [
       -122.3449967,
       47.613031
      ]
     ]
    ]
   },
   "properties": {
    "name": null,
    "id": null,
    "levels": null,
    "kind": "yes",
    "inside": false,
    "area_m2": null,
    "osm": "way/223926987"
   }
  },
  {
   "type": "Feature",
   "geometry": {
    "type": "Polygon",
    "coordinates": [
     [
      [
       -122.3469449,
       47.6111393
      ],
      [
       -122.3466506,
       47.6109882
      ],
      [
       -122.3465588,
       47.6109344
      ],
      [
       -122.3465608,
       47.610932
      ],
      [
       -122.3462999,
       47.6107814
      ],
      [
       -122.3463014,
       47.6107788
      ],
      [
       -122.3461364,
       47.6106842
      ],
      [
       -122.3461384,
       47.6106821
      ],
      [
       -122.345976,
       47.610587
      ],
      [
       -122.3459903,
       47.6105758
      ],
      [
       -122.3459161,
       47.6105335
      ],
      [
       -122.3459501,
       47.6105
      ],
      [
       -122.3458826,
       47.6104613
      ],
      [
       -122.3461363,
       47.6102618
      ],
      [
       -122.3461466,
       47.6102684
      ],
      [
       -122.3461694,
       47.610267
      ],
      [
       -122.3461619,
       47.610253
      ],
      [
       -122.3462691,
       47.6102443
      ],
      [
       -122.3462705,
       47.6102566
      ],
      [
       -122.3462821,
       47.6102559
      ],
      [
       -122.346285,
       47.6102513
      ],
      [
       -122.3467832,
       47.6105465
      ],
      [
       -122.3467908,
       47.610546
      ],
      [
       -122.3469239,
       47.6106256
      ],
      [
       -122.3467939,
       47.6107209
      ],
      [
       -122.3469198,
       47.6107922
      ],
      [
       -122.3469653,
       47.6107588
      ],
      [
       -122.3469789,
       47.6107518
      ],
      [
       -122.3470002,
       47.6107464
      ],
      [
       -122.3470179,
       47.6107456
      ],
      [
       -122.3470306,
       47.610747
      ],
      [
       -122.3470508,
       47.6107528
      ],
      [
       -122.3470979,
       47.6107758
      ],
      [
       -122.3471364,
       47.6107475
      ],
      [
       -122.3472857,
       47.6108386
      ],
      [
       -122.3473034,
       47.6108494
      ],
      [
       -122.3472439,
       47.6109121
      ],
      [
       -122.3472481,
       47.6109151
      ],
      [
       -122.3472377,
       47.6109233
      ],
      [
       -122.3472289,
       47.610919
      ],
      [
       -122.3469449,
       47.6111393
      ]
     ]
    ]
   },
   "properties": {
    "name": "Seattle Marriott Waterfront",
    "id": null,
    "levels": null,
    "kind": "yes",
    "inside": false,
    "area_m2": null,
    "osm": "way/223927903"
   }
  },
  {
   "type": "Feature",
   "geometry": {
    "type": "Polygon",
    "coordinates": [
     [
      [
       -122.3457384,
       47.6113268
      ],
      [
       -122.3451916,
       47.6109979
      ],
      [
       -122.3452907,
       47.6109211
      ],
      [
       -122.345532,
       47.6110615
      ],
      [
       -122.345599,
       47.6111004
      ],
      [
       -122.3457449,
       47.6111853
      ],
      [
       -122.3457947,
       47.611225
      ],
      [
       -122.3458422,
       47.6112726
      ],
      [
       -122.3459052,
       47.6113638
      ],
      [
       -122.3458603,
       47.6113531
      ],
      [
       -122.3457384,
       47.6113268
      ]
     ]
    ]
   },
   "properties": {
    "name": null,
    "id": null,
    "levels": null,
    "kind": "yes",
    "inside": false,
    "area_m2": null,
    "osm": "way/223927909"
   }
  },
  {
   "type": "Feature",
   "geometry": {
    "type": "Polygon",
    "coordinates": [
     [
      [
       -122.3437668,
       47.6120907
      ],
      [
       -122.3438838,
       47.6119995
      ],
      [
       -122.3439222,
       47.6119974
      ],
      [
       -122.3442673,
       47.6122035
      ],
      [
       -122.3441302,
       47.6123067
      ],
      [
       -122.3437668,
       47.6120907
      ]
     ]
    ]
   },
   "properties": {
    "name": null,
    "id": null,
    "levels": null,
    "kind": "retail",
    "inside": false,
    "area_m2": null,
    "osm": "way/223927910"
   }
  },
  {
   "type": "Feature",
   "geometry": {
    "type": "Polygon",
    "coordinates": [
     [
      [
       -122.3461791,
       47.6116267
      ],
      [
       -122.3462389,
       47.6116972
      ],
      [
       -122.3460835,
       47.6118162
      ],
      [
       -122.3460042,
       47.6117691
      ],
      [
       -122.3459702,
       47.6117489
      ],
      [
       -122.3459658,
       47.6117523
      ],
      [
       -122.3458057,
       47.6116578
      ],
      [
       -122.3457987,
       47.6116632
      ],
      [
       -122.3456771,
       47.6115919
      ],
      [
       -122.3456877,
       47.6115837
      ],
      [
       -122.3455238,
       47.6114818
      ],
      [
       -122.345537,
       47.6114745
      ],
      [
       -122.3461791,
       47.6116267
      ]
     ]
    ]
   },
   "properties": {
    "name": null,
    "id": null,
    "levels": null,
    "kind": "yes",
    "inside": false,
    "area_m2": null,
    "osm": "way/223927914"
   }
  },
  {
   "type": "Feature",
   "geometry": {
    "type": "Polygon",
    "coordinates": [
     [
      [
       -122.3444945,
       47.6130234
      ],
      [
       -122.3443741,
       47.6131166
      ],
      [
       -122.3441921,
       47.6130098
      ],
      [
       -122.3442624,
       47.6129554
      ],
      [
       -122.3442385,
       47.6129413
      ],
      [
       -122.3443352,
       47.6128665
      ],
      [
       -122.3444667,
       47.6129437
      ],
      [
       -122.3444201,
       47.6129797
      ],
      [
       -122.3444945,
       47.6130234
      ]
     ]
    ]
   },
   "properties": {
    "name": null,
    "id": null,
    "levels": null,
    "kind": "yes",
    "inside": false,
    "area_m2": null,
    "osm": "way/223927916"
   }
  },
  {
   "type": "Feature",
   "geometry": {
    "type": "Polygon",
    "coordinates": [
     [
      [
       -122.3451485,
       47.6120456
      ],
      [
       -122.3451696,
       47.6120293
      ],
      [
       -122.3455186,
       47.6122352
      ],
      [
       -122.3455065,
       47.6122445
      ],
      [
       -122.3455217,
       47.6122535
      ],
      [
       -122.3452592,
       47.6124557
      ],
      [
       -122.3452504,
       47.6124505
      ],
      [
       -122.345243,
       47.6124561
      ],
      [
       -122.3452325,
       47.6124499
      ],
      [
       -122.3452249,
       47.6124557
      ],
      [
       -122.3451955,
       47.6124383
      ],
      [
       -122.3452025,
       47.612433
      ],
      [
       -122.3451199,
       47.6123841
      ],
      [
       -122.3450023,
       47.6123149
      ],
      [
       -122.3448871,
       47.6122471
      ],
      [
       -122.3451348,
       47.6120559
      ],
      [
       -122.3451485,
       47.6120456
      ]
     ]
    ]
   },
   "properties": {
    "name": "Continental Place",
    "id": null,
    "levels": null,
    "kind": "apartments",
    "inside": false,
    "area_m2": null,
    "osm": "way/223927921"
   }
  },
  {
   "type": "Feature",
   "geometry": {
    "type": "Polygon",
    "coordinates": [
     [
      [
       -122.3448196,
       47.6125279
      ],
      [
       -122.344996,
       47.6126334
      ],
      [
       -122.3448467,
       47.6127472
      ],
      [
       -122.3446698,
       47.6126412
      ],
      [
       -122.3448196,
       47.6125279
      ]
     ]
    ]
   },
   "properties": {
    "name": null,
    "id": null,
    "levels": null,
    "kind": "yes",
    "inside": false,
    "area_m2": null,
    "osm": "way/223927925"
   }
  },
  {
   "type": "Feature",
   "geometry": {
    "type": "Polygon",
    "coordinates": [
     [
      [
       -122.3451361,
       47.6110343
      ],
      [
       -122.3455196,
       47.6112545
      ],
      [
       -122.34553,
       47.6112473
      ],
      [
       -122.345547,
       47.6112571
      ],
      [
       -122.345572,
       47.6112624
      ],
      [
       -122.345559,
       47.6112858
      ],
      [
       -122.3449809,
       47.6111535
      ],
      [
       -122.3451361,
       47.6110343
      ]
     ]
    ]
   },
   "properties": {
    "name": null,
    "id": null,
    "levels": null,
    "kind": "yes",
    "inside": false,
    "area_m2": null,
    "osm": "way/223927930"
   }
  },
  {
   "type": "Feature",
   "geometry": {
    "type": "Polygon",
    "coordinates": [
     [
      [
       -122.3448482,
       47.6117621
      ],
      [
       -122.3447242,
       47.6116881
      ],
      [
       -122.344827,
       47.6116099
      ],
      [
       -122.3449233,
       47.6115366
      ],
      [
       -122.345041,
       47.611447
      ],
      [
       -122.345165,
       47.6115211
      ],
      [
       -122.3448482,
       47.6117621
      ]
     ]
    ]
   },
   "properties": {
    "name": null,
    "id": null,
    "levels": null,
    "kind": "commercial",
    "inside": false,
    "area_m2": null,
    "osm": "way/223927932"
   }
  },
  {
   "type": "Feature",
   "geometry": {
    "type": "Polygon",
    "coordinates": [
     [
      [
       -122.3444602,
       47.6115483
      ],
      [
       -122.3447902,
       47.6112972
      ],
      [
       -122.345041,
       47.611447
      ],
      [
       -122.3449233,
       47.6115366
      ],
      [
       -122.3448979,
       47.6115214
      ],
      [
       -122.3448016,
       47.6115947
      ],
      [
       -122.344827,
       47.6116099
      ],
      [
       -122.3447242,
       47.6116881
      ],
      [
       -122.344711,
       47.6116981
      ],
      [
       -122.3444602,
       47.6115483
      ]
     ]
    ]
   },
   "properties": {
    "name": "Ventana at the Market",
    "id": null,
    "levels": null,
    "kind": "apartments",
    "inside": false,
    "area_m2": null,
    "osm": "way/223927935"
   }
  },
  {
   "type": "Feature",
   "geometry": {
    "type": "Polygon",
    "coordinates": [
     [
      [
       -122.3414199,
       47.6128763
      ],
      [
       -122.3419706,
       47.6131998
      ],
      [
       -122.3416838,
       47.6134217
      ],
      [
       -122.3411331,
       47.6130981
      ],
      [
       -122.3414199,
       47.6128763
      ]
     ]
    ]
   },
   "properties": {
    "name": "YWCA Opportunity Place",
    "id": null,
    "levels": null,
    "kind": "yes",
    "inside": false,
    "area_m2": null,
    "osm": "way/223928482"
   }
  },
  {
   "type": "Feature",
   "geometry": {
    "type": "Polygon",
    "coordinates": [
     [
      [
       -122.3414118,
       47.6121475
      ],
      [
       -122.3417818,
       47.6123633
      ],
      [
       -122.3414915,
       47.612585
      ],
      [
       -122.3411288,
       47.6123674
      ],
      [
       -122.3414118,
       47.6121475
      ]
     ]
    ]
   },
   "properties": {
    "name": null,
    "id": null,
    "levels": null,
    "kind": "yes",
    "inside": false,
    "area_m2": null,
    "osm": "way/223928486"
   }
  },
  {
   "type": "Feature",
   "geometry": {
    "type": "Polygon",
    "coordinates": [
     [
      [
       -122.3423076,
       47.6122198
      ],
      [
       -122.3428317,
       47.6125285
      ],
      [
       -122.3425412,
       47.6127527
      ],
      [
       -122.342017,
       47.6124441
      ],
      [
       -122.3423076,
       47.6122198
      ]
     ]
    ]
   },
   "properties": {
    "name": "Marq 221",
    "id": null,
    "levels": null,
    "kind": "apartments",
    "inside": false,
    "area_m2": null,
    "osm": "way/223928488"
   }
  },
  {
   "type": "Feature",
   "geometry": {
    "type": "Polygon",
    "coordinates": [
     [
      [
       -122.340619,
       47.6132459
      ],
      [
       -122.3402567,
       47.613032
      ],
      [
       -122.3405457,
       47.6128068
      ],
      [
       -122.3407251,
       47.6129145
      ],
      [
       -122.3409084,
       47.6130224
      ],
      [
       -122.340619,
       47.6132459
      ]
     ]
    ]
   },
   "properties": {
    "name": null,
    "id": null,
    "levels": null,
    "kind": "yes",
    "inside": false,
    "area_m2": null,
    "osm": "way/223928492"
   }
  },
  {
   "type": "Feature",
   "geometry": {
    "type": "Polygon",
    "coordinates": [
     [
      [
       -122.3390228,
       47.613081
      ],
      [
       -122.3387349,
       47.6133035
      ],
      [
       -122.3385984,
       47.6132232
      ],
      [
       -122.3384602,
       47.6131419
      ],
      [
       -122.338748,
       47.6129195
      ],
      [
       -122.3390228,
       47.613081
      ]
     ]
    ]
   },
   "properties": {
    "name": null,
    "id": null,
    "levels": null,
    "kind": "yes",
    "inside": false,
    "area_m2": null,
    "osm": "way/223929016"
   }
  },
  {
   "type": "Feature",
   "geometry": {
    "type": "Polygon",
    "coordinates": [
     [
      [
       -122.3401004,
       47.611372
      ],
      [
       -122.3404704,
       47.6115913
      ],
      [
       -122.3401825,
       47.611812
      ],
      [
       -122.3401782,
       47.6118153
      ],
      [
       -122.3401127,
       47.6117764
      ],
      [
       -122.3401176,
       47.6117727
      ],
      [
       -122.3398808,
       47.6116323
      ],
      [
       -122.3398772,
       47.611635
      ],
      [
       -122.3398096,
       47.6115949
      ],
      [
       -122.3401004,
       47.611372
      ]
     ]
    ]
   },
   "properties": {
    "name": null,
    "id": null,
    "levels": null,
    "kind": "commercial",
    "inside": false,
    "area_m2": null,
    "osm": "way/223929020"
   }
  },
  {
   "type": "Feature",
   "geometry": {
    "type": "Polygon",
    "coordinates": [
     [
      [
       -122.3397551,
       47.6118799
      ],
      [
       -122.3399081,
       47.6119739
      ],
      [
       -122.3392837,
       47.6124578
      ],
      [
       -122.3391266,
       47.6123665
      ],
      [
       -122.3389601,
       47.6122652
      ],
      [
       -122.3395868,
       47.6117799
      ],
      [
       -122.3397551,
       47.6118799
      ]
     ]
    ]
   },
   "properties": {
    "name": "Securities Building",
    "id": null,
    "levels": null,
    "kind": "commercial",
    "inside": false,
    "area_m2": null,
    "osm": "way/223929036"
   }
  },
  {
   "type": "Feature",
   "geometry": {
    "type": "Polygon",
    "coordinates": [
     [
      [
       -122.3384456,
       47.6123304
      ],
      [
       -122.3384516,
       47.6123347
      ],
      [
       -122.3384586,
       47.6123355
      ],
      [
       -122.3384866,
       47.6123544
      ],
      [
       -122.3384886,
       47.6123652
      ],
      [
       -122.3384946,
       47.6123674
      ],
      [
       -122.3379191,
       47.6128118
      ],
      [
       -122.3379094,
       47.6128139
      ],
      [
       -122.3378983,
       47.6128122
      ],
      [
       -122.3376642,
       47.6126707
      ],
      [
       -122.3376659,
       47.6126556
      ],
      [
       -122.3384456,
       47.6123304
      ]
     ]
    ]
   },
   "properties": {
    "name": "Times Square Building",
    "id": null,
    "levels": null,
    "kind": "yes",
    "inside": false,
    "area_m2": null,
    "osm": "way/223937026"
   }
  },
  {
   "type": "Feature",
   "geometry": {
    "type": "Polygon",
    "coordinates": [
     [
      [
       -122.3441035,
       47.6105527
      ],
      [
       -122.3444155,
       47.6103073
      ],
      [
       -122.3444339,
       47.6103179
      ],
      [
       -122.3446774,
       47.6104586
      ],
      [
       -122.3446908,
       47.6104481
      ],
      [
       -122.3447812,
       47.6105027
      ],
      [
       -122.3447638,
       47.6105137
      ],
      [
       -122.3447669,
       47.6105139
      ],
      [
       -122.3447852,
       47.6105245
      ],
      [
       -122.3447025,
       47.6105892
      ],
      [
       -122.3446811,
       47.6105768
      ],
      [
       -122.3446055,
       47.610636
      ],
      [
       -122.3445204,
       47.6105868
      ],
      [
       -122.3443689,
       47.610706
      ],
      [
       -122.3441035,
       47.6105527
      ]
     ]
    ]
   },
   "properties": {
    "name": "Market Place Two",
    "id": "market-place-two",
    "levels": 5,
    "kind": "yes",
    "inside": true,
    "area_m2": 1130.4,
    "osm": "way/231355696"
   }
  },
  {
   "type": "Feature",
   "geometry": {
    "type": "Polygon",
    "coordinates": [
     [
      [
       -122.3436295,
       47.6106101
      ],
      [
       -122.3441225,
       47.6109002
      ],
      [
       -122.3440848,
       47.6109295
      ],
      [
       -122.3440637,
       47.6109171
      ],
      [
       -122.3439978,
       47.6109685
      ],
      [
       -122.3435543,
       47.610708
      ],
      [
       -122.3436217,
       47.6106558
      ],
      [
       -122.3435929,
       47.6106387
      ],
      [
       -122.3436295,
       47.6106101
      ]
     ]
    ]
   },
   "properties": {
    "name": null,
    "id": null,
    "levels": null,
    "kind": "yes",
    "inside": false,
    "area_m2": null,
    "osm": "way/231355697"
   }
  },
  {
   "type": "Feature",
   "geometry": {
    "type": "Polygon",
    "coordinates": [
     [
      [
       -122.343043,
       47.6118785
      ],
      [
       -122.3433312,
       47.6116517
      ],
      [
       -122.3435181,
       47.6117597
      ],
      [
       -122.3436954,
       47.6118619
      ],
      [
       -122.3434072,
       47.6120888
      ],
      [
       -122.343043,
       47.6118785
      ]
     ]
    ]
   },
   "properties": {
    "name": null,
    "id": null,
    "levels": null,
    "kind": "yes",
    "inside": false,
    "area_m2": null,
    "osm": "way/231355698"
   }
  },
  {
   "type": "Feature",
   "geometry": {
    "type": "Polygon",
    "coordinates": [
     [
      [
       -122.3427801,
       47.611714
      ],
      [
       -122.3423153,
       47.6114431
      ],
      [
       -122.3426056,
       47.6112167
      ],
      [
       -122.3430704,
       47.6114876
      ],
      [
       -122.3427801,
       47.611714
      ]
     ]
    ]
   },
   "properties": {
    "name": "One Pacific Tower",
    "id": null,
    "levels": null,
    "kind": "yes",
    "inside": false,
    "area_m2": null,
    "osm": "way/231355699"
   }
  },
  {
   "type": "Feature",
   "geometry": {
    "type": "Polygon",
    "coordinates": [
     [
      [
       -122.3430138,
       47.6123136
      ],
      [
       -122.342635,
       47.6120895
      ],
      [
       -122.3425203,
       47.6120216
      ],
      [
       -122.342808,
       47.6118006
      ],
      [
       -122.3428666,
       47.6118352
      ],
      [
       -122.3433578,
       47.6121258
      ],
      [
       -122.3431235,
       47.6123057
      ],
      [
       -122.3430783,
       47.612279
      ],
      [
       -122.3430715,
       47.6122842
      ],
      [
       -122.3430605,
       47.6122777
      ],
      [
       -122.3430138,
       47.6123136
      ]
     ]
    ]
   },
   "properties": {
    "name": "Cristalla",
    "id": null,
    "levels": null,
    "kind": "apartments",
    "inside": false,
    "area_m2": null,
    "osm": "way/231355700"
   }
  },
  {
   "type": "Feature",
   "geometry": {
    "type": "Polygon",
    "coordinates": [
     [
      [
       -122.3446964,
       47.6110082
      ],
      [
       -122.3445397,
       47.6109155
      ],
      [
       -122.3447694,
       47.6107409
      ],
      [
       -122.3447848,
       47.6107289
      ],
      [
       -122.3448506,
       47.6106773
      ],
      [
       -122.344869,
       47.6106629
      ],
      [
       -122.3449289,
       47.6106161
      ],
      [
       -122.3449491,
       47.6106003
      ],
      [
       -122.3451258,
       47.6107056
      ],
      [
       -122.3451079,
       47.6107193
      ],
      [
       -122.3451923,
       47.6107692
      ],
      [
       -122.3451268,
       47.6108195
      ],
      [
       -122.3451093,
       47.6108329
      ],
      [
       -122.3450456,
       47.6108819
      ],
      [
       -122.3450003,
       47.6109167
      ],
      [
       -122.3448007,
       47.61107
      ],
      [
       -122.3446964,
       47.6110082
      ]
     ]
    ]
   },
   "properties": {
    "name": "Market Place One",
    "id": null,
    "levels": null,
    "kind": "yes",
    "inside": false,
    "area_m2": null,
    "osm": "way/231355701"
   }
  },
  {
   "type": "Feature",
   "geometry": {
    "type": "Polygon",
    "coordinates": [
     [
      [
       -122.3437238,
       47.6110272
      ],
      [
       -122.34367,
       47.6109963
      ],
      [
       -122.343662,
       47.6110026
      ],
      [
       -122.3436049,
       47.6109698
      ],
      [
       -122.3436001,
       47.6109737
      ],
      [
       -122.3434325,
       47.6108775
      ],
      [
       -122.3433632,
       47.6109325
      ],
      [
       -122.3435302,
       47.6110284
      ],
      [
       -122.3435131,
       47.6110419
      ],
      [
       -122.3435254,
       47.6110489
      ],
      [
       -122.3434845,
       47.6110813
      ],
      [
       -122.3434709,
       47.6110735
      ],
      [
       -122.343423,
       47.6111115
      ],
      [
       -122.3432567,
       47.611016
      ],
      [
       -122.34329,
       47.6109897
      ],
      [
       -122.3432349,
       47.6109582
      ],
      [
       -122.3433053,
       47.6109024
      ],
      [
       -122.343311,
       47.6109057
      ],
      [
       -122.3433498,
       47.610875
      ],
      [
       -122.3433441,
       47.6108717
      ],
      [
       -122.3434896,
       47.6107566
      ],
      [
       -122.3435272,
       47.6107782
      ],
      [
       -122.3435204,
       47.6107835
      ],
      [
       -122.3435392,
       47.6107943
      ],
      [
       -122.3435509,
       47.610785
      ],
      [
       -122.343608,
       47.6108178
      ],
      [
       -122.3435879,
       47.6108337
      ],
      [
       -122.3436421,
       47.6108648
      ],
      [
       -122.3436601,
       47.6108505
      ],
      [
       -122.3436726,
       47.6108576
      ],
      [
       -122.3436555,
       47.6108712
      ],
      [
       -122.3436994,
       47.6108964
      ],
      [
       -122.3437111,
       47.6108871
      ],
      [
       -122.3437668,
       47.6109191
      ],
      [
       -122.3437767,
       47.6109113
      ],
      [
       -122.3438308,
       47.6109424
      ],
      [
       -122.3437238,
       47.6110272
      ]
     ]
    ]
   },
   "properties": {
    "name": null,
    "id": null,
    "levels": null,
    "kind": "residential",
    "inside": false,
    "area_m2": null,
    "osm": "way/231355702"
   }
  },
  {
   "type": "Feature",
   "geometry": {
    "type": "Polygon",
    "coordinates": [
     [
      [
       -122.3429748,
       47.6109258
      ],
      [
       -122.343056,
       47.6108623
      ],
      [
       -122.3430768,
       47.6108611
      ],
      [
       -122.3430872,
       47.6108528
      ],
      [
       -122.3430763,
       47.6108466
      ],
      [
       -122.3431135,
       47.6108177
      ],
      [
       -122.3431449,
       47.6108161
      ],
      [
       -122.3431825,
       47.6108384
      ],
      [
       -122.3432356,
       47.610797
      ],
      [
       -122.3431964,
       47.6107737
      ],
      [
       -122.3431972,
       47.610751
      ],
      [
       -122.3432096,
       47.6107413
      ],
      [
       -122.3432284,
       47.6107414
      ],
      [
       -122.3432378,
       47.6107341
      ],
      [
       -122.3432354,
       47.6107207
      ],
      [
       -122.3432572,
       47.6107038
      ],
      [
       -122.3432775,
       47.6107039
      ],
      [
       -122.3432879,
       47.6106974
      ],
      [
       -122.3432845,
       47.610685
      ],
      [
       -122.3433435,
       47.6106393
      ],
      [
       -122.3433559,
       47.6106466
      ],
      [
       -122.3433688,
       47.6106365
      ],
      [
       -122.3433678,
       47.6106219
      ],
      [
       -122.343464,
       47.610546
      ],
      [
       -122.3435064,
       47.610542
      ],
      [
       -122.3435998,
       47.6105969
      ],
      [
       -122.343572,
       47.6106184
      ],
      [
       -122.3435627,
       47.6106127
      ],
      [
       -122.3434998,
       47.6106616
      ],
      [
       -122.3435111,
       47.6106683
      ],
      [
       -122.3433233,
       47.6108144
      ],
      [
       -122.343315,
       47.6108093
      ],
      [
       -122.3432416,
       47.6108661
      ],
      [
       -122.3432499,
       47.6108707
      ],
      [
       -122.3431438,
       47.6109529
      ],
      [
       -122.3431618,
       47.6109632
      ],
      [
       -122.3431088,
       47.6110042
      ],
      [
       -122.3429748,
       47.6109258
      ]
     ]
    ]
   },
   "properties": {
    "name": null,
    "id": null,
    "levels": null,
    "kind": "yes",
    "inside": false,
    "area_m2": null,
    "osm": "way/231355703"
   }
  },
  {
   "type": "Feature",
   "geometry": {
    "type": "Polygon",
    "coordinates": [
     [
      [
       -122.3442098,
       47.6114417
      ],
      [
       -122.3437009,
       47.611145
      ],
      [
       -122.343742,
       47.6111129
      ],
      [
       -122.3437823,
       47.6111364
      ],
      [
       -122.3438065,
       47.6111176
      ],
      [
       -122.343826,
       47.6111289
      ],
      [
       -122.3438299,
       47.6111259
      ],
      [
       -122.3438446,
       47.6111344
      ],
      [
       -122.3438604,
       47.6111221
      ],
      [
       -122.343884,
       47.6111358
      ],
      [
       -122.3439123,
       47.6111137
      ],
      [
       -122.3440908,
       47.6112178
      ],
      [
       -122.3440611,
       47.611241
      ],
      [
       -122.3440547,
       47.6112372
      ],
      [
       -122.3439745,
       47.6112998
      ],
      [
       -122.3439964,
       47.6113126
      ],
      [
       -122.3440363,
       47.6112814
      ],
      [
       -122.344055,
       47.6112924
      ],
      [
       -122.3441188,
       47.6112427
      ],
      [
       -122.3441261,
       47.6112469
      ],
      [
       -122.3441455,
       47.6112318
      ],
      [
       -122.3441364,
       47.6112265
      ],
      [
       -122.3441673,
       47.6112024
      ],
      [
       -122.3440744,
       47.6111482
      ],
      [
       -122.3440665,
       47.6111544
      ],
      [
       -122.3440408,
       47.6111394
      ],
      [
       -122.3440486,
       47.6111333
      ],
      [
       -122.3439792,
       47.6110928
      ],
      [
       -122.3440187,
       47.611062
      ],
      [
       -122.3440514,
       47.6110811
      ],
      [
       -122.3440727,
       47.6110644
      ],
      [
       -122.3440549,
       47.611054
      ],
      [
       -122.3440944,
       47.6110233
      ],
      [
       -122.3440875,
       47.6110193
      ],
      [
       -122.3441204,
       47.6109936
      ],
      [
       -122.3441283,
       47.6109982
      ],
      [
       -122.3441695,
       47.610966
      ],
      [
       -122.3442114,
       47.6109904
      ],
      [
       -122.3442319,
       47.6109744
      ],
      [
       -122.3442671,
       47.6109949
      ],
      [
       -122.3442709,
       47.610992
      ],
      [
       -122.3444805,
       47.6111142
      ],
      [
       -122.3444758,
       47.6111178
      ],
      [
       -122.3445111,
       47.6111384
      ],
      [
       -122.3445163,
       47.6111344
      ],
      [
       -122.3445627,
       47.6111614
      ],
      [
       -122.3445338,
       47.6111839
      ],
      [
       -122.3445689,
       47.6112045
      ],
      [
       -122.3445304,
       47.6112345
      ],
      [
       -122.3445206,
       47.6112288
      ],
      [
       -122.3444832,
       47.611258
      ],
      [
       -122.3444877,
       47.6112606
      ],
      [
       -122.3442785,
       47.6114237
      ],
      [
       -122.3442726,
       47.6114203
      ],
      [
       -122.34423,
       47.6114535
      ],
      [
       -122.3442098,
       47.6114417
      ]
     ]
    ]
   },
   "properties": {
    "name": "Market Court Condominium",
    "id": null,
    "levels": null,
    "kind": "apartments",
    "inside": false,
    "area_m2": null,
    "osm": "way/231355705"
   }
  },
  {
   "type": "Feature",
   "geometry": {
    "type": "Polygon",
    "coordinates": [
     [
      [
       -122.3428573,
       47.609964
      ],
      [
       -122.3423286,
       47.6096517
      ],
      [
       -122.3418286,
       47.6093563
      ],
      [
       -122.3416272,
       47.6092373
      ],
      [
       -122.3416577,
       47.6092189
      ],
      [
       -122.3417133,
       47.6091854
      ],
      [
       -122.3417382,
       47.60917
      ],
      [
       -122.3417458,
       47.6091658
      ],
      [
       -122.3418022,
       47.6092221
      ],
      [
       -122.341898,
       47.6092801
      ],
      [
       -122.3421153,
       47.609409
      ],
      [
       -122.342229,
       47.6094764
      ],
      [
       -122.3423613,
       47.6095549
      ],
      [
       -122.3423797,
       47.6095501
      ],
      [
       -122.3424346,
       47.6095366
      ],
      [
       -122.3425369,
       47.6095114
      ],
      [
       -122.3425596,
       47.609506
      ],
      [
       -122.3425722,
       47.6095132
      ],
      [
       -122.3426211,
       47.6095411
      ],
      [
       -122.3427221,
       47.6095989
      ],
      [
       -122.3427826,
       47.6096334
      ],
      [
       -122.3427565,
       47.6096405
      ],
      [
       -122.342655,
       47.6096686
      ],
      [
       -122.3426035,
       47.6096828
      ],
      [
       -122.3425849,
       47.6096879
      ],
      [
       -122.3427617,
       47.6097895
      ],
      [
       -122.3427606,
       47.6097968
      ],
      [
       -122.3427573,
       47.6098201
      ],
      [
       -122.3429168,
       47.6099197
      ],
      [
       -122.3429072,
       47.6099263
      ],
      [
       -122.342885,
       47.6099428
      ],
      [
       -122.3428573,
       47.609964
      ]
     ]
    ]
   },
   "properties": {
    "name": "North Arcade",
    "id": "north-arcade",
    "levels": 2,
    "kind": "retail",
    "inside": true,
    "area_m2": 1460.3,
    "osm": "way/231357659"
   }
  },
  {
   "type": "Feature",
   "geometry": {
    "type": "Polygon",
    "coordinates": [
     [
      [
       -122.3407114,
       47.6086474
      ],
      [
       -122.3406682,
       47.6086238
      ],
      [
       -122.3406466,
       47.608611
      ],
      [
       -122.3406851,
       47.6085961
      ],
      [
       -122.3406006,
       47.6085042
      ],
      [
       -122.3407148,
       47.6084597
      ],
      [
       -122.340724,
       47.6084562
      ],
      [
       -122.3408131,
       47.6084217
      ],
      [
       -122.3408618,
       47.6084772
      ],
      [
       -122.3408807,
       47.6084691
      ],
      [
       -122.3410411,
       47.608403
      ],
      [
       -122.3410649,
       47.6083932
      ],
      [
       -122.3411044,
       47.6084357
      ],
      [
       -122.3411328,
       47.6084659
      ],
      [
       -122.3411359,
       47.6084696
      ],
      [
       -122.3411244,
       47.6084741
      ],
      [
       -122.3411112,
       47.6084796
      ],
      [
       -122.3408046,
       47.6086083
      ],
      [
       -122.3407114,
       47.6086474
      ]
     ]
    ]
   },
   "properties": {
    "name": "Main Arcade",
    "id": null,
    "levels": null,
    "kind": "retail",
    "inside": true,
    "area_m2": null,
    "osm": "way/231357660"
   }
  },
  {
   "type": "Feature",
   "geometry": {
    "type": "Polygon",
    "coordinates": [
     [
      [
       -122.3434029,
       47.6102288
      ],
      [
       -122.3434185,
       47.6102303
      ],
      [
       -122.3434763,
       47.6102647
      ],
      [
       -122.3434807,
       47.6102771
      ],
      [
       -122.3434724,
       47.6102871
      ],
      [
       -122.3434594,
       47.610291
      ],
      [
       -122.3434456,
       47.6102895
      ],
      [
       -122.3433908,
       47.6102567
      ],
      [
       -122.343384,
       47.610249
      ],
      [
       -122.3433847,
       47.6102392
      ],
      [
       -122.3433913,
       47.6102326
      ],
      [
       -122.3434029,
       47.6102288
      ]
     ]
    ]
   },
   "properties": {
    "name": null,
    "id": null,
    "levels": null,
    "kind": "roof",
    "inside": true,
    "area_m2": null,
    "osm": "way/231357661"
   }
  },
  {
   "type": "Feature",
   "geometry": {
    "type": "Polygon",
    "coordinates": [
     [
      [
       -122.3418577,
       47.610005
      ],
      [
       -122.341942,
       47.6099398
      ],
      [
       -122.3419582,
       47.6099493
      ],
      [
       -122.3419543,
       47.6099523
      ],
      [
       -122.3423135,
       47.6101631
      ],
      [
       -122.3422332,
       47.6102253
      ],
      [
       -122.3418577,
       47.610005
      ]
     ]
    ]
   },
   "properties": {
    "name": null,
    "id": null,
    "levels": null,
    "kind": "apartments",
    "inside": true,
    "area_m2": null,
    "osm": "way/231357663"
   }
  },
  {
   "type": "Feature",
   "geometry": {
    "type": "Polygon",
    "coordinates": [
     [
      [
       -122.341868,
       47.6083632
      ],
      [
       -122.3419868,
       47.6084973
      ],
      [
       -122.3418357,
       47.6085591
      ],
      [
       -122.341757,
       47.6084715
      ],
      [
       -122.341655,
       47.6085132
      ],
      [
       -122.341739,
       47.6086067
      ],
      [
       -122.3415784,
       47.6086723
      ],
      [
       -122.3415331,
       47.6086219
      ],
      [
       -122.3414513,
       47.6085345
      ],
      [
       -122.341868,
       47.6083632
      ]
     ]
    ]
   },
   "properties": {
    "name": "Fix Building",
    "id": "fix-building",
    "levels": null,
    "kind": "yes",
    "inside": true,
    "area_m2": 539.4,
    "osm": "way/231359020"
   }
  },
  {
   "type": "Feature",
   "geometry": {
    "type": "Polygon",
    "coordinates": [
     [
      [
       -122.3416441,
       47.6087103
      ],
      [
       -122.3421372,
       47.6085083
      ],
      [
       -122.3421529,
       47.6085263
      ],
      [
       -122.3421604,
       47.6085348
      ],
      [
       -122.3416685,
       47.6087357
      ],
      [
       -122.3416563,
       47.608723
      ],
      [
       -122.3416441,
       47.6087103
      ]
     ]
    ]
   },
   "properties": {
    "name": null,
    "id": null,
    "levels": null,
    "kind": "roof",
    "inside": true,
    "area_m2": null,
    "osm": "way/231359025"
   }
  },
  {
   "type": "Feature",
   "geometry": {
    "type": "Polygon",
    "coordinates": [
     [
      [
       -122.3422429,
       47.6091258
      ],
      [
       -122.3422942,
       47.6091827
      ],
      [
       -122.3421171,
       47.6092459
      ],
      [
       -122.3420608,
       47.6092099
      ],
      [
       -122.3420097,
       47.6091618
      ],
      [
       -122.3420647,
       47.6091503
      ],
      [
       -122.3421253,
       47.6091717
      ],
      [
       -122.3422429,
       47.6091258
      ]
     ]
    ]
   },
   "properties": {
    "name": "Market Heritage Center",
    "id": "market-heritage-center",
    "levels": null,
    "kind": "yes",
    "inside": true,
    "area_m2": 137.8,
    "osm": "way/231359028"
   }
  },
  {
   "type": "Feature",
   "geometry": {
    "type": "Polygon",
    "coordinates": [
     [
      [
       -122.3415458,
       47.6114492
      ],
      [
       -122.3418322,
       47.6112217
      ],
      [
       -122.3419652,
       47.6112983
      ],
      [
       -122.3417031,
       47.6115064
      ],
      [
       -122.3416788,
       47.6115258
      ],
      [
       -122.3416464,
       47.6115071
      ],
      [
       -122.3415458,
       47.6114492
      ]
     ]
    ]
   },
   "properties": {
    "name": null,
    "id": null,
    "levels": null,
    "kind": "yes",
    "inside": false,
    "area_m2": null,
    "osm": "way/231359960"
   }
  },
  {
   "type": "Feature",
   "geometry": {
    "type": "Polygon",
    "coordinates": [
     [
      [
       -122.3409676,
       47.6107131
      ],
      [
       -122.341156,
       47.6108249
      ],
      [
       -122.3411448,
       47.6108336
      ],
      [
       -122.3409343,
       47.6109948
      ],
      [
       -122.3408652,
       47.6110477
      ],
      [
       -122.3406768,
       47.6109359
      ],
      [
       -122.3407779,
       47.6108584
      ],
      [
       -122.3408714,
       47.6107868
      ],
      [
       -122.3409676,
       47.6107131
      ]
     ]
    ]
   },
   "properties": {
    "name": "Plymouth on Stewart",
    "id": null,
    "levels": null,
    "kind": "apartments",
    "inside": false,
    "area_m2": null,
    "osm": "way/231359962"
   }
  },
  {
   "type": "Feature",
   "geometry": {
    "type": "Polygon",
    "coordinates": [
     [
      [
       -122.3417475,
       47.6111109
      ],
      [
       -122.3415628,
       47.611003
      ],
      [
       -122.3418563,
       47.6107746
      ],
      [
       -122.342041,
       47.6108825
      ],
      [
       -122.3417475,
       47.6111109
      ]
     ]
    ]
   },
   "properties": {
    "name": "Kasa The Oxford Seattle",
    "id": null,
    "levels": null,
    "kind": "apartments",
    "inside": false,
    "area_m2": null,
    "osm": "way/231359965"
   }
  },
  {
   "type": "Feature",
   "geometry": {
    "type": "Polygon",
    "coordinates": [
     [
      [
       -122.3415905,
       47.6096518
      ],
      [
       -122.3417296,
       47.6095921
      ],
      [
       -122.3417511,
       47.6095828
      ],
      [
       -122.3418297,
       47.6095491
      ],
      [
       -122.3419913,
       47.6096452
      ],
      [
       -122.341966,
       47.6096654
      ],
      [
       -122.3418668,
       47.6097444
      ],
      [
       -122.3417586,
       47.6098306
      ],
      [
       -122.3417392,
       47.6098099
      ],
      [
       -122.3415905,
       47.6096518
      ]
     ]
    ]
   },
   "properties": {
    "name": "Garden Center Building",
    "id": "garden-center-building",
    "levels": null,
    "kind": "yes",
    "inside": true,
    "area_m2": 468.3,
    "osm": "way/231360587"
   }
  },
  {
   "type": "Feature",
   "geometry": {
    "type": "Polygon",
    "coordinates": [
     [
      [
       -122.3406285,
       47.6102907
      ],
      [
       -122.3408872,
       47.6101821
      ],
      [
       -122.3409883,
       47.6101385
      ],
      [
       -122.3410256,
       47.6101483
      ],
      [
       -122.3411095,
       47.6102432
      ],
      [
       -122.3411051,
       47.6102684
      ],
      [
       -122.3410245,
       47.6103359
      ],
      [
       -122.3410181,
       47.6103616
      ],
      [
       -122.3409714,
       47.6103954
      ],
      [
       -122.3409711,
       47.61042
      ],
      [
       -122.3408815,
       47.6104927
      ],
      [
       -122.3408089,
       47.6104883
      ],
      [
       -122.3406285,
       47.6102907
      ]
     ]
    ]
   },
   "properties": {
    "name": "First & Stewart Building",
    "id": null,
    "levels": null,
    "kind": "yes",
    "inside": false,
    "area_m2": null,
    "osm": "way/231360589"
   }
  },
  {
   "type": "Feature",
   "geometry": {
    "type": "Polygon",
    "coordinates": [
     [
      [
       -122.3385985,
       47.6081567
      ],
      [
       -122.3387822,
       47.6083575
      ],
      [
       -122.3387516,
       47.6083704
      ],
      [
       -122.3389432,
       47.6085793
      ],
      [
       -122.3389757,
       47.6085656
      ],
      [
       -122.3393431,
       47.6089669
      ],
      [
       -122.3393046,
       47.608983
      ],
      [
       -122.3393114,
       47.6089904
      ],
      [
       -122.3389846,
       47.6091356
      ],
      [
       -122.3382294,
       47.6083112
      ],
      [
       -122.3385078,
       47.6081947
      ],
      [
       -122.3385985,
       47.6081567
      ]
     ]
    ]
   },
   "properties": {
    "name": "Newmark Tower",
    "id": null,
    "levels": null,
    "kind": "apartments",
    "inside": false,
    "area_m2": null,
    "osm": "way/231361925"
   }
  },
  {
   "type": "Feature",
   "geometry": {
    "type": "Polygon",
    "coordinates": [
     [
      [
       -122.3392991,
       47.6082504
      ],
      [
       -122.338918,
       47.6084099
      ],
      [
       -122.3386707,
       47.6081411
      ],
      [
       -122.3386599,
       47.6081457
      ],
      [
       -122.3386513,
       47.6081363
      ],
      [
       -122.3386406,
       47.6081247
      ],
      [
       -122.3390448,
       47.6079556
      ],
      [
       -122.3393114,
       47.6082453
      ],
      [
       -122.3392991,
       47.6082504
      ]
     ]
    ]
   },
   "properties": {
    "name": "Harold Poll Building",
    "id": null,
    "levels": null,
    "kind": "apartments",
    "inside": false,
    "area_m2": null,
    "osm": "way/231361927"
   }
  },
  {
   "type": "Feature",
   "geometry": {
    "type": "Polygon",
    "coordinates": [
     [
      [
       -122.3410732,
       47.6074982
      ],
      [
       -122.3410909,
       47.6075176
      ],
      [
       -122.3411373,
       47.6074982
      ],
      [
       -122.3412449,
       47.6076153
      ],
      [
       -122.3412391,
       47.6076177
      ],
      [
       -122.3412425,
       47.6076214
      ],
      [
       -122.340786,
       47.6078122
      ],
      [
       -122.3406572,
       47.607672
      ],
      [
       -122.340927,
       47.6075593
      ],
      [
       -122.3410732,
       47.6074982
      ]
     ]
    ]
   },
   "properties": {
    "name": null,
    "id": null,
    "levels": null,
    "kind": "yes",
    "inside": false,
    "area_m2": null,
    "osm": "way/231361929"
   }
  },
  {
   "type": "Feature",
   "geometry": {
    "type": "Polygon",
    "coordinates": [
     [
      [
       -122.340401,
       47.6078146
      ],
      [
       -122.3404737,
       47.6078947
      ],
      [
       -122.3405122,
       47.6078788
      ],
      [
       -122.3405626,
       47.6079344
      ],
      [
       -122.3405532,
       47.6079382
      ],
      [
       -122.3405672,
       47.6079536
      ],
      [
       -122.3405784,
       47.607949
      ],
      [
       -122.3406284,
       47.6080041
      ],
      [
       -122.3405393,
       47.6080409
      ],
      [
       -122.3405456,
       47.6080478
      ],
      [
       -122.3404711,
       47.6080786
      ],
      [
       -122.3404764,
       47.6080845
      ],
      [
       -122.3404012,
       47.6081156
      ],
      [
       -122.3404076,
       47.6081227
      ],
      [
       -122.3403336,
       47.6081533
      ],
      [
       -122.340339,
       47.6081592
      ],
      [
       -122.3402628,
       47.6081906
      ],
      [
       -122.3401908,
       47.6081112
      ],
      [
       -122.3402437,
       47.6080894
      ],
      [
       -122.3402112,
       47.6080537
      ],
      [
       -122.3401573,
       47.6080759
      ],
      [
       -122.340103,
       47.608016
      ],
      [
       -122.3401793,
       47.6079845
      ],
      [
       -122.3401849,
       47.6079907
      ],
      [
       -122.340257,
       47.607961
      ],
      [
       -122.3402649,
       47.6079697
      ],
      [
       -122.3403368,
       47.60794
      ],
      [
       -122.3403437,
       47.6079476
      ],
      [
       -122.3404039,
       47.6079228
      ],
      [
       -122.3403317,
       47.6078432
      ],
      [
       -122.340401,
       47.6078146
      ]
     ]
    ]
   },
   "properties": {
    "name": "Ross Manor",
    "id": null,
    "levels": null,
    "kind": "yes",
    "inside": false,
    "area_m2": null,
    "osm": "way/231361931"
   }
  },
  {
   "type": "Feature",
   "geometry": {
    "type": "Polygon",
    "coordinates": [
     [
      [
       -122.3393049,
       47.6088358
      ],
      [
       -122.3395676,
       47.6087277
      ],
      [
       -122.3395546,
       47.6087133
      ],
      [
       -122.3396812,
       47.6086612
      ],
      [
       -122.3398036,
       47.6087965
      ],
      [
       -122.3394143,
       47.6089567
      ],
      [
       -122.3393049,
       47.6088358
      ]
     ]
    ]
   },
   "properties": {
    "name": "Hahn Building",
    "id": null,
    "levels": null,
    "kind": "hotel",
    "inside": false,
    "area_m2": null,
    "osm": "way/231361932"
   }
  },
  {
   "type": "Feature",
   "geometry": {
    "type": "Polygon",
    "coordinates": [
     [
      [
       -122.3399472,
       47.608965
      ],
      [
       -122.3400731,
       47.6091058
      ],
      [
       -122.3396893,
       47.6092644
      ],
      [
       -122.3395601,
       47.6091249
      ],
      [
       -122.3399472,
       47.608965
      ]
     ]
    ]
   },
   "properties": {
    "name": "Broderick Building",
    "id": null,
    "levels": null,
    "kind": "yes",
    "inside": false,
    "area_m2": null,
    "osm": "way/231361933"
   }
  },
  {
   "type": "Feature",
   "geometry": {
    "type": "Polygon",
    "coordinates": [
     [
      [
       -122.3400729,
       47.609769
      ],
      [
       -122.3402509,
       47.6099646
      ],
      [
       -122.3398713,
       47.6101216
      ],
      [
       -122.3396933,
       47.609926
      ],
      [
       -122.3397019,
       47.6099225
      ],
      [
       -122.3400729,
       47.609769
      ]
     ]
    ]
   },
   "properties": {
    "name": "Doyle Building",
    "id": null,
    "levels": null,
    "kind": "apartments",
    "inside": false,
    "area_m2": null,
    "osm": "way/231361934"
   }
  },
  {
   "type": "Feature",
   "geometry": {
    "type": "Polygon",
    "coordinates": [
     [
      [
       -122.3400667,
       47.6096784
      ],
      [
       -122.3402291,
       47.6096132
      ],
      [
       -122.3403955,
       47.6097945
      ],
      [
       -122.3404611,
       47.6097675
      ],
      [
       -122.3402952,
       47.6095853
      ],
      [
       -122.3404414,
       47.6095246
      ],
      [
       -122.3404514,
       47.6095203
      ],
      [
       -122.3406901,
       47.6097817
      ],
      [
       -122.3403105,
       47.6099404
      ],
      [
       -122.3400667,
       47.6096784
      ]
     ]
    ]
   },
   "properties": {
    "name": "Palihotel",
    "id": null,
    "levels": null,
    "kind": "hotel",
    "inside": false,
    "area_m2": null,
    "osm": "way/231361935"
   }
  },
  {
   "type": "Feature",
   "geometry": {
    "type": "Polygon",
    "coordinates": [
     [
      [
       -122.3399062,
       47.6077973
      ],
      [
       -122.340027,
       47.6077468
      ],
      [
       -122.3400604,
       47.6077831
      ],
      [
       -122.3401996,
       47.6077249
      ],
      [
       -122.3401673,
       47.6076898
      ],
      [
       -122.340305,
       47.6076322
      ],
      [
       -122.3403527,
       47.6076841
      ],
      [
       -122.3403465,
       47.6076867
      ],
      [
       -122.3403794,
       47.6077224
      ],
      [
       -122.3403821,
       47.6077213
      ],
      [
       -122.3404296,
       47.6077729
      ],
      [
       -122.3403326,
       47.6078134
      ],
      [
       -122.3403217,
       47.6078016
      ],
      [
       -122.3401422,
       47.6078766
      ],
      [
       -122.3401529,
       47.6078883
      ],
      [
       -122.340036,
       47.6079372
      ],
      [
       -122.3400198,
       47.6079196
      ],
      [
       -122.3400098,
       47.6079237
      ],
      [
       -122.339981,
       47.6078924
      ],
      [
       -122.3399902,
       47.6078886
      ],
      [
       -122.3399062,
       47.6077973
      ]
     ]
    ]
   },
   "properties": {
    "name": null,
    "id": null,
    "levels": null,
    "kind": "yes",
    "inside": true,
    "area_m2": null,
    "osm": "way/231361940"
   }
  },
  {
   "type": "Feature",
   "geometry": {
    "type": "Polygon",
    "coordinates": [
     [
      [
       -122.3456125,
       47.6103744
      ],
      [
       -122.3449675,
       47.6099931
      ],
      [
       -122.3449464,
       47.6099806
      ],
      [
       -122.3449829,
       47.6099525
      ],
      [
       -122.3449975,
       47.6099611
      ],
      [
       -122.3450465,
       47.6099234
      ],
      [
       -122.3450305,
       47.609914
      ],
      [
       -122.3450712,
       47.6098827
      ],
      [
       -122.3451002,
       47.6098999
      ],
      [
       -122.3451283,
       47.6098783
      ],
      [
       -122.3451128,
       47.6098691
      ],
      [
       -122.3451442,
       47.6098449
      ],
      [
       -122.3451298,
       47.6098363
      ],
      [
       -122.3451747,
       47.6098018
      ],
      [
       -122.345201,
       47.6098173
      ],
      [
       -122.3452275,
       47.609797
      ],
      [
       -122.3452087,
       47.6097859
      ],
      [
       -122.345307,
       47.6097103
      ],
      [
       -122.3453491,
       47.6097352
      ],
      [
       -122.3453781,
       47.609713
      ],
      [
       -122.3454682,
       47.6097662
      ],
      [
       -122.3454905,
       47.609749
      ],
      [
       -122.3455627,
       47.6097917
      ],
      [
       -122.3455122,
       47.6098305
      ],
      [
       -122.3455325,
       47.6098425
      ],
      [
       -122.3454032,
       47.609942
      ],
      [
       -122.3454314,
       47.6099587
      ],
      [
       -122.3453899,
       47.6099905
      ],
      [
       -122.3453542,
       47.6099694
      ],
      [
       -122.3452953,
       47.6100147
      ],
      [
       -122.3453296,
       47.610035
      ],
      [
       -122.3452934,
       47.6100628
      ],
      [
       -122.3454018,
       47.6101268
      ],
      [
       -122.3453847,
       47.6101399
      ],
      [
       -122.3454395,
       47.6101723
      ],
      [
       -122.3454961,
       47.6101288
      ],
      [
       -122.3455202,
       47.610143
      ],
      [
       -122.3455481,
       47.6101215
      ],
      [
       -122.3455155,
       47.6101022
      ],
      [
       -122.3455467,
       47.6100782
      ],
      [
       -122.3455312,
       47.6100691
      ],
      [
       -122.3455694,
       47.6100397
      ],
      [
       -122.3455942,
       47.6100543
      ],
      [
       -122.3456235,
       47.6100318
      ],
      [
       -122.3456071,
       47.6100221
      ],
      [
       -122.3457073,
       47.6099451
      ],
      [
       -122.345724,
       47.609955
      ],
      [
       -122.3457772,
       47.6099141
      ],
      [
       -122.3458474,
       47.6099556
      ],
      [
       -122.3458184,
       47.6099778
      ],
      [
       -122.3459135,
       47.610034
      ],
      [
       -122.3458875,
       47.610054
      ],
      [
       -122.3459353,
       47.6100822
      ],
      [
       -122.3458148,
       47.6101749
      ],
      [
       -122.345841,
       47.6101903
      ],
      [
       -122.3457947,
       47.6102259
      ],
      [
       -122.3457697,
       47.6102111
      ],
      [
       -122.3457431,
       47.6102316
      ],
      [
       -122.3457734,
       47.6102495
      ],
      [
       -122.3457305,
       47.6102825
      ],
      [
       -122.3456996,
       47.6102642
      ],
      [
       -122.3456803,
       47.610279
      ],
      [
       -122.3457112,
       47.6102973
      ],
      [
       -122.3456765,
       47.6103239
      ],
      [
       -122.3456596,
       47.6103139
      ],
      [
       -122.3456321,
       47.6103351
      ],
      [
       -122.3456499,
       47.6103456
      ],
      [
       -122.3456125,
       47.6103744
      ]
     ]
    ]
   },
   "properties": {
    "name": "Minato Building",
    "id": null,
    "levels": null,
    "kind": "apartments",
    "inside": false,
    "area_m2": null,
    "osm": "way/231362092"
   }
  },
  {
   "type": "Feature",
   "geometry": {
    "type": "Polygon",
    "coordinates": [
     [
      [
       -122.3447447,
       47.6096073
      ],
      [
       -122.3447161,
       47.6095905
      ],
      [
       -122.3447591,
       47.6095572
      ],
      [
       -122.3447774,
       47.609568
      ],
      [
       -122.3449056,
       47.6094685
      ],
      [
       -122.3449365,
       47.6094866
      ],
      [
       -122.3449612,
       47.6094674
      ],
      [
       -122.3449847,
       47.6094812
      ],
      [
       -122.3450013,
       47.6094683
      ],
      [
       -122.3451118,
       47.609533
      ],
      [
       -122.3450927,
       47.6095479
      ],
      [
       -122.3451171,
       47.6095622
      ],
      [
       -122.3450988,
       47.6095764
      ],
      [
       -122.3451404,
       47.6096008
      ],
      [
       -122.3450315,
       47.6096853
      ],
      [
       -122.3450073,
       47.6096712
      ],
      [
       -122.3449729,
       47.6096979
      ],
      [
       -122.3449967,
       47.6097118
      ],
      [
       -122.3449585,
       47.6097415
      ],
      [
       -122.3449426,
       47.6097321
      ],
      [
       -122.3448706,
       47.609788
      ],
      [
       -122.3448966,
       47.6098032
      ],
      [
       -122.3448543,
       47.609836
      ],
      [
       -122.3448281,
       47.6098206
      ],
      [
       -122.3447988,
       47.6098433
      ],
      [
       -122.3448292,
       47.6098611
      ],
      [
       -122.3447956,
       47.6098872
      ],
      [
       -122.3440777,
       47.6094665
      ],
      [
       -122.3441184,
       47.6094349
      ],
      [
       -122.3441376,
       47.6094462
      ],
      [
       -122.3441707,
       47.6094205
      ],
      [
       -122.3441485,
       47.6094076
      ],
      [
       -122.3441848,
       47.6093795
      ],
      [
       -122.3442082,
       47.6093932
      ],
      [
       -122.3442746,
       47.6093417
      ],
      [
       -122.3442534,
       47.6093293
      ],
      [
       -122.3444327,
       47.6091903
      ],
      [
       -122.3444722,
       47.6092134
      ],
      [
       -122.3444928,
       47.6091974
      ],
      [
       -122.3445163,
       47.6092112
      ],
      [
       -122.3445357,
       47.6091961
      ],
      [
       -122.3446504,
       47.6092633
      ],
      [
       -122.3446352,
       47.6092751
      ],
      [
       -122.3446605,
       47.60929
      ],
      [
       -122.3446378,
       47.6093075
      ],
      [
       -122.3446782,
       47.6093312
      ],
      [
       -122.3445484,
       47.6094318
      ],
      [
       -122.3445585,
       47.6094378
      ],
      [
       -122.3445142,
       47.6094721
      ],
      [
       -122.3444907,
       47.6094583
      ],
      [
       -122.3443957,
       47.609532
      ],
      [
       -122.3444141,
       47.6095428
      ],
      [
       -122.3443971,
       47.609556
      ],
      [
       -122.344446,
       47.6095846
      ],
      [
       -122.3444636,
       47.6095709
      ],
      [
       -122.344497,
       47.6095905
      ],
      [
       -122.3445244,
       47.6095692
      ],
      [
       -122.3445782,
       47.6096008
      ],
      [
       -122.3445501,
       47.6096226
      ],
      [
       -122.3445753,
       47.6096374
      ],
      [
       -122.3445542,
       47.6096538
      ],
      [
       -122.3446057,
       47.609684
      ],
      [
       -122.3446273,
       47.6096672
      ],
      [
       -122.3446502,
       47.6096806
      ],
      [
       -122.3447447,
       47.6096073
      ]
     ]
    ]
   },
   "properties": {
    "name": "Lumiere Building",
    "id": null,
    "levels": null,
    "kind": "apartments",
    "inside": false,
    "area_m2": null,
    "osm": "way/231362093"
   }
  },
  {
   "type": "Feature",
   "geometry": {
    "type": "Polygon",
    "coordinates": [
     [
      [
       -122.343769,
       47.6091432
      ],
      [
       -122.3437422,
       47.6091659
      ],
      [
       -122.3437893,
       47.6091967
      ],
      [
       -122.3438492,
       47.6091503
      ],
      [
       -122.3438828,
       47.6091721
      ],
      [
       -122.3439433,
       47.6091266
      ],
      [
       -122.3439139,
       47.6091076
      ],
      [
       -122.3439058,
       47.6090921
      ],
      [
       -122.3439459,
       47.6090766
      ],
      [
       -122.3439645,
       47.6090875
      ],
      [
       -122.3440006,
       47.6090584
      ],
      [
       -122.3440145,
       47.6090639
      ],
      [
       -122.3440397,
       47.6090429
      ],
      [
       -122.3440303,
       47.609032
      ],
      [
       -122.3440695,
       47.6090193
      ],
      [
       -122.3441052,
       47.608992
      ],
      [
       -122.3441376,
       47.6090092
      ],
      [
       -122.3441624,
       47.6089897
      ],
      [
       -122.3442005,
       47.6089928
      ],
      [
       -122.3442155,
       47.6090212
      ],
      [
       -122.3442116,
       47.6090254
      ],
      [
       -122.3442533,
       47.6090499
      ],
      [
       -122.3442653,
       47.6090426
      ],
      [
       -122.3443179,
       47.6090752
      ],
      [
       -122.3442801,
       47.6090998
      ],
      [
       -122.3443217,
       47.6091197
      ],
      [
       -122.3442857,
       47.6091524
      ],
      [
       -122.3442738,
       47.6091788
      ],
      [
       -122.3442614,
       47.6091725
      ],
      [
       -122.3442282,
       47.6091988
      ],
      [
       -122.3442081,
       47.609187
      ],
      [
       -122.34418,
       47.6092116
      ],
      [
       -122.3442057,
       47.6092252
      ],
      [
       -122.344183,
       47.6092625
      ],
      [
       -122.3441476,
       47.6092489
      ],
      [
       -122.3441184,
       47.6092734
      ],
      [
       -122.3441019,
       47.6092653
      ],
      [
       -122.3440793,
       47.6092889
      ],
      [
       -122.3441076,
       47.6093043
      ],
      [
       -122.3440863,
       47.609337
      ],
      [
       -122.3440459,
       47.6093253
      ],
      [
       -122.3439989,
       47.6093644
      ],
      [
       -122.3440127,
       47.60937
      ],
      [
       -122.3439751,
       47.6093989
      ],
      [
       -122.3435996,
       47.6091761
      ],
      [
       -122.3434205,
       47.6090111
      ],
      [
       -122.3434328,
       47.6090002
      ],
      [
       -122.3433548,
       47.6089504
      ],
      [
       -122.3433386,
       47.6089322
      ],
      [
       -122.343365,
       47.6089201
      ],
      [
       -122.3433816,
       47.6089131
      ],
      [
       -122.3434261,
       47.6089421
      ],
      [
       -122.3434538,
       47.6089203
      ],
      [
       -122.3434367,
       47.6089067
      ],
      [
       -122.3434204,
       47.6088876
      ],
      [
       -122.3434661,
       47.6088712
      ],
      [
       -122.3435038,
       47.6088948
      ],
      [
       -122.3435301,
       47.6088775
      ],
      [
       -122.3435035,
       47.6088521
      ],
      [
       -122.3435517,
       47.6088339
      ],
      [
       -122.3435801,
       47.6088529
      ],
      [
       -122.3436415,
       47.6088047
      ],
      [
       -122.3436374,
       47.6088001
      ],
      [
       -122.3437155,
       47.6087674
      ],
      [
       -122.3437438,
       47.6087818
      ],
      [
       -122.3437796,
       47.6087591
      ],
      [
       -122.343827,
       47.6087872
      ],
      [
       -122.3438146,
       47.6087936
      ],
      [
       -122.3438629,
       47.6088189
      ],
      [
       -122.3439061,
       47.6088216
      ],
      [
       -122.3439215,
       47.6088468
      ],
      [
       -122.3439256,
       47.6088492
      ],
      [
       -122.3438968,
       47.6088697
      ],
      [
       -122.3439267,
       47.608886
      ],
      [
       -122.343886,
       47.608916
      ],
      [
       -122.3438757,
       47.6089442
      ],
      [
       -122.3438648,
       47.608936
      ],
      [
       -122.3438326,
       47.6089624
      ],
      [
       -122.34381,
       47.6089515
      ],
      [
       -122.3437803,
       47.6089752
      ],
      [
       -122.343807,
       47.6089888
      ],
      [
       -122.3437873,
       47.6090242
      ],
      [
       -122.3437485,
       47.6090134
      ],
      [
       -122.3437217,
       47.6090361
      ],
      [
       -122.3436908,
       47.6090171
      ],
      [
       -122.3436675,
       47.6090371
      ],
      [
       -122.3436959,
       47.6090525
      ],
      [
       -122.3436548,
       47.6090853
      ],
      [
       -122.3436775,
       47.6091006
      ],
      [
       -122.3436869,
       47.6090925
      ],
      [
       -122.343769,
       47.6091432
      ]
     ]
    ]
   },
   "properties": {
    "name": "Viaggio Building",
    "id": null,
    "levels": null,
    "kind": "apartments",
    "inside": false,
    "area_m2": null,
    "osm": "way/231362094"
   }
  },
  {
   "type": "Feature",
   "geometry": {
    "type": "Polygon",
    "coordinates": [
     [
      [
       -122.3410767,
       47.6092642
      ],
      [
       -122.3411242,
       47.6093148
      ],
      [
       -122.3411695,
       47.6093602
      ],
      [
       -122.3412259,
       47.6093383
      ],
      [
       -122.3413926,
       47.6095289
      ],
      [
       -122.3412259,
       47.6095975
      ],
      [
       -122.3410063,
       47.6096887
      ],
      [
       -122.3407445,
       47.6094025
      ],
      [
       -122.3410767,
       47.6092642
      ]
     ]
    ]
   },
   "properties": {
    "name": "First & Pine Building",
    "id": "first-pine-building",
    "levels": 5,
    "kind": "retail",
    "inside": true,
    "area_m2": 1218.6,
    "osm": "way/231362204"
   }
  },
  {
   "type": "Feature",
   "geometry": {
    "type": "Polygon",
    "coordinates": [
     [
      [
       -122.3422788,
       47.6072688
      ],
      [
       -122.3422789,
       47.6072291
      ],
      [
       -122.3423187,
       47.6072291
      ],
      [
       -122.3423187,
       47.6072198
      ],
      [
       -122.3424277,
       47.6072199
      ],
      [
       -122.3424276,
       47.607269
      ],
      [
       -122.3422788,
       47.6072688
      ]
     ]
    ]
   },
   "properties": {
    "name": null,
    "id": null,
    "levels": null,
    "kind": "yes",
    "inside": false,
    "area_m2": null,
    "osm": "way/231362501"
   }
  },
  {
   "type": "Feature",
   "geometry": {
    "type": "Polygon",
    "coordinates": [
     [
      [
       -122.3397821,
       47.6113501
      ],
      [
       -122.3397515,
       47.6113659
      ],
      [
       -122.3397172,
       47.6113778
      ],
      [
       -122.3396803,
       47.6113853
      ],
      [
       -122.339642,
       47.6113882
      ],
      [
       -122.3396035,
       47.6113864
      ],
      [
       -122.3395662,
       47.61138
      ],
      [
       -122.3395311,
       47.6113691
      ],
      [
       -122.3394996,
       47.6113542
      ],
      [
       -122.3394725,
       47.6113357
      ],
      [
       -122.3391738,
       47.611011
      ],
      [
       -122.3391514,
       47.6109864
      ],
      [
       -122.3389567,
       47.6107747
      ],
      [
       -122.339338,
       47.6106166
      ],
      [
       -122.3399096,
       47.6112491
      ],
      [
       -122.3398583,
       47.6112897
      ],
      [
       -122.3397821,
       47.6113501
      ]
     ]
    ]
   },
   "properties": {
    "name": "Third and Stewart Garage",
    "id": null,
    "levels": null,
    "kind": "yes",
    "inside": false,
    "area_m2": null,
    "osm": "way/232079584"
   }
  },
  {
   "type": "Feature",
   "geometry": {
    "type": "Polygon",
    "coordinates": [
     [
      [
       -122.3391762,
       47.6103969
      ],
      [
       -122.3391856,
       47.6103931
      ],
      [
       -122.3391074,
       47.6103051
      ],
      [
       -122.3391316,
       47.6102953
      ],
      [
       -122.339113,
       47.6102744
      ],
      [
       -122.33917,
       47.6102514
      ],
      [
       -122.339177,
       47.6102486
      ],
      [
       -122.3391934,
       47.610267
      ],
      [
       -122.3392356,
       47.6102499
      ],
      [
       -122.3392453,
       47.6102607
      ],
      [
       -122.3393567,
       47.6102157
      ],
      [
       -122.3393289,
       47.6101845
      ],
      [
       -122.3394789,
       47.6101238
      ],
      [
       -122.3395998,
       47.6102597
      ],
      [
       -122.3391985,
       47.610422
      ],
      [
       -122.3391762,
       47.6103969
      ]
     ]
    ]
   },
   "properties": {
    "name": "Haight Building",
    "id": null,
    "levels": null,
    "kind": "apartments",
    "inside": false,
    "area_m2": null,
    "osm": "way/232079585"
   }
  },
  {
   "type": "Feature",
   "geometry": {
    "type": "Polygon",
    "coordinates": [
     [
      [
       -122.3389613,
       47.6101386
      ],
      [
       -122.3387056,
       47.6098554
      ],
      [
       -122.3390745,
       47.609704
      ],
      [
       -122.3393302,
       47.6099872
      ],
      [
       -122.3389613,
       47.6101386
      ]
     ]
    ]
   },
   "properties": {
    "name": "Columbia Building",
    "id": null,
    "levels": null,
    "kind": "yes",
    "inside": false,
    "area_m2": null,
    "osm": "way/232079586"
   }
  },
  {
   "type": "Feature",
   "geometry": {
    "type": "Polygon",
    "coordinates": [
     [
      [
       -122.3391738,
       47.611011
      ],
      [
       -122.3391514,
       47.6109864
      ],
      [
       -122.3388315,
       47.6111192
      ],
      [
       -122.338854,
       47.6111437
      ],
      [
       -122.3391738,
       47.611011
      ]
     ]
    ]
   },
   "properties": {
    "name": null,
    "id": null,
    "levels": null,
    "kind": "bridge",
    "inside": false,
    "area_m2": null,
    "osm": "way/232079589"
   }
  },
  {
   "type": "Feature",
   "geometry": {
    "type": "Polygon",
    "coordinates": [
     [
      [
       -122.3388971,
       47.6101655
      ],
      [
       -122.339009,
       47.6102876
      ],
      [
       -122.339137,
       47.6104273
      ],
      [
       -122.3388359,
       47.6105527
      ],
      [
       -122.3387684,
       47.6105808
      ],
      [
       -122.3385285,
       47.610319
      ],
      [
       -122.3386464,
       47.6102699
      ],
      [
       -122.3388355,
       47.6101911
      ],
      [
       -122.3388971,
       47.6101655
      ]
     ]
    ]
   },
   "properties": {
    "name": "Olympic Tower",
    "id": null,
    "levels": null,
    "kind": "yes",
    "inside": false,
    "area_m2": null,
    "osm": "way/232079590"
   }
  },
  {
   "type": "Feature",
   "geometry": {
    "type": "Polygon",
    "coordinates": [
     [
      [
       -122.3388971,
       47.6101655
      ],
      [
       -122.3388355,
       47.6101911
      ],
      [
       -122.3388149,
       47.6101687
      ],
      [
       -122.3386258,
       47.6102474
      ],
      [
       -122.3386464,
       47.6102699
      ],
      [
       -122.3385285,
       47.610319
      ],
      [
       -122.3384012,
       47.61018
      ],
      [
       -122.33852,
       47.6101306
      ],
      [
       -122.3385416,
       47.6101542
      ],
      [
       -122.3387306,
       47.6100754
      ],
      [
       -122.338709,
       47.6100519
      ],
      [
       -122.3387698,
       47.6100265
      ],
      [
       -122.3388971,
       47.6101655
      ]
     ]
    ]
   },
   "properties": {
    "name": "Fischer Studio",
    "id": null,
    "levels": null,
    "kind": "apartments",
    "inside": false,
    "area_m2": null,
    "osm": "way/232079592"
   }
  },
  {
   "type": "Feature",
   "geometry": {
    "type": "Polygon",
    "coordinates": [
     [
      [
       -122.3394541,
       47.6069485
      ],
      [
       -122.3396465,
       47.6071596
      ],
      [
       -122.3396839,
       47.6072007
      ],
      [
       -122.3398089,
       47.6073379
      ],
      [
       -122.3397097,
       47.607379
      ],
      [
       -122.3396326,
       47.6074109
      ],
      [
       -122.3395478,
       47.6073179
      ],
      [
       -122.3394881,
       47.6073426
      ],
      [
       -122.3394697,
       47.6073223
      ],
      [
       -122.3394499,
       47.6073006
      ],
      [
       -122.3395099,
       47.6072758
      ],
      [
       -122.3392781,
       47.6070214
      ],
      [
       -122.3394541,
       47.6069485
      ]
     ]
    ]
   },
   "properties": {
    "name": null,
    "id": null,
    "levels": null,
    "kind": "yes",
    "inside": false,
    "area_m2": null,
    "osm": "way/232079814"
   }
  },
  {
   "type": "Feature",
   "geometry": {
    "type": "Polygon",
    "coordinates": [
     [
      [
       -122.3400196,
       47.6069656
      ],
      [
       -122.3397623,
       47.6066813
      ],
      [
       -122.3400131,
       47.606582
      ],
      [
       -122.340107,
       47.6066811
      ],
      [
       -122.3401501,
       47.6066628
      ],
      [
       -122.3401009,
       47.6066105
      ],
      [
       -122.3402161,
       47.6065661
      ],
      [
       -122.3402978,
       47.6066551
      ],
      [
       -122.3403387,
       47.6066385
      ],
      [
       -122.3404695,
       47.6067766
      ],
      [
       -122.3400196,
       47.6069656
      ]
     ]
    ]
   },
   "properties": {
    "name": "Enwave Seattle",
    "id": null,
    "levels": null,
    "kind": "industrial",
    "inside": false,
    "area_m2": null,
    "osm": "way/232079816"
   }
  },
  {
   "type": "Feature",
   "geometry": {
    "type": "Polygon",
    "coordinates": [
     [
      [
       -122.3395526,
       47.6069519
      ],
      [
       -122.3395285,
       47.606949
      ],
      [
       -122.3395078,
       47.6069401
      ],
      [
       -122.3394938,
       47.6069265
      ],
      [
       -122.3394885,
       47.6069103
      ],
      [
       -122.3394928,
       47.606894
      ],
      [
       -122.339506,
       47.60688
      ],
      [
       -122.3395261,
       47.6068705
      ],
      [
       -122.33955,
       47.6068669
      ],
      [
       -122.3395741,
       47.6068698
      ],
      [
       -122.3395948,
       47.6068788
      ],
      [
       -122.3396088,
       47.6068923
      ],
      [
       -122.3396141,
       47.6069085
      ],
      [
       -122.3396098,
       47.6069248
      ],
      [
       -122.3395966,
       47.6069388
      ],
      [
       -122.3395765,
       47.6069483
      ],
      [
       -122.3395526,
       47.6069519
      ]
     ]
    ]
   },
   "properties": {
    "name": null,
    "id": null,
    "levels": null,
    "kind": "yes",
    "inside": false,
    "area_m2": null,
    "osm": "way/232079818"
   }
  },
  {
   "type": "Feature",
   "geometry": {
    "type": "Polygon",
    "coordinates": [
     [
      [
       -122.3375813,
       47.605223
      ],
      [
       -122.3379552,
       47.605069
      ],
      [
       -122.3384634,
       47.6056301
      ],
      [
       -122.3380984,
       47.6057837
      ],
      [
       -122.3377383,
       47.6053958
      ],
      [
       -122.337728,
       47.6053844
      ],
      [
       -122.3375813,
       47.605223
      ]
     ]
    ]
   },
   "properties": {
    "name": null,
    "id": null,
    "levels": null,
    "kind": "yes",
    "inside": false,
    "area_m2": null,
    "osm": "way/232080288"
   }
  },
  {
   "type": "Feature",
   "geometry": {
    "type": "Polygon",
    "coordinates": [
     [
      [
       -122.3409124,
       47.6122447
      ],
      [
       -122.340725,
       47.6121336
      ],
      [
       -122.3410115,
       47.611914
      ],
      [
       -122.3411989,
       47.6120251
      ],
      [
       -122.3409124,
       47.6122447
      ]
     ]
    ]
   },
   "properties": {
    "name": "Upark",
    "id": null,
    "levels": null,
    "kind": "yes",
    "inside": false,
    "area_m2": null,
    "osm": "way/240455072"
   }
  },
  {
   "type": "Feature",
   "geometry": {
    "type": "Polygon",
    "coordinates": [
     [
      [
       -122.3420585,
       47.6116651
      ],
      [
       -122.3420421,
       47.6116558
      ],
      [
       -122.342205,
       47.6115391
      ],
      [
       -122.342193,
       47.6115333
      ],
      [
       -122.3422262,
       47.6115082
      ],
      [
       -122.3422796,
       47.61152
      ],
      [
       -122.3422746,
       47.6115274
      ],
      [
       -122.3423195,
       47.6115375
      ],
      [
       -122.3423422,
       47.6115238
      ],
      [
       -122.3428065,
       47.6117991
      ],
      [
       -122.342516,
       47.6120219
      ],
      [
       -122.3422829,
       47.6118837
      ],
      [
       -122.3422923,
       47.6118766
      ],
      [
       -122.3423047,
       47.611867
      ],
      [
       -122.3422666,
       47.6118443
      ],
      [
       -122.342251,
       47.6118562
      ],
      [
       -122.342227,
       47.6118444
      ],
      [
       -122.342165,
       47.6118098
      ],
      [
       -122.3421061,
       47.6117727
      ],
      [
       -122.3420508,
       47.6117332
      ],
      [
       -122.3419991,
       47.6116916
      ],
      [
       -122.3420544,
       47.6116862
      ],
      [
       -122.3420585,
       47.6116651
      ]
     ]
    ]
   },
   "properties": {
    "name": "Tower 12",
    "id": null,
    "levels": null,
    "kind": "apartments",
    "inside": false,
    "area_m2": null,
    "osm": "way/240455074"
   }
  },
  {
   "type": "Feature",
   "geometry": {
    "type": "Polygon",
    "coordinates": [
     [
      [
       -122.3397019,
       47.6099225
      ],
      [
       -122.3393882,
       47.6095779
      ],
      [
       -122.3395604,
       47.6095067
      ],
      [
       -122.3397592,
       47.6094244
      ],
      [
       -122.3400729,
       47.609769
      ],
      [
       -122.3397019,
       47.6099225
      ]
     ]
    ]
   },
   "properties": {
    "name": "Fifteen Twenty-One Second Avenue",
    "id": null,
    "levels": null,
    "kind": "apartments",
    "inside": false,
    "area_m2": null,
    "osm": "way/240586483"
   }
  },
  {
   "type": "Feature",
   "geometry": {
    "type": "Polygon",
    "coordinates": [
     [
      [
       -122.3383001,
       47.608865
      ],
      [
       -122.338454,
       47.6090341
      ],
      [
       -122.3384596,
       47.6090318
      ],
      [
       -122.3386795,
       47.6092735
      ],
      [
       -122.3383241,
       47.6094205
      ],
      [
       -122.3383035,
       47.609429
      ],
      [
       -122.3379296,
       47.609018
      ],
      [
       -122.3380746,
       47.608958
      ],
      [
       -122.3381937,
       47.6090889
      ],
      [
       -122.3382286,
       47.6091273
      ],
      [
       -122.3383164,
       47.609091
      ],
      [
       -122.3382815,
       47.6090526
      ],
      [
       -122.3381625,
       47.6089218
      ],
      [
       -122.3383001,
       47.608865
      ]
     ]
    ]
   },
   "properties": {
    "name": "West Edge Tower",
    "id": null,
    "levels": null,
    "kind": "apartments",
    "inside": false,
    "area_m2": null,
    "osm": "way/240736161"
   }
  },
  {
   "type": "Feature",
   "geometry": {
    "type": "Polygon",
    "coordinates": [
     [
      [
       -122.3421499,
       47.6090963
      ],
      [
       -122.3419634,
       47.6091284
      ],
      [
       -122.3417458,
       47.6091658
      ],
      [
       -122.3417198,
       47.6091363
      ],
      [
       -122.3417148,
       47.6091315
      ],
      [
       -122.3416996,
       47.6091135
      ],
      [
       -122.3419203,
       47.6090799
      ],
      [
       -122.3421082,
       47.6090513
      ],
      [
       -122.3421276,
       47.6090722
      ],
      [
       -122.3421499,
       47.6090963
      ]
     ]
    ]
   },
   "properties": {
    "name": "SkyBridge",
    "id": "skybridge",
    "levels": null,
    "kind": "roof",
    "inside": true,
    "area_m2": 189.0,
    "osm": "way/296789534"
   }
  },
  {
   "type": "Feature",
   "geometry": {
    "type": "Polygon",
    "coordinates": [
     [
      [
       -122.3381455,
       47.6120306
      ],
      [
       -122.3382905,
       47.6121925
      ],
      [
       -122.3379129,
       47.6123462
      ],
      [
       -122.3378053,
       47.6122261
      ],
      [
       -122.3380101,
       47.6121428
      ],
      [
       -122.3379774,
       47.6121062
      ],
      [
       -122.3379727,
       47.612101
      ],
      [
       -122.3381397,
       47.612033
      ],
      [
       -122.3381455,
       47.6120306
      ]
     ]
    ]
   },
   "properties": {
    "name": "Mayflower Park Hotel Seattle",
    "id": null,
    "levels": null,
    "kind": "hotel",
    "inside": false,
    "area_m2": null,
    "osm": "way/331163045"
   }
  },
  {
   "type": "Feature",
   "geometry": {
    "type": "Polygon",
    "coordinates": [
     [
      [
       -122.3380328,
       47.6119144
      ],
      [
       -122.3376553,
       47.6120672
      ],
      [
       -122.3377654,
       47.6121925
      ],
      [
       -122.3379774,
       47.6121062
      ],
      [
       -122.3379727,
       47.612101
      ],
      [
       -122.3381397,
       47.612033
      ],
      [
       -122.3380328,
       47.6119144
      ]
     ]
    ]
   },
   "properties": {
    "name": null,
    "id": null,
    "levels": null,
    "kind": "yes",
    "inside": false,
    "area_m2": null,
    "osm": "way/331307150"
   }
  },
  {
   "type": "Feature",
   "geometry": {
    "type": "Polygon",
    "coordinates": [
     [
      [
       -122.33896,
       47.6129789
      ],
      [
       -122.3390703,
       47.6130445
      ],
      [
       -122.3391005,
       47.613023
      ],
      [
       -122.3391642,
       47.6130613
      ],
      [
       -122.3391677,
       47.613087
      ],
      [
       -122.3391821,
       47.613111
      ],
      [
       -122.3392061,
       47.6131312
      ],
      [
       -122.3392377,
       47.6131459
      ],
      [
       -122.3392742,
       47.6131539
      ],
      [
       -122.3393139,
       47.6131513
      ],
      [
       -122.339379,
       47.6131905
      ],
      [
       -122.3393542,
       47.6132132
      ],
      [
       -122.3394651,
       47.6132791
      ],
      [
       -122.3395269,
       47.6132739
      ],
      [
       -122.339586,
       47.613262
      ],
      [
       -122.3396506,
       47.6132345
      ],
      [
       -122.3396876,
       47.6132094
      ],
      [
       -122.3397292,
       47.6131593
      ],
      [
       -122.3397502,
       47.6131094
      ],
      [
       -122.3397517,
       47.6130594
      ],
      [
       -122.3396407,
       47.6129935
      ],
      [
       -122.3395962,
       47.6129986
      ],
      [
       -122.3395497,
       47.6129726
      ],
      [
       -122.3395438,
       47.6129471
      ],
      [
       -122.3395275,
       47.6129237
      ],
      [
       -122.3395019,
       47.6129044
      ],
      [
       -122.3394692,
       47.6128909
      ],
      [
       -122.339432,
       47.6128843
      ],
      [
       -122.3393937,
       47.6128852
      ],
      [
       -122.339359,
       47.6128657
      ],
      [
       -122.3393568,
       47.6128247
      ],
      [
       -122.3392467,
       47.6127593
      ],
      [
       -122.3391735,
       47.6127667
      ],
      [
       -122.3391027,
       47.6127871
      ],
      [
       -122.3390343,
       47.6128213
      ],
      [
       -122.3390021,
       47.6128492
      ],
      [
       -122.3389698,
       47.6128959
      ],
      [
       -122.3389598,
       47.6129369
      ],
      [
       -122.33896,
       47.6129789
      ]
     ]
    ]
   },
   "properties": {
    "name": "Escala",
    "id": null,
    "levels": null,
    "kind": "apartments",
    "inside": false,
    "area_m2": null,
    "osm": "way/331309048"
   }
  },
  {
   "type": "Feature",
   "geometry": {
    "type": "Polygon",
    "coordinates": [
     [
      [
       -122.33896,
       47.6129789
      ],
      [
       -122.3388068,
       47.6128882
      ],
      [
       -122.3390933,
       47.6126654
      ],
      [
       -122.3392467,
       47.6127593
      ],
      [
       -122.3391735,
       47.6127667
      ],
      [
       -122.3391027,
       47.6127871
      ],
      [
       -122.3390343,
       47.6128213
      ],
      [
       -122.3390021,
       47.6128492
      ],
      [
       -122.3389698,
       47.6128959
      ],
      [
       -122.3389598,
       47.6129369
      ],
      [
       -122.33896,
       47.6129789
      ]
     ]
    ]
   },
   "properties": {
    "name": null,
    "id": null,
    "levels": null,
    "kind": "yes",
    "inside": false,
    "area_m2": null,
    "osm": "way/331309049"
   }
  },
  {
   "type": "Feature",
   "geometry": {
    "type": "Polygon",
    "coordinates": [
     [
      [
       -122.3433082,
       47.6132058
      ],
      [
       -122.3429426,
       47.6129916
      ],
      [
       -122.3432271,
       47.6127709
      ],
      [
       -122.3435933,
       47.6129854
      ],
      [
       -122.3433082,
       47.6132058
      ]
     ]
    ]
   },
   "properties": {
    "name": "Belltown Center",
    "id": null,
    "levels": null,
    "kind": "yes",
    "inside": false,
    "area_m2": null,
    "osm": "way/331422723"
   }
  },
  {
   "type": "Feature",
   "geometry": {
    "type": "Polygon",
    "coordinates": [
     [
      [
       -122.3435933,
       47.6129854
      ],
      [
       -122.3437788,
       47.6130942
      ],
      [
       -122.3435142,
       47.6132994
      ],
      [
       -122.3434943,
       47.6133148
      ],
      [
       -122.3433082,
       47.6132058
      ],
      [
       -122.3435933,
       47.6129854
      ]
     ]
    ]
   },
   "properties": {
    "name": null,
    "id": null,
    "levels": null,
    "kind": "yes",
    "inside": false,
    "area_m2": null,
    "osm": "way/331422725"
   }
  },
  {
   "type": "Feature",
   "geometry": {
    "type": "Polygon",
    "coordinates": [
     [
      [
       -122.3391406,
       47.6070676
      ],
      [
       -122.3390548,
       47.6069742
      ],
      [
       -122.3386773,
       47.6071297
      ],
      [
       -122.338761,
       47.6072251
      ],
      [
       -122.3391406,
       47.6070676
      ]
     ]
    ]
   },
   "properties": {
    "name": null,
    "id": null,
    "levels": null,
    "kind": "yes",
    "inside": false,
    "area_m2": null,
    "osm": "way/357283829"
   }
  },
  {
   "type": "Feature",
   "geometry": {
    "type": "Polygon",
    "coordinates": [
     [
      [
       -122.3395686,
       47.6075364
      ],
      [
       -122.3394349,
       47.6073899
      ],
      [
       -122.339409,
       47.6073615
      ],
      [
       -122.3392356,
       47.6071716
      ],
      [
       -122.3391406,
       47.6070676
      ],
      [
       -122.338761,
       47.6072251
      ],
      [
       -122.3389481,
       47.6074301
      ],
      [
       -122.3390027,
       47.6074898
      ],
      [
       -122.3391299,
       47.6076291
      ],
      [
       -122.339189,
       47.6076939
      ],
      [
       -122.3393105,
       47.6076434
      ],
      [
       -122.3394964,
       47.6075662
      ],
      [
       -122.3395686,
       47.6075364
      ]
     ]
    ]
   },
   "properties": {
    "name": "Four Seasons Seattle",
    "id": null,
    "levels": null,
    "kind": "yes",
    "inside": false,
    "area_m2": null,
    "osm": "way/357283830"
   }
  },
  {
   "type": "Feature",
   "geometry": {
    "type": "Polygon",
    "coordinates": [
     [
      [
       -122.3401908,
       47.609237
      ],
      [
       -122.3400731,
       47.6091058
      ],
      [
       -122.3396893,
       47.6092644
      ],
      [
       -122.3398112,
       47.6093963
      ],
      [
       -122.3401908,
       47.609237
      ]
     ]
    ]
   },
   "properties": {
    "name": "S.J. Holmes Building",
    "id": null,
    "levels": null,
    "kind": "yes",
    "inside": false,
    "area_m2": null,
    "osm": "way/357834361"
   }
  },
  {
   "type": "Feature",
   "geometry": {
    "type": "Polygon",
    "coordinates": [
     [
      [
       -122.3380021,
       47.6058344
      ],
      [
       -122.3376259,
       47.6059869
      ],
      [
       -122.3375199,
       47.605868
      ],
      [
       -122.3375044,
       47.6058506
      ],
      [
       -122.3378778,
       47.6056936
      ],
      [
       -122.3380021,
       47.6058344
      ]
     ]
    ]
   },
   "properties": {
    "name": "Colonial Hotel",
    "id": null,
    "levels": null,
    "kind": "apartments",
    "inside": false,
    "area_m2": null,
    "osm": "way/357941381"
   }
  },
  {
   "type": "Feature",
   "geometry": {
    "type": "Polygon",
    "coordinates": [
     [
      [
       -122.3416655,
       47.6126909
      ],
      [
       -122.3414915,
       47.612585
      ],
      [
       -122.3417818,
       47.6123633
      ],
      [
       -122.3419514,
       47.6124687
      ],
      [
       -122.3419307,
       47.6124852
      ],
      [
       -122.3416655,
       47.6126909
      ]
     ]
    ]
   },
   "properties": {
    "name": "Sylvia Odom's Place",
    "id": null,
    "levels": null,
    "kind": "residential",
    "inside": false,
    "area_m2": null,
    "osm": "way/358242160"
   }
  },
  {
   "type": "Feature",
   "geometry": {
    "type": "Polygon",
    "coordinates": [
     [
      [
       -122.342017,
       47.6124441
      ],
      [
       -122.3418254,
       47.6123312
      ],
      [
       -122.342116,
       47.612107
      ],
      [
       -122.3423076,
       47.6122198
      ],
      [
       -122.342017,
       47.6124441
      ]
     ]
    ]
   },
   "properties": {
    "name": "Trust Parking",
    "id": null,
    "levels": null,
    "kind": "yes",
    "inside": false,
    "area_m2": null,
    "osm": "way/358272087"
   }
  },
  {
   "type": "Feature",
   "geometry": {
    "type": "Polygon",
    "coordinates": [
     [
      [
       -122.3418254,
       47.6123312
      ],
      [
       -122.3416398,
       47.6122219
      ],
      [
       -122.3419304,
       47.6119977
      ],
      [
       -122.342116,
       47.612107
      ],
      [
       -122.3418254,
       47.6123312
      ]
     ]
    ]
   },
   "properties": {
    "name": null,
    "id": null,
    "levels": null,
    "kind": "yes",
    "inside": false,
    "area_m2": null,
    "osm": "way/358272088"
   }
  },
  {
   "type": "Feature",
   "geometry": {
    "type": "Polygon",
    "coordinates": [
     [
      [
       -122.3416398,
       47.6122219
      ],
      [
       -122.3414491,
       47.6121096
      ],
      [
       -122.3417397,
       47.6118854
      ],
      [
       -122.3419304,
       47.6119977
      ],
      [
       -122.3416398,
       47.6122219
      ]
     ]
    ]
   },
   "properties": {
    "name": "Kimpton Palladian Hotel",
    "id": null,
    "levels": null,
    "kind": "yes",
    "inside": false,
    "area_m2": null,
    "osm": "way/358272089"
   }
  },
  {
   "type": "Feature",
   "geometry": {
    "type": "Polygon",
    "coordinates": [
     [
      [
       -122.3414045,
       47.6113637
      ],
      [
       -122.3413127,
       47.6113106
      ],
      [
       -122.3415987,
       47.6110869
      ],
      [
       -122.3416915,
       47.6111422
      ],
      [
       -122.3414045,
       47.6113637
      ]
     ]
    ]
   },
   "properties": {
    "name": null,
    "id": null,
    "levels": null,
    "kind": "commercial",
    "inside": false,
    "area_m2": null,
    "osm": "way/360789237"
   }
  },
  {
   "type": "Feature",
   "geometry": {
    "type": "Polygon",
    "coordinates": [
     [
      [
       -122.3413127,
       47.6113106
      ],
      [
       -122.3412319,
       47.6112653
      ],
      [
       -122.3415228,
       47.6110426
      ],
      [
       -122.3415987,
       47.6110869
      ],
      [
       -122.3413127,
       47.6113106
      ]
     ]
    ]
   },
   "properties": {
    "name": null,
    "id": null,
    "levels": null,
    "kind": "commercial",
    "inside": false,
    "area_m2": null,
    "osm": "way/360789238"
   }
  },
  {
   "type": "Feature",
   "geometry": {
    "type": "Polygon",
    "coordinates": [
     [
      [
       -122.340725,
       47.6121336
      ],
      [
       -122.340546,
       47.6120275
      ],
      [
       -122.3408325,
       47.6118078
      ],
      [
       -122.3410115,
       47.611914
      ],
      [
       -122.340725,
       47.6121336
      ]
     ]
    ]
   },
   "properties": {
    "name": "Crutcher Lewis",
    "id": null,
    "levels": null,
    "kind": "commercial",
    "inside": false,
    "area_m2": null,
    "osm": "way/360929649"
   }
  },
  {
   "type": "Feature",
   "geometry": {
    "type": "Polygon",
    "coordinates": [
     [
      [
       -122.340546,
       47.6120275
      ],
      [
       -122.3403636,
       47.6119194
      ],
      [
       -122.3406515,
       47.6116987
      ],
      [
       -122.3408338,
       47.6118068
      ],
      [
       -122.3408325,
       47.6118078
      ],
      [
       -122.340546,
       47.6120275
      ]
     ]
    ]
   },
   "properties": {
    "name": "Haddon",
    "id": null,
    "levels": null,
    "kind": "apartments",
    "inside": false,
    "area_m2": null,
    "osm": "way/360929650"
   }
  },
  {
   "type": "Feature",
   "geometry": {
    "type": "Polygon",
    "coordinates": [
     [
      [
       -122.3403636,
       47.6119194
      ],
      [
       -122.3401825,
       47.611812
      ],
      [
       -122.3404704,
       47.6115913
      ],
      [
       -122.3406515,
       47.6116987
      ],
      [
       -122.3403636,
       47.6119194
      ]
     ]
    ]
   },
   "properties": {
    "name": null,
    "id": null,
    "levels": null,
    "kind": "commercial",
    "inside": false,
    "area_m2": null,
    "osm": "way/360929651"
   }
  },
  {
   "type": "Feature",
   "geometry": {
    "type": "Polygon",
    "coordinates": [
     [
      [
       -122.3400905,
       47.6102947
      ],
      [
       -122.3404208,
       47.6101554
      ],
      [
       -122.3406122,
       47.6103617
      ],
      [
       -122.3406623,
       47.6104156
      ],
      [
       -122.3404423,
       47.6105084
      ],
      [
       -122.3402883,
       47.6105733
      ],
      [
       -122.3400743,
       47.6103427
      ],
      [
       -122.3400905,
       47.6102947
      ]
     ]
    ]
   },
   "properties": {
    "name": "Broadacres Building",
    "id": null,
    "levels": null,
    "kind": "commercial",
    "inside": false,
    "area_m2": null,
    "osm": "way/360947360"
   }
  },
  {
   "type": "Feature",
   "geometry": {
    "type": "Polygon",
    "coordinates": [
     [
      [
       -122.3424494,
       47.6108171
      ],
      [
       -122.3422575,
       47.6107045
      ],
      [
       -122.3423277,
       47.6106501
      ],
      [
       -122.3423884,
       47.6106857
      ],
      [
       -122.3425441,
       47.6105651
      ],
      [
       -122.3424834,
       47.6105295
      ],
      [
       -122.3425463,
       47.6104808
      ],
      [
       -122.3425524,
       47.6104761
      ],
      [
       -122.3427443,
       47.6105887
      ],
      [
       -122.3424494,
       47.6108171
      ]
     ]
    ]
   },
   "properties": {
    "name": null,
    "id": null,
    "levels": null,
    "kind": "yes",
    "inside": true,
    "area_m2": null,
    "osm": "way/360950554"
   }
  },
  {
   "type": "Feature",
   "geometry": {
    "type": "Polygon",
    "coordinates": [
     [
      [
       -122.3422575,
       47.6107045
      ],
      [
       -122.3421657,
       47.6106506
      ],
      [
       -122.3424544,
       47.6104269
      ],
      [
       -122.3425463,
       47.6104808
      ],
      [
       -122.3424834,
       47.6105295
      ],
      [
       -122.3423277,
       47.6106501
      ],
      [
       -122.3422575,
       47.6107045
      ]
     ]
    ]
   },
   "properties": {
    "name": null,
    "id": null,
    "levels": null,
    "kind": "yes",
    "inside": true,
    "area_m2": null,
    "osm": "way/360950557"
   }
  },
  {
   "type": "Feature",
   "geometry": {
    "type": "Polygon",
    "coordinates": [
     [
      [
       -122.3421657,
       47.6106506
      ],
      [
       -122.3421198,
       47.6106236
      ],
      [
       -122.3420739,
       47.6105967
      ],
      [
       -122.3423691,
       47.6103681
      ],
      [
       -122.3423724,
       47.6103655
      ],
      [
       -122.3424641,
       47.6104194
      ],
      [
       -122.3424544,
       47.6104269
      ],
      [
       -122.3421657,
       47.6106506
      ]
     ]
    ]
   },
   "properties": {
    "name": null,
    "id": null,
    "levels": null,
    "kind": "yes",
    "inside": true,
    "area_m2": null,
    "osm": "way/360950559"
   }
  },
  {
   "type": "Feature",
   "geometry": {
    "type": "Polygon",
    "coordinates": [
     [
      [
       -122.3420739,
       47.6105967
      ],
      [
       -122.3420606,
       47.6105889
      ],
      [
       -122.3420484,
       47.6105818
      ],
      [
       -122.3419815,
       47.6105425
      ],
      [
       -122.341889,
       47.6104882
      ],
      [
       -122.342074,
       47.6103449
      ],
      [
       -122.3421842,
       47.6102596
      ],
      [
       -122.3423691,
       47.6103681
      ],
      [
       -122.3420739,
       47.6105967
      ]
     ]
    ]
   },
   "properties": {
    "name": "Alaska Trade Building",
    "id": "alaska-trade-building",
    "levels": 5,
    "kind": "retail",
    "inside": true,
    "area_m2": 619.4,
    "osm": "way/360950561"
   }
  },
  {
   "type": "Feature",
   "geometry": {
    "type": "Polygon",
    "coordinates": [
     [
      [
       -122.341889,
       47.6104882
      ],
      [
       -122.3415227,
       47.6102733
      ],
      [
       -122.3417077,
       47.61013
      ],
      [
       -122.342074,
       47.6103449
      ],
      [
       -122.341889,
       47.6104882
      ]
     ]
    ]
   },
   "properties": {
    "name": "Fairmount Apartments",
    "id": "fairmount-apartments",
    "levels": null,
    "kind": "apartments",
    "inside": true,
    "area_m2": 768.9,
    "osm": "way/360950564"
   }
  },
  {
   "type": "Feature",
   "geometry": {
    "type": "Polygon",
    "coordinates": [
     [
      [
       -122.342074,
       47.6103449
      ],
      [
       -122.3417077,
       47.61013
      ],
      [
       -122.3418179,
       47.6100446
      ],
      [
       -122.3421842,
       47.6102596
      ],
      [
       -122.342074,
       47.6103449
      ]
     ]
    ]
   },
   "properties": {
    "name": null,
    "id": null,
    "levels": null,
    "kind": "commercial",
    "inside": true,
    "area_m2": null,
    "osm": "way/360950567"
   }
  },
  {
   "type": "Feature",
   "geometry": {
    "type": "Polygon",
    "coordinates": [
     [
      [
       -122.3432728,
       47.6124701
      ],
      [
       -122.3436386,
       47.6126849
      ],
      [
       -122.343926,
       47.6124624
      ],
      [
       -122.3435602,
       47.6122476
      ],
      [
       -122.3432728,
       47.6124701
      ]
     ]
    ]
   },
   "properties": {
    "name": "CenturyLink",
    "id": null,
    "levels": null,
    "kind": "commercial",
    "inside": false,
    "area_m2": null,
    "osm": "way/362819087"
   }
  },
  {
   "type": "Feature",
   "geometry": {
    "type": "Polygon",
    "coordinates": [
     [
      [
       -122.3438246,
       47.612794
      ],
      [
       -122.3436386,
       47.6126849
      ],
      [
       -122.343926,
       47.6124624
      ],
      [
       -122.344112,
       47.6125715
      ],
      [
       -122.3438246,
       47.612794
      ]
     ]
    ]
   },
   "properties": {
    "name": null,
    "id": null,
    "levels": null,
    "kind": "commercial",
    "inside": false,
    "area_m2": null,
    "osm": "way/362819088"
   }
  },
  {
   "type": "Feature",
   "geometry": {
    "type": "Polygon",
    "coordinates": [
     [
      [
       -122.3438246,
       47.612794
      ],
      [
       -122.3440043,
       47.6128995
      ],
      [
       -122.3442909,
       47.6126777
      ],
      [
       -122.3442165,
       47.6126341
      ],
      [
       -122.3442131,
       47.6126366
      ],
      [
       -122.344172,
       47.6126125
      ],
      [
       -122.3441762,
       47.6126092
      ],
      [
       -122.344112,
       47.6125715
      ],
      [
       -122.3438246,
       47.612794
      ]
     ]
    ]
   },
   "properties": {
    "name": null,
    "id": null,
    "levels": null,
    "kind": "apartments",
    "inside": false,
    "area_m2": null,
    "osm": "way/362819089"
   }
  },
  {
   "type": "Feature",
   "geometry": {
    "type": "Polygon",
    "coordinates": [
     [
      [
       -122.3441921,
       47.6130098
      ],
      [
       -122.3440043,
       47.6128995
      ],
      [
       -122.3442909,
       47.6126777
      ],
      [
       -122.3446607,
       47.6128948
      ],
      [
       -122.3444945,
       47.6130234
      ],
      [
       -122.3444201,
       47.6129797
      ],
      [
       -122.3444667,
       47.6129437
      ],
      [
       -122.3443352,
       47.6128665
      ],
      [
       -122.3442385,
       47.6129413
      ],
      [
       -122.3442624,
       47.6129554
      ],
      [
       -122.3441921,
       47.6130098
      ]
     ]
    ]
   },
   "properties": {
    "name": "The Rivoli",
    "id": null,
    "levels": null,
    "kind": "apartments",
    "inside": false,
    "area_m2": null,
    "osm": "way/362819090"
   }
  },
  {
   "type": "Feature",
   "geometry": {
    "type": "Polygon",
    "coordinates": [
     [
      [
       -122.3441559,
       47.6125377
      ],
      [
       -122.3439731,
       47.6124251
      ],
      [
       -122.3441302,
       47.6123067
      ],
      [
       -122.3442673,
       47.6122035
      ],
      [
       -122.3442708,
       47.6122014
      ],
      [
       -122.3444503,
       47.6123086
      ],
      [
       -122.3441559,
       47.6125377
      ]
     ]
    ]
   },
   "properties": {
    "name": null,
    "id": null,
    "levels": null,
    "kind": "commercial",
    "inside": false,
    "area_m2": null,
    "osm": "way/362828788"
   }
  },
  {
   "type": "Feature",
   "geometry": {
    "type": "Polygon",
    "coordinates": [
     [
      [
       -122.3439731,
       47.6124251
      ],
      [
       -122.3436107,
       47.6122131
      ],
      [
       -122.3437668,
       47.6120907
      ],
      [
       -122.3441302,
       47.6123067
      ],
      [
       -122.3439731,
       47.6124251
      ]
     ]
    ]
   },
   "properties": {
    "name": null,
    "id": null,
    "levels": null,
    "kind": "commercial",
    "inside": false,
    "area_m2": null,
    "osm": "way/362828789"
   }
  },
  {
   "type": "Feature",
   "geometry": {
    "type": "Polygon",
    "coordinates": [
     [
      [
       -122.3446951,
       47.6121444
      ],
      [
       -122.3445074,
       47.6120337
      ],
      [
       -122.3446698,
       47.6119086
      ],
      [
       -122.3448575,
       47.6120193
      ],
      [
       -122.3446951,
       47.6121444
      ]
     ]
    ]
   },
   "properties": {
    "name": null,
    "id": null,
    "levels": null,
    "kind": "commercial",
    "inside": false,
    "area_m2": null,
    "osm": "way/362828790"
   }
  },
  {
   "type": "Feature",
   "geometry": {
    "type": "Polygon",
    "coordinates": [
     [
      [
       -122.3448792,
       47.612253
      ],
      [
       -122.3446951,
       47.6121444
      ],
      [
       -122.3448575,
       47.6120193
      ],
      [
       -122.3449644,
       47.611937
      ],
      [
       -122.3451485,
       47.6120456
      ],
      [
       -122.3451348,
       47.6120559
      ],
      [
       -122.3448871,
       47.6122471
      ],
      [
       -122.3448792,
       47.612253
      ]
     ]
    ]
   },
   "properties": {
    "name": null,
    "id": null,
    "levels": null,
    "kind": "commercial",
    "inside": false,
    "area_m2": null,
    "osm": "way/362828791"
   }
  },
  {
   "type": "Feature",
   "geometry": {
    "type": "Polygon",
    "coordinates": [
     [
      [
       -122.3427801,
       47.611714
      ],
      [
       -122.342868,
       47.6117652
      ],
      [
       -122.3431582,
       47.6115388
      ],
      [
       -122.3430704,
       47.6114876
      ],
      [
       -122.3427801,
       47.611714
      ]
     ]
    ]
   },
   "properties": {
    "name": null,
    "id": null,
    "levels": null,
    "kind": "commercial",
    "inside": false,
    "area_m2": null,
    "osm": "way/362842408"
   }
  },
  {
   "type": "Feature",
   "geometry": {
    "type": "Polygon",
    "coordinates": [
     [
      [
       -122.3450268,
       47.6118699
      ],
      [
       -122.3448482,
       47.6117621
      ],
      [
       -122.345165,
       47.6115211
      ],
      [
       -122.3453426,
       47.6116268
      ],
      [
       -122.3450268,
       47.6118699
      ]
     ]
    ]
   },
   "properties": {
    "name": null,
    "id": null,
    "levels": null,
    "kind": "commercial",
    "inside": false,
    "area_m2": null,
    "osm": "way/362856925"
   }
  },
  {
   "type": "Feature",
   "geometry": {
    "type": "Polygon",
    "coordinates": [
     [
      [
       -122.3454224,
       47.6125766
      ],
      [
       -122.3456095,
       47.6126875
      ],
      [
       -122.3459066,
       47.6124596
      ],
      [
       -122.3457196,
       47.6123488
      ],
      [
       -122.3454224,
       47.6125766
      ]
     ]
    ]
   },
   "properties": {
    "name": "Lewiston Apartments",
    "id": null,
    "levels": null,
    "kind": "apartments",
    "inside": false,
    "area_m2": null,
    "osm": "way/362997557"
   }
  },
  {
   "type": "Feature",
   "geometry": {
    "type": "Polygon",
    "coordinates": [
     [
      [
       -122.3456095,
       47.6126875
      ],
      [
       -122.3457904,
       47.6127947
      ],
      [
       -122.3458562,
       47.6127443
      ],
      [
       -122.346084,
       47.6125695
      ],
      [
       -122.3460875,
       47.6125668
      ],
      [
       -122.3459066,
       47.6124596
      ],
      [
       -122.3456095,
       47.6126875
      ]
     ]
    ]
   },
   "properties": {
    "name": "Lewiston-Scargo Apartments",
    "id": null,
    "levels": null,
    "kind": "yes",
    "inside": false,
    "area_m2": null,
    "osm": "way/362997558"
   }
  },
  {
   "type": "Feature",
   "geometry": {
    "type": "Polygon",
    "coordinates": [
     [
      [
       -122.3381312,
       47.6106689
      ],
      [
       -122.3381194,
       47.6106886
      ],
      [
       -122.3379787,
       47.6107471
      ],
      [
       -122.3380421,
       47.6108164
      ],
      [
       -122.337934,
       47.6108614
      ],
      [
       -122.3379796,
       47.6109113
      ],
      [
       -122.338154,
       47.6108386
      ],
      [
       -122.3382047,
       47.6108177
      ],
      [
       -122.3382088,
       47.610822
      ],
      [
       -122.3383293,
       47.6107719
      ],
      [
       -122.3383394,
       47.610783
      ],
      [
       -122.3384871,
       47.6107216
      ],
      [
       -122.3384768,
       47.6107103
      ],
      [
       -122.3383965,
       47.6106225
      ],
      [
       -122.3383821,
       47.6106285
      ],
      [
       -122.3382455,
       47.6104792
      ],
      [
       -122.3382232,
       47.6104548
      ],
      [
       -122.338015,
       47.6105414
      ],
      [
       -122.3380661,
       47.6105972
      ],
      [
       -122.3380548,
       47.6106019
      ],
      [
       -122.3380815,
       47.610631
      ],
      [
       -122.3380923,
       47.6106265
      ],
      [
       -122.3381312,
       47.6106689
      ]
     ]
    ]
   },
   "properties": {
    "name": "Gilmore Apartments",
    "id": null,
    "levels": null,
    "kind": "yes",
    "inside": false,
    "area_m2": null,
    "osm": "way/363046815"
   }
  },
  {
   "type": "Feature",
   "geometry": {
    "type": "Polygon",
    "coordinates": [
     [
      [
       -122.3382232,
       47.6104548
      ],
      [
       -122.3380947,
       47.6103143
      ],
      [
       -122.3377244,
       47.6104683
      ],
      [
       -122.3378529,
       47.6106088
      ],
      [
       -122.338015,
       47.6105414
      ],
      [
       -122.3382232,
       47.6104548
      ]
     ]
    ]
   },
   "properties": {
    "name": "The Century Building",
    "id": null,
    "levels": null,
    "kind": "yes",
    "inside": false,
    "area_m2": null,
    "osm": "way/363046816"
   }
  },
  {
   "type": "Feature",
   "geometry": {
    "type": "Polygon",
    "coordinates": [
     [
      [
       -122.3380947,
       47.6103143
      ],
      [
       -122.3377244,
       47.6104683
      ],
      [
       -122.3376589,
       47.6104955
      ],
      [
       -122.337293,
       47.6106476
      ],
      [
       -122.33713,
       47.6104694
      ],
      [
       -122.337075,
       47.6104092
      ],
      [
       -122.3370659,
       47.6103992
      ],
      [
       -122.336927,
       47.6102474
      ],
      [
       -122.3369127,
       47.6102318
      ],
      [
       -122.3370498,
       47.6101748
      ],
      [
       -122.3373855,
       47.6100352
      ],
      [
       -122.3377143,
       47.6098985
      ],
      [
       -122.3377286,
       47.6099141
      ],
      [
       -122.3378675,
       47.610066
      ],
      [
       -122.3378766,
       47.6100759
      ],
      [
       -122.3379736,
       47.610182
      ],
      [
       -122.3380947,
       47.6103143
      ]
     ]
    ]
   },
   "properties": {
    "name": "Century Square",
    "id": null,
    "levels": null,
    "kind": "office",
    "inside": false,
    "area_m2": null,
    "osm": "way/363046817"
   }
  },
  {
   "type": "Feature",
   "geometry": {
    "type": "Polygon",
    "coordinates": [
     [
      [
       -122.3398256,
       47.6078263
      ],
      [
       -122.3397146,
       47.6077044
      ],
      [
       -122.3396525,
       47.6077302
      ],
      [
       -122.3396389,
       47.6077153
      ],
      [
       -122.3395443,
       47.6077549
      ],
      [
       -122.3395542,
       47.6077661
      ],
      [
       -122.3395031,
       47.6077875
      ],
      [
       -122.3394932,
       47.6077766
      ],
      [
       -122.339393,
       47.6078184
      ],
      [
       -122.3394014,
       47.6078276
      ],
      [
       -122.3393323,
       47.6078566
      ],
      [
       -122.3394479,
       47.6079832
      ],
      [
       -122.3398256,
       47.6078263
      ]
     ]
    ]
   },
   "properties": {
    "name": "South Arcade Condominiums",
    "id": null,
    "levels": null,
    "kind": "yes",
    "inside": false,
    "area_m2": null,
    "osm": "way/363197066"
   }
  },
  {
   "type": "Feature",
   "geometry": {
    "type": "Polygon",
    "coordinates": [
     [
      [
       -122.3402101,
       47.6082414
      ],
      [
       -122.3403208,
       47.6083626
      ],
      [
       -122.3403295,
       47.6083721
      ],
      [
       -122.3404519,
       47.608506
      ],
      [
       -122.340475,
       47.6085313
      ],
      [
       -122.3404553,
       47.6085395
      ],
      [
       -122.3400835,
       47.6086939
      ],
      [
       -122.3400555,
       47.6086633
      ],
      [
       -122.3398186,
       47.6084041
      ],
      [
       -122.3402101,
       47.6082414
      ]
     ]
    ]
   },
   "properties": {
    "name": null,
    "id": null,
    "levels": null,
    "kind": "retail",
    "inside": true,
    "area_m2": null,
    "osm": "way/363197067"
   }
  },
  {
   "type": "Feature",
   "geometry": {
    "type": "Polygon",
    "coordinates": [
     [
      [
       -122.3405388,
       47.608505
      ],
      [
       -122.3403932,
       47.6083483
      ],
      [
       -122.3403846,
       47.608339
      ],
      [
       -122.3402742,
       47.6082202
      ],
      [
       -122.3403742,
       47.608178
      ],
      [
       -122.3404717,
       47.608283
      ],
      [
       -122.340504,
       47.6083178
      ],
      [
       -122.3406443,
       47.6082585
      ],
      [
       -122.3407069,
       47.6083259
      ],
      [
       -122.340779,
       47.6084036
      ],
      [
       -122.3407051,
       47.6084348
      ],
      [
       -122.3405826,
       47.6084865
      ],
      [
       -122.3405483,
       47.608501
      ],
      [
       -122.3405425,
       47.6085035
      ],
      [
       -122.3405388,
       47.608505
      ]
     ]
    ]
   },
   "properties": {
    "name": null,
    "id": null,
    "levels": null,
    "kind": "retail",
    "inside": true,
    "area_m2": null,
    "osm": "way/363197068"
   }
  },
  {
   "type": "Feature",
   "geometry": {
    "type": "Polygon",
    "coordinates": [
     [
      [
       -122.340779,
       47.6084036
      ],
      [
       -122.3409508,
       47.608331
      ],
      [
       -122.3408787,
       47.6082534
      ],
      [
       -122.3408721,
       47.6082562
      ],
      [
       -122.3407069,
       47.6083259
      ],
      [
       -122.340779,
       47.6084036
      ]
     ]
    ]
   },
   "properties": {
    "name": null,
    "id": null,
    "levels": null,
    "kind": "yes",
    "inside": true,
    "area_m2": null,
    "osm": "way/363197069"
   }
  },
  {
   "type": "Feature",
   "geometry": {
    "type": "Polygon",
    "coordinates": [
     [
      [
       -122.3408095,
       47.6081888
      ],
      [
       -122.3408721,
       47.6082562
      ],
      [
       -122.3407069,
       47.6083259
      ],
      [
       -122.3406443,
       47.6082585
      ],
      [
       -122.3408095,
       47.6081888
      ]
     ]
    ]
   },
   "properties": {
    "name": null,
    "id": null,
    "levels": null,
    "kind": "yes",
    "inside": true,
    "area_m2": null,
    "osm": "way/363197070"
   }
  },
  {
   "type": "Feature",
   "geometry": {
    "type": "Polygon",
    "coordinates": [
     [
      [
       -122.3408095,
       47.6081888
      ],
      [
       -122.3406855,
       47.6080553
      ],
      [
       -122.3404498,
       47.6081549
      ],
      [
       -122.3404844,
       47.608192
      ],
      [
       -122.3404681,
       47.6081989
      ],
      [
       -122.3405253,
       47.6082604
      ],
      [
       -122.3404717,
       47.608283
      ],
      [
       -122.340504,
       47.6083178
      ],
      [
       -122.3406443,
       47.6082585
      ],
      [
       -122.3408095,
       47.6081888
      ]
     ]
    ]
   },
   "properties": {
    "name": null,
    "id": null,
    "levels": null,
    "kind": "yes",
    "inside": true,
    "area_m2": null,
    "osm": "way/363197071"
   }
  },
  {
   "type": "Feature",
   "geometry": {
    "type": "Polygon",
    "coordinates": [
     [
      [
       -122.3391173,
       47.6069485
      ],
      [
       -122.3389841,
       47.606804
      ],
      [
       -122.3389482,
       47.606765
      ],
      [
       -122.3389254,
       47.6067402
      ],
      [
       -122.3389384,
       47.6067227
      ],
      [
       -122.338948,
       47.6067025
      ],
      [
       -122.3389492,
       47.6066839
      ],
      [
       -122.3389456,
       47.6066604
      ],
      [
       -122.3389348,
       47.6066418
      ],
      [
       -122.3389212,
       47.6066252
      ],
      [
       -122.3390004,
       47.6065921
      ],
      [
       -122.3392606,
       47.6064843
      ],
      [
       -122.3393581,
       47.6065901
      ],
      [
       -122.3395297,
       47.6067763
      ],
      [
       -122.3391173,
       47.6069485
      ]
     ]
    ]
   },
   "properties": {
    "name": "Harbor Steps Northwest Tower",
    "id": null,
    "levels": null,
    "kind": "yes",
    "inside": false,
    "area_m2": null,
    "osm": "way/363197072"
   }
  },
  {
   "type": "Feature",
   "geometry": {
    "type": "Polygon",
    "coordinates": [
     [
      [
       -122.3390548,
       47.6069742
      ],
      [
       -122.3389193,
       47.6068301
      ],
      [
       -122.3388604,
       47.6067674
      ],
      [
       -122.3388229,
       47.6067671
      ],
      [
       -122.3387833,
       47.6067632
      ],
      [
       -122.3387477,
       47.6067503
      ],
      [
       -122.3387227,
       47.6067338
      ],
      [
       -122.338704,
       47.6067162
      ],
      [
       -122.338397,
       47.6068397
      ],
      [
       -122.3384809,
       47.6069268
      ],
      [
       -122.3385388,
       47.6069866
      ],
      [
       -122.3386773,
       47.6071297
      ],
      [
       -122.3390548,
       47.6069742
      ]
     ]
    ]
   },
   "properties": {
    "name": "Harbor Steps Northeast Tower",
    "id": null,
    "levels": null,
    "kind": "apartments",
    "inside": false,
    "area_m2": null,
    "osm": "way/363197074"
   }
  },
  {
   "type": "Feature",
   "geometry": {
    "type": "Polygon",
    "coordinates": [
     [
      [
       -122.3386535,
       47.6065406
      ],
      [
       -122.338587,
       47.6064689
      ],
      [
       -122.3384447,
       47.6065303
      ],
      [
       -122.3384261,
       47.6065104
      ],
      [
       -122.3384667,
       47.6064931
      ],
      [
       -122.3384469,
       47.6064719
      ],
      [
       -122.3381927,
       47.6061991
      ],
      [
       -122.3381146,
       47.6061162
      ],
      [
       -122.3380787,
       47.6061315
      ],
      [
       -122.3380601,
       47.6061115
      ],
      [
       -122.3382061,
       47.6060494
      ],
      [
       -122.3381433,
       47.6059817
      ],
      [
       -122.3377685,
       47.6061396
      ],
      [
       -122.3378322,
       47.6062083
      ],
      [
       -122.3379037,
       47.6061779
      ],
      [
       -122.3379202,
       47.6061956
      ],
      [
       -122.3378766,
       47.6062142
      ],
      [
       -122.3379605,
       47.6063037
      ],
      [
       -122.3382124,
       47.6065738
      ],
      [
       -122.3382317,
       47.6065945
      ],
      [
       -122.3382027,
       47.6066084
      ],
      [
       -122.3382842,
       47.6066963
      ],
      [
       -122.3386535,
       47.6065406
      ]
     ]
    ]
   },
   "properties": {
    "name": "Harbor Steps Southeast Tower",
    "id": null,
    "levels": null,
    "kind": "apartments",
    "inside": false,
    "area_m2": null,
    "osm": "way/363197077"
   }
  },
  {
   "type": "Feature",
   "geometry": {
    "type": "Polygon",
    "coordinates": [
     [
      [
       -122.338737,
       47.6063934
      ],
      [
       -122.3387246,
       47.6063798
      ],
      [
       -122.3387148,
       47.606369
      ],
      [
       -122.3387428,
       47.6063564
      ],
      [
       -122.338709,
       47.6063217
      ],
      [
       -122.3387621,
       47.6063004
      ],
      [
       -122.338577,
       47.6060927
      ],
      [
       -122.3385354,
       47.6061102
      ],
      [
       -122.3385054,
       47.6060778
      ],
      [
       -122.3384554,
       47.6060989
      ],
      [
       -122.3384444,
       47.6060858
      ],
      [
       -122.3383962,
       47.606035
      ],
      [
       -122.3383019,
       47.6060747
      ],
      [
       -122.3381947,
       47.6059591
      ],
      [
       -122.3386042,
       47.6057866
      ],
      [
       -122.3386687,
       47.6058562
      ],
      [
       -122.3386535,
       47.6058626
      ],
      [
       -122.3386762,
       47.6058871
      ],
      [
       -122.3386895,
       47.6058815
      ],
      [
       -122.3387511,
       47.6059476
      ],
      [
       -122.339049,
       47.6062703
      ],
      [
       -122.3391175,
       47.6063445
      ],
      [
       -122.3387128,
       47.6065127
      ],
      [
       -122.3386395,
       47.606436
      ],
      [
       -122.338737,
       47.6063934
      ]
     ]
    ]
   },
   "properties": {
    "name": "Harbor Steps Southwest Tower",
    "id": null,
    "levels": null,
    "kind": "yes",
    "inside": false,
    "area_m2": null,
    "osm": "way/363197078"
   }
  },
  {
   "type": "Feature",
   "geometry": {
    "type": "Polygon",
    "coordinates": [
     [
      [
       -122.339086,
       47.6059689
      ],
      [
       -122.3390953,
       47.6059651
      ],
      [
       -122.3392582,
       47.6058975
      ],
      [
       -122.339402,
       47.6058384
      ],
      [
       -122.3395554,
       47.6057735
      ],
      [
       -122.3393107,
       47.6055028
      ],
      [
       -122.3388346,
       47.6057023
      ],
      [
       -122.339086,
       47.6059689
      ]
     ]
    ]
   },
   "properties": {
    "name": "Olympic Warehouse and Cold Storage Building",
    "id": null,
    "levels": null,
    "kind": "yes",
    "inside": false,
    "area_m2": null,
    "osm": "way/363197080"
   }
  },
  {
   "type": "Feature",
   "geometry": {
    "type": "Polygon",
    "coordinates": [
     [
      [
       -122.3390953,
       47.6059651
      ],
      [
       -122.3393472,
       47.6062434
      ],
      [
       -122.3398088,
       47.6060534
      ],
      [
       -122.3395554,
       47.6057735
      ],
      [
       -122.339402,
       47.6058384
      ],
      [
       -122.3392582,
       47.6058975
      ],
      [
       -122.3390953,
       47.6059651
      ]
     ]
    ]
   },
   "properties": {
    "name": null,
    "id": null,
    "levels": null,
    "kind": "yes",
    "inside": false,
    "area_m2": null,
    "osm": "way/363197081"
   }
  },
  {
   "type": "Feature",
   "geometry": {
    "type": "Polygon",
    "coordinates": [
     [
      [
       -122.3435589,
       47.6098485
      ],
      [
       -122.3435527,
       47.609842
      ],
      [
       -122.3435506,
       47.6098345
      ],
      [
       -122.343553,
       47.6098269
      ],
      [
       -122.3435594,
       47.6098206
      ],
      [
       -122.343569,
       47.6098164
      ],
      [
       -122.3435802,
       47.609815
      ],
      [
       -122.3435914,
       47.6098166
      ],
      [
       -122.3436008,
       47.609821
      ],
      [
       -122.3436735,
       47.6098713
      ],
      [
       -122.3436797,
       47.6098777
      ],
      [
       -122.3436818,
       47.6098853
      ],
      [
       -122.3436794,
       47.6098928
      ],
      [
       -122.343673,
       47.6098991
      ],
      [
       -122.3436634,
       47.6099033
      ],
      [
       -122.3436522,
       47.6099047
      ],
      [
       -122.343641,
       47.6099031
      ],
      [
       -122.3436316,
       47.6098988
      ],
      [
       -122.3435589,
       47.6098485
      ]
     ]
    ]
   },
   "properties": {
    "name": null,
    "id": null,
    "levels": null,
    "kind": "roof",
    "inside": true,
    "area_m2": null,
    "osm": "way/363244504"
   }
  },
  {
   "type": "Feature",
   "geometry": {
    "type": "Polygon",
    "coordinates": [
     [
      [
       -122.3401981,
       47.6087645
      ],
      [
       -122.3405488,
       47.608615
      ],
      [
       -122.3405401,
       47.6086058
      ],
      [
       -122.340531,
       47.6085961
      ],
      [
       -122.340525,
       47.6085896
      ],
      [
       -122.3404893,
       47.6086048
      ],
      [
       -122.3401743,
       47.6087391
      ],
      [
       -122.340168,
       47.6087432
      ],
      [
       -122.3401645,
       47.6087485
      ],
      [
       -122.3401643,
       47.6087544
      ],
      [
       -122.340167,
       47.6087598
      ],
      [
       -122.3401734,
       47.6087641
      ],
      [
       -122.3401813,
       47.6087665
      ],
      [
       -122.34019,
       47.6087666
      ],
      [
       -122.3401981,
       47.6087645
      ]
     ]
    ]
   },
   "properties": {
    "name": null,
    "id": null,
    "levels": null,
    "kind": "roof",
    "inside": true,
    "area_m2": null,
    "osm": "way/363400648"
   }
  },
  {
   "type": "Feature",
   "geometry": {
    "type": "Polygon",
    "coordinates": [
     [
      [
       -122.3424101,
       47.6100786
      ],
      [
       -122.3425533,
       47.6099681
      ],
      [
       -122.3425691,
       47.6099559
      ],
      [
       -122.3422163,
       47.6097481
      ],
      [
       -122.342204,
       47.6097576
      ],
      [
       -122.342082,
       47.6098517
      ],
      [
       -122.342093,
       47.6098582
      ],
      [
       -122.3420522,
       47.6098897
      ],
      [
       -122.3420322,
       47.6098779
      ],
      [
       -122.3419596,
       47.6099339
      ],
      [
       -122.342073,
       47.6100007
      ],
      [
       -122.3421398,
       47.6099491
      ],
      [
       -122.3421243,
       47.60994
      ],
      [
       -122.3421382,
       47.6099293
      ],
      [
       -122.3421309,
       47.609925
      ],
      [
       -122.3421389,
       47.6099189
      ],
      [
       -122.3424101,
       47.6100786
      ]
     ]
    ]
   },
   "properties": {
    "name": "Stewart House",
    "id": "stewart-house",
    "levels": 3,
    "kind": "apartments",
    "inside": true,
    "area_m2": 739.1,
    "osm": "way/367894552"
   }
  },
  {
   "type": "Feature",
   "geometry": {
    "type": "Polygon",
    "coordinates": [
     [
      [
       -122.3425691,
       47.6099559
      ],
      [
       -122.3427647,
       47.6100711
      ],
      [
       -122.3427494,
       47.6100829
      ],
      [
       -122.3425058,
       47.6102709
      ],
      [
       -122.342411,
       47.6102151
      ],
      [
       -122.3423102,
       47.6101558
      ],
      [
       -122.3424101,
       47.6100786
      ],
      [
       -122.3425533,
       47.6099681
      ],
      [
       -122.3425691,
       47.6099559
      ]
     ]
    ]
   },
   "properties": {
    "name": null,
    "id": null,
    "levels": null,
    "kind": "retail",
    "inside": true,
    "area_m2": null,
    "osm": "way/367894553"
   }
  },
  {
   "type": "Feature",
   "geometry": {
    "type": "Polygon",
    "coordinates": [
     [
      [
       -122.3429391,
       47.6101738
      ],
      [
       -122.3429252,
       47.6101845
      ],
      [
       -122.3425957,
       47.6104388
      ],
      [
       -122.3424213,
       47.6103361
      ],
      [
       -122.3425058,
       47.6102709
      ],
      [
       -122.3427494,
       47.6100829
      ],
      [
       -122.3427647,
       47.6100711
      ],
      [
       -122.3429391,
       47.6101738
      ]
     ]
    ]
   },
   "properties": {
    "name": null,
    "id": null,
    "levels": null,
    "kind": "retail",
    "inside": true,
    "area_m2": null,
    "osm": "way/367894554"
   }
  },
  {
   "type": "Feature",
   "geometry": {
    "type": "Polygon",
    "coordinates": [
     [
      [
       -122.3429391,
       47.6101738
      ],
      [
       -122.3431231,
       47.6102822
      ],
      [
       -122.3431097,
       47.6102928
      ],
      [
       -122.3428042,
       47.6105283
      ],
      [
       -122.3427797,
       47.6105472
      ],
      [
       -122.3425957,
       47.6104388
      ],
      [
       -122.3429252,
       47.6101845
      ],
      [
       -122.3429391,
       47.6101738
      ]
     ]
    ]
   },
   "properties": {
    "name": "Champion Building",
    "id": "champion-building",
    "levels": 3,
    "kind": "yes",
    "inside": true,
    "area_m2": 717.1,
    "osm": "way/367894555"
   }
  },
  {
   "type": "Feature",
   "geometry": {
    "type": "Polygon",
    "coordinates": [
     [
      [
       -122.3428042,
       47.6105283
      ],
      [
       -122.3429885,
       47.6106368
      ],
      [
       -122.343232,
       47.6104489
      ],
      [
       -122.3432438,
       47.6104555
      ],
      [
       -122.3432555,
       47.6104622
      ],
      [
       -122.3433284,
       47.6104096
      ],
      [
       -122.3433123,
       47.6103996
      ],
      [
       -122.3431231,
       47.6102822
      ],
      [
       -122.3431097,
       47.6102928
      ],
      [
       -122.3428042,
       47.6105283
      ]
     ]
    ]
   },
   "properties": {
    "name": "Pike & Virginia Building",
    "id": "pike-virginia-building",
    "levels": 3,
    "kind": "apartments",
    "inside": true,
    "area_m2": 681.4,
    "osm": "way/367894556"
   }
  },
  {
   "type": "Feature",
   "geometry": {
    "type": "Polygon",
    "coordinates": [
     [
      [
       -122.3405914,
       47.6087794
      ],
      [
       -122.3405829,
       47.6087752
      ],
      [
       -122.340573,
       47.6087729
      ],
      [
       -122.3405625,
       47.6087726
      ],
      [
       -122.3405523,
       47.6087744
      ],
      [
       -122.3405434,
       47.6087781
      ],
      [
       -122.3402942,
       47.6088853
      ],
      [
       -122.3402864,
       47.6088886
      ],
      [
       -122.3402775,
       47.6088941
      ],
      [
       -122.3402718,
       47.6089014
      ],
      [
       -122.3402701,
       47.6089096
      ],
      [
       -122.3402724,
       47.6089176
      ],
      [
       -122.3404687,
       47.609133
      ],
      [
       -122.3404807,
       47.6091282
      ],
      [
       -122.3404902,
       47.6091244
      ],
      [
       -122.3403005,
       47.6089056
      ],
      [
       -122.3404195,
       47.6088542
      ],
      [
       -122.3405644,
       47.6087916
      ],
      [
       -122.3408579,
       47.6089711
      ],
      [
       -122.3408713,
       47.6089656
      ],
      [
       -122.3408874,
       47.6089595
      ],
      [
       -122.3406154,
       47.608794
      ],
      [
       -122.3405914,
       47.6087794
      ]
     ]
    ]
   },
   "properties": {
    "name": null,
    "id": null,
    "levels": null,
    "kind": "roof",
    "inside": true,
    "area_m2": null,
    "osm": "way/368008771"
   }
  },
  {
   "type": "Feature",
   "geometry": {
    "type": "Polygon",
    "coordinates": [
     [
      [
       -122.3421631,
       47.6062909
      ],
      [
       -122.342127,
       47.6062906
      ],
      [
       -122.3421275,
       47.606261
      ],
      [
       -122.3421636,
       47.6062613
      ],
      [
       -122.3421631,
       47.6062909
      ]
     ]
    ]
   },
   "properties": {
    "name": null,
    "id": null,
    "levels": null,
    "kind": "roof",
    "inside": false,
    "area_m2": null,
    "osm": "way/396606868"
   }
  },
  {
   "type": "Feature",
   "geometry": {
    "type": "Polygon",
    "coordinates": [
     [
      [
       -122.3426845,
       47.6062153
      ],
      [
       -122.3424615,
       47.6062837
      ],
      [
       -122.3423525,
       47.6061223
      ],
      [
       -122.3425755,
       47.6060539
      ],
      [
       -122.3426845,
       47.6062153
      ]
     ]
    ]
   },
   "properties": {
    "name": null,
    "id": null,
    "levels": null,
    "kind": "roof",
    "inside": false,
    "area_m2": null,
    "osm": "way/396606878"
   }
  },
  {
   "type": "Feature",
   "geometry": {
    "type": "Polygon",
    "coordinates": [
     [
      [
       -122.3420565,
       47.6062213
      ],
      [
       -122.3420563,
       47.6062422
      ],
      [
       -122.3421428,
       47.6062425
      ],
      [
       -122.342143,
       47.6062215
      ],
      [
       -122.3420565,
       47.6062213
      ]
     ]
    ]
   },
   "properties": {
    "name": null,
    "id": null,
    "levels": null,
    "kind": "roof",
    "inside": false,
    "area_m2": null,
    "osm": "way/396606879"
   }
  },
  {
   "type": "Feature",
   "geometry": {
    "type": "Polygon",
    "coordinates": [
     [
      [
       -122.3418193,
       47.6062207
      ],
      [
       -122.3419732,
       47.6062211
      ],
      [
       -122.3419733,
       47.6062347
      ],
      [
       -122.3418194,
       47.6062352
      ],
      [
       -122.3418193,
       47.6062207
      ]
     ]
    ]
   },
   "properties": {
    "name": null,
    "id": null,
    "levels": null,
    "kind": "roof",
    "inside": false,
    "area_m2": null,
    "osm": "way/396606880"
   }
  },
  {
   "type": "Feature",
   "geometry": {
    "type": "Polygon",
    "coordinates": [
     [
      [
       -122.3414115,
       47.6062195
      ],
      [
       -122.3415927,
       47.60622
      ],
      [
       -122.3417373,
       47.6062204
      ],
      [
       -122.3417372,
       47.6062343
      ],
      [
       -122.3414113,
       47.606233
      ],
      [
       -122.3414115,
       47.6062195
      ]
     ]
    ]
   },
   "properties": {
    "name": null,
    "id": null,
    "levels": null,
    "kind": "roof",
    "inside": false,
    "area_m2": null,
    "osm": "way/396606881"
   }
  },
  {
   "type": "Feature",
   "geometry": {
    "type": "Polygon",
    "coordinates": [
     [
      [
       -122.341966,
       47.6096654
      ],
      [
       -122.3419842,
       47.6096757
      ],
      [
       -122.3419919,
       47.6096801
      ],
      [
       -122.3420231,
       47.6096562
      ],
      [
       -122.3420226,
       47.609648
      ],
      [
       -122.3420225,
       47.609637
      ],
      [
       -122.3418295,
       47.6095228
      ],
      [
       -122.3417302,
       47.6095635
      ],
      [
       -122.341737,
       47.6095698
      ],
      [
       -122.3417511,
       47.6095828
      ],
      [
       -122.3418297,
       47.6095491
      ],
      [
       -122.3419913,
       47.6096452
      ],
      [
       -122.341966,
       47.6096654
      ]
     ]
    ]
   },
   "properties": {
    "name": null,
    "id": null,
    "levels": null,
    "kind": "roof",
    "inside": true,
    "area_m2": null,
    "osm": "way/396819740"
   }
  },
  {
   "type": "Feature",
   "geometry": {
    "type": "Polygon",
    "coordinates": [
     [
      [
       -122.3395604,
       47.6095067
      ],
      [
       -122.3393195,
       47.609242
      ],
      [
       -122.3391473,
       47.6093132
      ],
      [
       -122.3393882,
       47.6095779
      ],
      [
       -122.3395604,
       47.6095067
      ]
     ]
    ]
   },
   "properties": {
    "name": "Eitel Building",
    "id": null,
    "levels": null,
    "kind": "yes",
    "inside": false,
    "area_m2": null,
    "osm": "way/397007178"
   }
  },
  {
   "type": "Feature",
   "geometry": {
    "type": "Polygon",
    "coordinates": [
     [
      [
       -122.338918,
       47.6084099
      ],
      [
       -122.3392991,
       47.6082504
      ],
      [
       -122.339538,
       47.6085239
      ],
      [
       -122.3391569,
       47.6086833
      ],
      [
       -122.338918,
       47.6084099
      ]
     ]
    ]
   },
   "properties": {
    "name": null,
    "id": null,
    "levels": null,
    "kind": "retail",
    "inside": false,
    "area_m2": null,
    "osm": "way/397007179"
   }
  },
  {
   "type": "Feature",
   "geometry": {
    "type": "Polygon",
    "coordinates": [
     [
      [
       -122.3457619,
       47.6130813
      ],
      [
       -122.3454622,
       47.6133109
      ],
      [
       -122.3452787,
       47.6132021
      ],
      [
       -122.3455784,
       47.6129724
      ],
      [
       -122.3457619,
       47.6130813
      ]
     ]
    ]
   },
   "properties": {
    "name": null,
    "id": null,
    "levels": null,
    "kind": "yes",
    "inside": false,
    "area_m2": null,
    "osm": "way/397007180"
   }
  },
  {
   "type": "Feature",
   "geometry": {
    "type": "Polygon",
    "coordinates": [
     [
      [
       -122.3395604,
       47.6095067
      ],
      [
       -122.3397592,
       47.6094244
      ],
      [
       -122.3395183,
       47.6091597
      ],
      [
       -122.3393195,
       47.609242
      ],
      [
       -122.3395604,
       47.6095067
      ]
     ]
    ]
   },
   "properties": {
    "name": "The Liberty Building",
    "id": null,
    "levels": null,
    "kind": "yes",
    "inside": false,
    "area_m2": null,
    "osm": "way/397007184"
   }
  },
  {
   "type": "Feature",
   "geometry": {
    "type": "Polygon",
    "coordinates": [
     [
      [
       -122.340027,
       47.6077468
      ],
      [
       -122.3399062,
       47.6077973
      ],
      [
       -122.3398896,
       47.6078042
      ],
      [
       -122.33976,
       47.6076632
      ],
      [
       -122.3401742,
       47.6074901
      ],
      [
       -122.340305,
       47.6076322
      ],
      [
       -122.3401673,
       47.6076898
      ],
      [
       -122.340144,
       47.6076644
      ],
      [
       -122.3400048,
       47.6077226
      ],
      [
       -122.340027,
       47.6077468
      ]
     ]
    ]
   },
   "properties": {
    "name": "U.S. Immigration Building",
    "id": null,
    "levels": null,
    "kind": "yes",
    "inside": false,
    "area_m2": null,
    "osm": "way/397007185"
   }
  },
  {
   "type": "Feature",
   "geometry": {
    "type": "Polygon",
    "coordinates": [
     [
      [
       -122.3414513,
       47.6085345
      ],
      [
       -122.341322,
       47.6083914
      ],
      [
       -122.3413746,
       47.6083698
      ],
      [
       -122.3417385,
       47.6082201
      ],
      [
       -122.341868,
       47.6083632
      ],
      [
       -122.3414513,
       47.6085345
      ]
     ]
    ]
   },
   "properties": {
    "name": "Madore Building",
    "id": null,
    "levels": null,
    "kind": "yes",
    "inside": false,
    "area_m2": null,
    "osm": "way/397007191"
   }
  },
  {
   "type": "Feature",
   "geometry": {
    "type": "Polygon",
    "coordinates": [
     [
      [
       -122.3429748,
       47.6109258
      ],
      [
       -122.3431088,
       47.6110042
      ],
      [
       -122.3434036,
       47.6111767
      ],
      [
       -122.3434082,
       47.6111731
      ],
      [
       -122.3434826,
       47.6112166
      ],
      [
       -122.3433394,
       47.6113278
      ],
      [
       -122.3433214,
       47.6113173
      ],
      [
       -122.3433116,
       47.6113248
      ],
      [
       -122.3428264,
       47.611041
      ],
      [
       -122.3429748,
       47.6109258
      ]
     ]
    ]
   },
   "properties": {
    "name": "Market Place North",
    "id": null,
    "levels": null,
    "kind": "apartments",
    "inside": false,
    "area_m2": null,
    "osm": "way/397010574"
   }
  },
  {
   "type": "Feature",
   "geometry": {
    "type": "Polygon",
    "coordinates": [
     [
      [
       -122.3415487,
       47.6100243
      ],
      [
       -122.3414148,
       47.6101281
      ],
      [
       -122.3411437,
       47.6098308
      ],
      [
       -122.3413095,
       47.6097621
      ],
      [
       -122.341465,
       47.6099325
      ],
      [
       -122.3414958,
       47.6099197
      ],
      [
       -122.3415831,
       47.6098837
      ],
      [
       -122.3415106,
       47.6098042
      ],
      [
       -122.3414451,
       47.6098313
      ],
      [
       -122.3413606,
       47.6097387
      ],
      [
       -122.3415273,
       47.6096696
      ],
      [
       -122.3416844,
       47.6098417
      ],
      [
       -122.34161,
       47.6098726
      ],
      [
       -122.3416438,
       47.6099097
      ],
      [
       -122.3416647,
       47.6099326
      ],
      [
       -122.3415734,
       47.6100047
      ],
      [
       -122.3415487,
       47.6100243
      ]
     ]
    ]
   },
   "properties": {
    "name": "Inn at the Market Building",
    "id": "inn-at-the-market-building",
    "levels": null,
    "kind": "retail",
    "inside": true,
    "area_m2": 929.1,
    "osm": "way/409363106"
   }
  },
  {
   "type": "Feature",
   "geometry": {
    "type": "Polygon",
    "coordinates": [
     [
      [
       -122.342041,
       47.6108825
      ],
      [
       -122.3417475,
       47.6111109
      ],
      [
       -122.3417953,
       47.6111388
      ],
      [
       -122.341836,
       47.6111626
      ],
      [
       -122.3421296,
       47.6109342
      ],
      [
       -122.342041,
       47.6108825
      ]
     ]
    ]
   },
   "properties": {
    "name": "Cipra Building",
    "id": null,
    "levels": null,
    "kind": "yes",
    "inside": false,
    "area_m2": null,
    "osm": "way/421508942"
   }
  },
  {
   "type": "Feature",
   "geometry": {
    "type": "Polygon",
    "coordinates": [
     [
      [
       -122.338709,
       47.6100519
      ],
      [
       -122.33852,
       47.6101306
      ],
      [
       -122.3384012,
       47.61018
      ],
      [
       -122.3382691,
       47.6100358
      ],
      [
       -122.3386377,
       47.6098823
      ],
      [
       -122.3387698,
       47.6100265
      ],
      [
       -122.338709,
       47.6100519
      ]
     ]
    ]
   },
   "properties": {
    "name": "Aaron Building",
    "id": null,
    "levels": null,
    "kind": "yes",
    "inside": false,
    "area_m2": null,
    "osm": "way/421508943"
   }
  },
  {
   "type": "Feature",
   "geometry": {
    "type": "Polygon",
    "coordinates": [
     [
      [
       -122.3422802,
       47.6063258
      ],
      [
       -122.3422024,
       47.60635
      ],
      [
       -122.3421809,
       47.6063187
      ],
      [
       -122.3422586,
       47.6062945
      ],
      [
       -122.3422802,
       47.6063258
      ]
     ]
    ]
   },
   "properties": {
    "name": "Seattle Great Wheel Tickets",
    "id": null,
    "levels": null,
    "kind": "retail",
    "inside": false,
    "area_m2": null,
    "osm": "way/429553385"
   }
  },
  {
   "type": "Feature",
   "geometry": {
    "type": "Polygon",
    "coordinates": [
     [
      [
       -122.3450487,
       47.6118733
      ],
      [
       -122.3450791,
       47.6118915
      ],
      [
       -122.3452906,
       47.6120181
      ],
      [
       -122.345576,
       47.6121888
      ],
      [
       -122.3455821,
       47.6121841
      ],
      [
       -122.3457876,
       47.6120281
      ],
      [
       -122.3457956,
       47.6120329
      ],
      [
       -122.3458291,
       47.6120074
      ],
      [
       -122.3458211,
       47.6120027
      ],
      [
       -122.3458914,
       47.6119493
      ],
      [
       -122.3458318,
       47.6119136
      ],
      [
       -122.3453945,
       47.6116519
      ],
      [
       -122.3453641,
       47.6116338
      ],
      [
       -122.3450487,
       47.6118733
      ]
     ]
    ]
   },
   "properties": {
    "name": "Elara at the Market",
    "id": null,
    "levels": null,
    "kind": "apartments",
    "inside": false,
    "area_m2": null,
    "osm": "way/484790716"
   }
  },
  {
   "type": "Feature",
   "geometry": {
    "type": "Polygon",
    "coordinates": [
     [
      [
       -122.3399483,
       47.611229
      ],
      [
       -122.3402443,
       47.6109784
      ],
      [
       -122.3402598,
       47.6109652
      ],
      [
       -122.340197,
       47.6109256
      ],
      [
       -122.3401641,
       47.610889
      ],
      [
       -122.3401572,
       47.6108918
      ],
      [
       -122.3400934,
       47.6108205
      ],
      [
       -122.3401002,
       47.6108177
      ],
      [
       -122.340039,
       47.6107495
      ],
      [
       -122.3400323,
       47.6107522
      ],
      [
       -122.339895,
       47.6108082
      ],
      [
       -122.3397836,
       47.6108537
      ],
      [
       -122.3396576,
       47.6109051
      ],
      [
       -122.3396845,
       47.6109351
      ],
      [
       -122.3399483,
       47.611229
      ]
     ]
    ]
   },
   "properties": {
    "name": null,
    "id": null,
    "levels": null,
    "kind": "apartments",
    "inside": false,
    "area_m2": null,
    "osm": "way/494777672"
   }
  },
  {
   "type": "Feature",
   "geometry": {
    "type": "Polygon",
    "coordinates": [
     [
      [
       -122.3416746,
       47.6080302
      ],
      [
       -122.3416314,
       47.607985
      ],
      [
       -122.3414127,
       47.6077507
      ],
      [
       -122.3414911,
       47.6077151
      ],
      [
       -122.3418833,
       47.6079362
      ],
      [
       -122.3416746,
       47.6080302
      ]
     ]
    ]
   },
   "properties": {
    "name": "Bakun Building",
    "id": null,
    "levels": null,
    "kind": "yes",
    "inside": false,
    "area_m2": null,
    "osm": "way/549038655"
   }
  },
  {
   "type": "Feature",
   "geometry": {
    "type": "Polygon",
    "coordinates": [
     [
      [
       -122.3411775,
       47.6082168
      ],
      [
       -122.3407956,
       47.6078171
      ],
      [
       -122.3412679,
       47.6076165
      ],
      [
       -122.3413024,
       47.6076537
      ],
      [
       -122.3416152,
       47.607991
      ],
      [
       -122.3416314,
       47.607985
      ],
      [
       -122.3416746,
       47.6080302
      ],
      [
       -122.3416645,
       47.6080342
      ],
      [
       -122.3412633,
       47.6082017
      ],
      [
       -122.3412495,
       47.6081865
      ],
      [
       -122.3411775,
       47.6082168
      ]
     ]
    ]
   },
   "properties": {
    "name": "Republic Parking",
    "id": null,
    "levels": null,
    "kind": "parking",
    "inside": false,
    "area_m2": null,
    "osm": "way/549073892"
   }
  },
  {
   "type": "Feature",
   "geometry": {
    "type": "Polygon",
    "coordinates": [
     [
      [
       -122.3424108,
       47.6128864
      ],
      [
       -122.3425125,
       47.6128084
      ],
      [
       -122.3423962,
       47.6127396
      ],
      [
       -122.3419633,
       47.6124832
      ],
      [
       -122.3417761,
       47.6126269
      ],
      [
       -122.3416932,
       47.6126905
      ],
      [
       -122.3416819,
       47.6126992
      ],
      [
       -122.3420097,
       47.6128933
      ],
      [
       -122.342231,
       47.6130244
      ],
      [
       -122.3424108,
       47.6128864
      ]
     ]
    ]
   },
   "properties": {
    "name": "The Modern",
    "id": null,
    "levels": null,
    "kind": "yes",
    "inside": false,
    "area_m2": null,
    "osm": "way/613645323"
   }
  },
  {
   "type": "Feature",
   "geometry": {
    "type": "Polygon",
    "coordinates": [
     [
      [
       -122.3407579,
       47.610598
      ],
      [
       -122.3405146,
       47.6107829
      ],
      [
       -122.3404387,
       47.6107375
      ],
      [
       -122.3404031,
       47.6106971
      ],
      [
       -122.3403287,
       47.6106168
      ],
      [
       -122.3402883,
       47.6105733
      ],
      [
       -122.3406623,
       47.6104156
      ],
      [
       -122.3408007,
       47.6105648
      ],
      [
       -122.3407579,
       47.610598
      ]
     ]
    ]
   },
   "properties": {
    "name": "The Emerald",
    "id": null,
    "levels": null,
    "kind": "apartments",
    "inside": false,
    "area_m2": null,
    "osm": "way/688082629"
   }
  },
  {
   "type": "Feature",
   "geometry": {
    "type": "Polygon",
    "coordinates": [
     [
      [
       -122.3447812,
       47.6105027
      ],
      [
       -122.3449491,
       47.6106003
      ],
      [
       -122.3449289,
       47.6106161
      ],
      [
       -122.344869,
       47.6106629
      ],
      [
       -122.3448506,
       47.6106773
      ],
      [
       -122.3447848,
       47.6107289
      ],
      [
       -122.3447694,
       47.6107409
      ],
      [
       -122.3447562,
       47.6107332
      ],
      [
       -122.344707,
       47.6107717
      ],
      [
       -122.3446041,
       47.6107128
      ],
      [
       -122.3445492,
       47.61068
      ],
      [
       -122.3446055,
       47.610636
      ],
      [
       -122.3446811,
       47.6105768
      ],
      [
       -122.3447025,
       47.6105892
      ],
      [
       -122.3447852,
       47.6105245
      ],
      [
       -122.3447669,
       47.6105139
      ],
      [
       -122.3447812,
       47.6105027
      ]
     ]
    ]
   },
   "properties": {
    "name": "Aerlume",
    "id": null,
    "levels": null,
    "kind": "yes",
    "inside": false,
    "area_m2": null,
    "osm": "way/719043234"
   }
  },
  {
   "type": "Feature",
   "geometry": {
    "type": "Polygon",
    "coordinates": [
     [
      [
       -122.3415344,
       47.610727
      ],
      [
       -122.3413435,
       47.6108746
      ],
      [
       -122.341554,
       47.6109983
      ],
      [
       -122.3418464,
       47.6107722
      ],
      [
       -122.3416359,
       47.6106485
      ],
      [
       -122.3415344,
       47.610727
      ]
     ]
    ]
   },
   "properties": {
    "name": "Sequel",
    "id": null,
    "levels": null,
    "kind": "apartments",
    "inside": false,
    "area_m2": null,
    "osm": "way/1039203632"
   }
  },
  {
   "type": "Feature",
   "geometry": {
    "type": "Polygon",
    "coordinates": [
     [
      [
       -122.3396335,
       47.6126604
      ],
      [
       -122.3392837,
       47.6124578
      ],
      [
       -122.3399081,
       47.6119739
      ],
      [
       -122.3402044,
       47.6121511
      ],
      [
       -122.3402509,
       47.6121789
      ],
      [
       -122.3396335,
       47.6126604
      ]
     ]
    ]
   },
   "properties": {
    "name": null,
    "id": null,
    "levels": null,
    "kind": "yes",
    "inside": false,
    "area_m2": null,
    "osm": "way/1123103926"
   }
  },
  {
   "type": "Feature",
   "geometry": {
    "type": "Polygon",
    "coordinates": [
     [
      [
       -122.340066,
       47.6129108
      ],
      [
       -122.3396335,
       47.6126604
      ],
      [
       -122.3402509,
       47.6121789
      ],
      [
       -122.340679,
       47.6124348
      ],
      [
       -122.340066,
       47.6129108
      ]
     ]
    ]
   },
   "properties": {
    "name": null,
    "id": null,
    "levels": null,
    "kind": "yes",
    "inside": false,
    "area_m2": null,
    "osm": "way/1123103927"
   }
  },
  {
   "type": "Feature",
   "geometry": {
    "type": "Polygon",
    "coordinates": [
     [
      [
       -122.3434153,
       47.6075482
      ],
      [
       -122.3435563,
       47.6075469
      ],
      [
       -122.3435551,
       47.607701
      ],
      [
       -122.3435532,
       47.6077113
      ],
      [
       -122.3435477,
       47.6077202
      ],
      [
       -122.3435392,
       47.6077291
      ],
      [
       -122.3435292,
       47.6077361
      ],
      [
       -122.3435155,
       47.6077419
      ],
      [
       -122.3435005,
       47.6077455
      ],
      [
       -122.3434854,
       47.6077465
      ],
      [
       -122.3434722,
       47.6077462
      ],
      [
       -122.3434593,
       47.6077447
      ],
      [
       -122.3434459,
       47.607741
      ],
      [
       -122.3434365,
       47.6077368
      ],
      [
       -122.3434262,
       47.6077309
      ],
      [
       -122.3434035,
       47.6077475
      ],
      [
       -122.3434254,
       47.6077594
      ],
      [
       -122.3434423,
       47.6077615
      ],
      [
       -122.3434653,
       47.6077673
      ],
      [
       -122.3434923,
       47.6077781
      ],
      [
       -122.3435101,
       47.6077879
      ],
      [
       -122.3435208,
       47.6077952
      ],
      [
       -122.3435265,
       47.6077933
      ],
      [
       -122.3435329,
       47.6077932
      ],
      [
       -122.343542,
       47.6077945
      ],
      [
       -122.343549,
       47.6077989
      ],
      [
       -122.3435608,
       47.6078125
      ],
      [
       -122.3435723,
       47.6078311
      ],
      [
       -122.3435792,
       47.6078482
      ],
      [
       -122.343581,
       47.6078656
      ],
      [
       -122.3436473,
       47.6078661
      ],
      [
       -122.343648,
       47.6078837
      ],
      [
       -122.3435453,
       47.6078815
      ],
      [
       -122.3435446,
       47.6078947
      ],
      [
       -122.3435699,
       47.6078952
      ],
      [
       -122.3435633,
       47.6079112
      ],
      [
       -122.3435559,
       47.6079235
      ],
      [
       -122.3435427,
       47.6079419
      ],
      [
       -122.3435223,
       47.6079589
      ],
      [
       -122.343509,
       47.6079595
      ],
      [
       -122.3434941,
       47.6079514
      ],
      [
       -122.3434797,
       47.6079602
      ],
      [
       -122.343464,
       47.6079679
      ],
      [
       -122.3434449,
       47.6079736
      ],
      [
       -122.3434245,
       47.6079777
      ],
      [
       -122.3434236,
       47.608037
      ],
      [
       -122.3434236,
       47.6080469
      ],
      [
       -122.3432841,
       47.6080473
      ],
      [
       -122.3428868,
       47.6078113
      ],
      [
       -122.3428837,
       47.6075426
      ],
      [
       -122.342923,
       47.6075421
      ],
      [
       -122.3429223,
       47.6075116
      ],
      [
       -122.3430397,
       47.6075117
      ],
      [
       -122.34304,
       47.6075417
      ],
      [
       -122.3430791,
       47.6075421
      ],
      [
       -122.3430796,
       47.6075485
      ],
      [
       -122.3433285,
       47.6075484
      ],
      [
       -122.343329,
       47.6075116
      ],
      [
       -122.3434143,
       47.6075118
      ],
      [
       -122.3434153,
       47.6075482
      ]
     ]
    ]
   },
   "properties": {
    "name": null,
    "id": null,
    "levels": null,
    "kind": "yes",
    "inside": false,
    "area_m2": null,
    "osm": "way/1154870289"
   }
  },
  {
   "type": "Feature",
   "geometry": {
    "type": "Polygon",
    "coordinates": [
     [
      [
       -122.3414374,
       47.6094906
      ],
      [
       -122.3413975,
       47.6094471
      ],
      [
       -122.3413107,
       47.6093525
      ],
      [
       -122.3412435,
       47.6092785
      ],
      [
       -122.3411917,
       47.6092213
      ],
      [
       -122.3411264,
       47.6091493
      ],
      [
       -122.3411324,
       47.6091468
      ],
      [
       -122.3411394,
       47.6091439
      ],
      [
       -122.3414148,
       47.6093076
      ],
      [
       -122.341546,
       47.6093839
      ],
      [
       -122.3416082,
       47.60942
      ],
      [
       -122.3414374,
       47.6094906
      ]
     ]
    ]
   },
   "properties": {
    "name": "Triangle Building",
    "id": "triangle-building",
    "levels": null,
    "kind": "yes",
    "inside": true,
    "area_m2": 358.3,
    "osm": "way/1190291980"
   }
  },
  {
   "type": "Feature",
   "geometry": {
    "type": "Polygon",
    "coordinates": [
     [
      [
       -122.3422926,
       47.6085051
      ],
      [
       -122.3425348,
       47.6087666
      ],
      [
       -122.3426332,
       47.6087282
      ],
      [
       -122.3425591,
       47.6086401
      ],
      [
       -122.3424639,
       47.6085569
      ],
      [
       -122.3423586,
       47.6084796
      ],
      [
       -122.3422926,
       47.6085051
      ]
     ]
    ]
   },
   "properties": {
    "name": null,
    "id": null,
    "levels": null,
    "kind": "roof",
    "inside": false,
    "area_m2": null,
    "osm": "way/1256939000"
   }
  },
  {
   "type": "Feature",
   "geometry": {
    "type": "Polygon",
    "coordinates": [
     [
      [
       -122.3426332,
       47.6087282
      ],
      [
       -122.3425348,
       47.6087666
      ],
      [
       -122.3426964,
       47.6089411
      ],
      [
       -122.3427673,
       47.6089112
      ],
      [
       -122.3426332,
       47.6087282
      ]
     ]
    ]
   },
   "properties": {
    "name": "Boon Boona Coffee",
    "id": null,
    "levels": null,
    "kind": "yes",
    "inside": false,
    "area_m2": null,
    "osm": "way/1256939013"
   }
  },
  {
   "type": "Feature",
   "geometry": {
    "type": "Polygon",
    "coordinates": [
     [
      [
       -122.3426617,
       47.6078277
      ],
      [
       -122.3424934,
       47.6078932
      ],
      [
       -122.3425484,
       47.6079551
      ],
      [
       -122.3424696,
       47.6079856
      ],
      [
       -122.3424605,
       47.6079891
      ],
      [
       -122.3428126,
       47.6083697
      ],
      [
       -122.3428613,
       47.6084022
      ],
      [
       -122.3428702,
       47.6084063
      ],
      [
       -122.3428961,
       47.6084115
      ],
      [
       -122.3429428,
       47.6084208
      ],
      [
       -122.3429748,
       47.6084271
      ],
      [
       -122.3429853,
       47.608427
      ],
      [
       -122.3430064,
       47.6084267
      ],
      [
       -122.3430293,
       47.6084035
      ],
      [
       -122.3431291,
       47.6083033
      ],
      [
       -122.3431492,
       47.608268
      ],
      [
       -122.3431566,
       47.6082377
      ],
      [
       -122.3431586,
       47.6081975
      ],
      [
       -122.3431425,
       47.6081545
      ],
      [
       -122.3431177,
       47.608122
      ],
      [
       -122.3431022,
       47.6081078
      ],
      [
       -122.3430694,
       47.6080777
      ],
      [
       -122.3428893,
       47.6079632
      ],
      [
       -122.342883,
       47.6079592
      ],
      [
       -122.3426617,
       47.6078277
      ]
     ]
    ]
   },
   "properties": {
    "name": "Ocean Pavilion",
    "id": null,
    "levels": null,
    "kind": "yes",
    "inside": false,
    "area_m2": null,
    "osm": "way/1256939021"
   }
  },
  {
   "type": "Feature",
   "geometry": {
    "type": "Polygon",
    "coordinates": [
     [
      [
       -122.3405764,
       47.6127769
      ],
      [
       -122.3409861,
       47.6130145
      ],
      [
       -122.3411245,
       47.6130949
      ],
      [
       -122.341405,
       47.6128752
      ],
      [
       -122.3411987,
       47.6127559
      ],
      [
       -122.3408569,
       47.6125572
      ],
      [
       -122.3408447,
       47.6125667
      ],
      [
       -122.3407104,
       47.6126719
      ],
      [
       -122.3405764,
       47.6127769
      ]
     ]
    ]
   },
   "properties": {
    "name": "First Light Seattle",
    "id": null,
    "levels": null,
    "kind": "apartments",
    "inside": false,
    "area_m2": null,
    "osm": "way/1265649981"
   }
  },
  {
   "type": "Feature",
   "geometry": {
    "type": "Polygon",
    "coordinates": [
     [
      [
       -122.3411244,
       47.6084741
      ],
      [
       -122.3411286,
       47.6084792
      ],
      [
       -122.3412494,
       47.608612
      ],
      [
       -122.3412382,
       47.6086166
      ],
      [
       -122.3412133,
       47.6086269
      ],
      [
       -122.340981,
       47.6087174
      ],
      [
       -122.3408884,
       47.6087535
      ],
      [
       -122.3407788,
       47.608688
      ],
      [
       -122.3407114,
       47.6086474
      ],
      [
       -122.3408046,
       47.6086083
      ],
      [
       -122.3411112,
       47.6084796
      ],
      [
       -122.3411244,
       47.6084741
      ]
     ]
    ]
   },
   "properties": {
    "name": "Leland Hotel",
    "id": "leland-hotel",
    "levels": null,
    "kind": "retail",
    "inside": true,
    "area_m2": 592.7,
    "osm": "way/1271653800"
   }
  },
  {
   "type": "Feature",
   "geometry": {
    "type": "Polygon",
    "coordinates": [
     [
      [
       -122.3412133,
       47.6086269
      ],
      [
       -122.3412409,
       47.6086573
      ],
      [
       -122.3415037,
       47.6089472
      ],
      [
       -122.3415332,
       47.6089369
      ],
      [
       -122.3415349,
       47.6089363
      ],
      [
       -122.3416552,
       47.6090668
      ],
      [
       -122.3416996,
       47.6091135
      ],
      [
       -122.3417148,
       47.6091315
      ],
      [
       -122.3417198,
       47.6091363
      ],
      [
       -122.3417458,
       47.6091658
      ],
      [
       -122.3417382,
       47.60917
      ],
      [
       -122.3417133,
       47.6091854
      ],
      [
       -122.3416577,
       47.6092189
      ],
      [
       -122.3408884,
       47.6087535
      ],
      [
       -122.340981,
       47.6087174
      ],
      [
       -122.3412133,
       47.6086269
      ]
     ]
    ]
   },
   "properties": {
    "name": "Main Arcade",
    "id": "main-arcade",
    "levels": null,
    "kind": "retail",
    "inside": true,
    "area_m2": 1333.7,
    "osm": "way/1271653801"
   }
  },
  {
   "type": "Feature",
   "geometry": {
    "type": "Polygon",
    "coordinates": [
     [
      [
       -122.3403846,
       47.608339
      ],
      [
       -122.3403521,
       47.6083507
      ],
      [
       -122.3403208,
       47.6083626
      ],
      [
       -122.3403295,
       47.6083721
      ],
      [
       -122.3404519,
       47.608506
      ],
      [
       -122.340475,
       47.6085313
      ],
      [
       -122.340514,
       47.6085152
      ],
      [
       -122.3405388,
       47.608505
      ],
      [
       -122.3403932,
       47.6083483
      ],
      [
       -122.3403846,
       47.608339
      ]
     ]
    ]
   },
   "properties": {
    "name": null,
    "id": null,
    "levels": null,
    "kind": "yes",
    "inside": true,
    "area_m2": null,
    "osm": "way/1275882966"
   }
  },
  {
   "type": "Feature",
   "geometry": {
    "type": "Polygon",
    "coordinates": [
     [
      [
       -122.3406466,
       47.608611
      ],
      [
       -122.3407114,
       47.6086474
      ],
      [
       -122.3407788,
       47.608688
      ],
      [
       -122.340747,
       47.6087092
      ],
      [
       -122.3407217,
       47.6086942
      ],
      [
       -122.3406282,
       47.6086389
      ],
      [
       -122.3405881,
       47.6086151
      ],
      [
       -122.3405763,
       47.6086119
      ],
      [
       -122.3405647,
       47.6086115
      ],
      [
       -122.3405488,
       47.608615
      ],
      [
       -122.340525,
       47.6085896
      ],
      [
       -122.3405008,
       47.6085722
      ],
      [
       -122.3404553,
       47.6085395
      ],
      [
       -122.340475,
       47.6085313
      ],
      [
       -122.3405425,
       47.6085035
      ],
      [
       -122.3405483,
       47.608501
      ],
      [
       -122.3405826,
       47.6084865
      ],
      [
       -122.3407051,
       47.6084348
      ],
      [
       -122.340724,
       47.6084562
      ],
      [
       -122.3406006,
       47.6085042
      ],
      [
       -122.3406851,
       47.6085961
      ],
      [
       -122.3406466,
       47.608611
      ]
     ]
    ]
   },
   "properties": {
    "name": null,
    "id": null,
    "levels": null,
    "kind": "roof",
    "inside": true,
    "area_m2": null,
    "osm": "way/1275882967"
   }
  },
  {
   "type": "Feature",
   "geometry": {
    "type": "Polygon",
    "coordinates": [
     [
      [
       -122.340747,
       47.6087092
      ],
      [
       -122.3409096,
       47.6088051
      ],
      [
       -122.3409112,
       47.6088196
      ],
      [
       -122.3409418,
       47.6088377
      ],
      [
       -122.3411408,
       47.608955
      ],
      [
       -122.3412989,
       47.6090482
      ],
      [
       -122.3413485,
       47.6090775
      ],
      [
       -122.3413678,
       47.6090741
      ],
      [
       -122.3416118,
       47.6092276
      ],
      [
       -122.3416272,
       47.6092373
      ],
      [
       -122.3416577,
       47.6092189
      ],
      [
       -122.3408884,
       47.6087535
      ],
      [
       -122.3407788,
       47.608688
      ],
      [
       -122.340747,
       47.6087092
      ]
     ]
    ]
   },
   "properties": {
    "name": null,
    "id": null,
    "levels": null,
    "kind": "yes",
    "inside": true,
    "area_m2": null,
    "osm": "way/1275882970"
   }
  },
  {
   "type": "Feature",
   "geometry": {
    "type": "Polygon",
    "coordinates": [
     [
      [
       -122.3408874,
       47.6089595
      ],
      [
       -122.3410249,
       47.6090386
      ],
      [
       -122.3410249,
       47.6090753
      ],
      [
       -122.3409864,
       47.6090872
      ],
      [
       -122.3409094,
       47.6090093
      ],
      [
       -122.3408579,
       47.6089711
      ],
      [
       -122.3408713,
       47.6089656
      ],
      [
       -122.3408874,
       47.6089595
      ]
     ]
    ]
   },
   "properties": {
    "name": null,
    "id": null,
    "levels": null,
    "kind": "roof",
    "inside": true,
    "area_m2": null,
    "osm": "way/1275882971"
   }
  },
  {
   "type": "Feature",
   "geometry": {
    "type": "Polygon",
    "coordinates": [
     [
      [
       -122.3411394,
       47.6091439
      ],
      [
       -122.3411324,
       47.6091468
      ],
      [
       -122.3411269,
       47.6091432
      ],
      [
       -122.3410859,
       47.6091163
      ],
      [
       -122.3411017,
       47.6091035
      ],
      [
       -122.3411117,
       47.6090961
      ],
      [
       -122.3414428,
       47.609292
      ],
      [
       -122.3414399,
       47.6092944
      ],
      [
       -122.3414284,
       47.6093006
      ],
      [
       -122.3414148,
       47.6093076
      ],
      [
       -122.3411394,
       47.6091439
      ]
     ]
    ]
   },
   "properties": {
    "name": null,
    "id": null,
    "levels": null,
    "kind": "roof",
    "inside": true,
    "area_m2": null,
    "osm": "way/1275882973"
   }
  },
  {
   "type": "Feature",
   "geometry": {
    "type": "Polygon",
    "coordinates": [
     [
      [
       -122.3414399,
       47.6092944
      ],
      [
       -122.3416465,
       47.6094142
      ],
      [
       -122.3416314,
       47.6094204
      ],
      [
       -122.3416158,
       47.6094263
      ],
      [
       -122.3416082,
       47.60942
      ],
      [
       -122.341546,
       47.6093839
      ],
      [
       -122.3414148,
       47.6093076
      ],
      [
       -122.3414284,
       47.6093006
      ],
      [
       -122.3414399,
       47.6092944
      ]
     ]
    ]
   },
   "properties": {
    "name": null,
    "id": null,
    "levels": null,
    "kind": "roof",
    "inside": true,
    "area_m2": null,
    "osm": "way/1275882974"
   }
  },
  {
   "type": "Feature",
   "geometry": {
    "type": "Polygon",
    "coordinates": [
     [
      [
       -122.3412259,
       47.6095975
      ],
      [
       -122.3412327,
       47.6096053
      ],
      [
       -122.3412392,
       47.6096128
      ],
      [
       -122.3410176,
       47.609704
      ],
      [
       -122.3410128,
       47.6097042
      ],
      [
       -122.3410073,
       47.6097044
      ],
      [
       -122.3409986,
       47.609704
      ],
      [
       -122.3409942,
       47.6097017
      ],
      [
       -122.3409918,
       47.6097005
      ],
      [
       -122.3409854,
       47.6096976
      ],
      [
       -122.3404687,
       47.609133
      ],
      [
       -122.3404807,
       47.6091282
      ],
      [
       -122.3404902,
       47.6091244
      ],
      [
       -122.3407445,
       47.6094025
      ],
      [
       -122.3410063,
       47.6096887
      ],
      [
       -122.3412259,
       47.6095975
      ]
     ]
    ]
   },
   "properties": {
    "name": null,
    "id": null,
    "levels": null,
    "kind": "roof",
    "inside": true,
    "area_m2": null,
    "osm": "way/1275882981"
   }
  },
  {
   "type": "Feature",
   "geometry": {
    "type": "Polygon",
    "coordinates": [
     [
      [
       -122.3408965,
       47.6064117
      ],
      [
       -122.3408348,
       47.606344
      ],
      [
       -122.3408173,
       47.6063512
      ],
      [
       -122.3407513,
       47.6063786
      ],
      [
       -122.340813,
       47.6064463
      ],
      [
       -122.3408796,
       47.6064187
      ],
      [
       -122.3408965,
       47.6064117
      ]
     ]
    ]
   },
   "properties": {
    "name": null,
    "id": null,
    "levels": null,
    "kind": "yes",
    "inside": false,
    "area_m2": null,
    "osm": "way/1371595751"
   }
  },
  {
   "type": "Feature",
   "geometry": {
    "type": "Polygon",
    "coordinates": [
     [
      [
       -122.3394377,
       47.6079874
      ],
      [
       -122.3394479,
       47.6079832
      ],
      [
       -122.3398256,
       47.6078263
      ],
      [
       -122.3398293,
       47.6078247
      ],
      [
       -122.3402101,
       47.6082414
      ],
      [
       -122.3398186,
       47.6084041
      ],
      [
       -122.3394377,
       47.6079874
      ]
     ]
    ]
   },
   "properties": {
    "name": "Sanitary Public Market",
    "id": null,
    "levels": null,
    "kind": "apartments",
    "inside": false,
    "area_m2": null,
    "osm": "relation/5402577"
   }
  },
  {
   "type": "Feature",
   "geometry": {
    "type": "Polygon",
    "coordinates": [
     [
      [
       -122.3406285,
       47.6102907
      ],
      [
       -122.3404798,
       47.6101296
      ],
      [
       -122.3408608,
       47.6099697
      ],
      [
       -122.3409986,
       47.6101189
      ],
      [
       -122.3408762,
       47.6101702
      ],
      [
       -122.3408872,
       47.6101821
      ],
      [
       -122.3406285,
       47.6102907
      ]
     ]
    ]
   },
   "properties": {
    "name": "Atwood",
    "id": null,
    "levels": null,
    "kind": "apartments",
    "inside": false,
    "area_m2": null,
    "osm": "relation/5960590"
   }
  }
 ],
 "note": "OpenStreetMap, ODbL 1.0"
}
