{
 "type": "FeatureCollection",
 "features": [
  {
   "type": "Feature",
   "geometry": {
    "type": "Polygon",
    "coordinates": [
     [
      [
       -122.343648,
       47.6078837
      ],
      [
       -122.3436467,
       47.6079608
      ],
      [
       -122.3435223,
       47.6079589
      ],
      [
       -122.3435427,
       47.6079419
      ],
      [
       -122.3435559,
       47.6079235
      ],
      [
       -122.3435633,
       47.6079112
      ],
      [
       -122.3435699,
       47.6078952
      ],
      [
       -122.3435446,
       47.6078947
      ],
      [
       -122.3435453,
       47.6078815
      ],
      [
       -122.343648,
       47.6078837
      ]
     ]
    ]
   },
   "properties": {
    "kind": "water",
    "name": null,
    "inside": false,
    "level": null,
    "osm": "way/367873005"
   }
  },
  {
   "type": "Feature",
   "geometry": {
    "type": "Polygon",
    "coordinates": [
     [
      [
       -122.3428867,
       47.6078209
      ],
      [
       -122.3428868,
       47.6078113
      ],
      [
       -122.3428837,
       47.6075426
      ],
      [
       -122.3427929,
       47.6075425
      ],
      [
       -122.3427934,
       47.6075489
      ],
      [
       -122.3424223,
       47.6075469
      ],
      [
       -122.3427758,
       47.6077555
      ],
      [
       -122.3428867,
       47.6078209
      ]
     ]
    ]
   },
   "properties": {
    "kind": "water",
    "name": null,
    "inside": false,
    "level": null,
    "osm": "way/776848804"
   }
  },
  {
   "type": "Feature",
   "geometry": {
    "type": "Polygon",
    "coordinates": [
     [
      [
       -122.3414862,
       47.6068395
      ],
      [
       -122.3416203,
       47.6068385
      ],
      [
       -122.3418942,
       47.6070718
      ],
      [
       -122.3419986,
       47.6070727
      ],
      [
       -122.3419991,
       47.6071943
      ],
      [
       -122.3419059,
       47.607195
      ],
      [
       -122.3418416,
       47.6071423
      ],
      [
       -122.3416616,
       47.6069957
      ],
      [
       -122.3414862,
       47.6068395
      ]
     ]
    ]
   },
   "properties": {
    "kind": "water",
    "name": null,
    "inside": false,
    "level": null,
    "osm": "way/1417461574"
   }
  },
  {
   "type": "Feature",
   "geometry": {
    "type": "Polygon",
    "coordinates": [
     [
      [
       -122.3440054,
       47.6106205
      ],
      [
       -122.3444311,
       47.6102862
      ],
      [
       -122.3439502,
       47.6099978
      ],
      [
       -122.3435571,
       47.6097175
      ],
      [
       -122.3434449,
       47.6098041
      ],
      [
       -122.3434993,
       47.6098422
      ],
      [
       -122.3433116,
       47.6099805
      ],
      [
       -122.343625,
       47.6101833
      ],
      [
       -122.3440054,
       47.6106205
      ]
     ]
    ]
   },
   "properties": {
    "kind": "green",
    "name": "Victor Steinbrueck Park",
    "inside": true,
    "level": null,
    "osm": "way/14026690"
   }
  },
  {
   "type": "Feature",
   "geometry": {
    "type": "Polygon",
    "coordinates": [
     [
      [
       -122.3458025,
       47.6086694
      ],
      [
       -122.344335,
       47.6086705
      ],
      [
       -122.343905,
       47.6084195
      ],
      [
       -122.3438467,
       47.6083855
      ],
      [
       -122.3441128,
       47.6083872
      ],
      [
       -122.3441136,
       47.6083294
      ],
      [
       -122.3442235,
       47.6083301
      ],
      [
       -122.3442234,
       47.6083393
      ],
      [
       -122.3442232,
       47.6083553
      ],
      [
       -122.3442227,
       47.6083879
      ],
      [
       -122.3453721,
       47.6083952
      ],
      [
       -122.3458025,
       47.6086694
      ]
     ]
    ]
   },
   "properties": {
    "kind": "green",
    "name": "Pier 62",
    "inside": false,
    "level": null,
    "osm": "way/57391649"
   }
  },
  {
   "type": "Feature",
   "geometry": {
    "type": "Polygon",
    "coordinates": [
     [
      [
       -122.3448609,
       47.6085785
      ],
      [
       -122.3448639,
       47.6085013
      ],
      [
       -122.3446274,
       47.6085015
      ],
      [
       -122.3446285,
       47.608579
      ],
      [
       -122.3448609,
       47.6085785
      ]
     ]
    ]
   },
   "properties": {
    "kind": "green",
    "name": null,
    "inside": false,
    "level": null,
    "osm": "way/1268424632"
   }
  },
  {
   "type": "Feature",
   "geometry": {
    "type": "Polygon",
    "coordinates": [
     [
      [
       -122.3381074,
       47.60316
      ],
      [
       -122.3380128,
       47.6030564
      ],
      [
       -122.3374365,
       47.6024253
      ],
      [
       -122.3372683,
       47.6022364
      ],
      [
       -122.3372387,
       47.6022031
      ],
      [
       -122.3371843,
       47.6021421
      ],
      [
       -122.3368434,
       47.6017811
      ],
      [
       -122.3366838,
       47.6016028
      ],
      [
       -122.336622,
       47.6015338
      ],
      [
       -122.3365188,
       47.6014243
      ],
      [
       -122.3364901,
       47.6013918
      ],
      [
       -122.3363963,
       47.6012823
      ],
      [
       -122.3363804,
       47.6012552
      ],
      [
       -122.3363327,
       47.6011738
      ],
      [
       -122.3362692,
       47.6010652
      ],
      [
       -122.3362535,
       47.6010339
      ],
      [
       -122.3362457,
       47.6010302
      ],
      [
       -122.336354,
       47.6010292
      ],
      [
       -122.3363182,
       47.6009382
      ],
      [
       -122.336263,
       47.6007919
      ],
      [
       -122.3361521,
       47.6007903
      ],
      [
       -122.3361294,
       47.600753
      ],
      [
       -122.3361205,
       47.6006179
      ],
      [
       -122.3361138,
       47.6005129
      ],
      [
       -122.3361215,
       47.6004043
      ],
      [
       -122.336109,
       47.6000472
      ],
      [
       -122.3361526,
       47.5999838
      ],
      [
       -122.3361404,
       47.5993896
      ],
      [
       -122.3361474,
       47.5991299
      ],
      [
       -122.3361525,
       47.5984486
      ],
      [
       -122.3361931,
       47.5984167
      ],
      [
       -122.3362061,
       47.5982453
      ],
      [
       -122.3360427,
       47.5982443
      ],
      [
       -122.3359796,
       47.5982624
      ],
      [
       -122.3359542,
       47.5982959
      ],
      [
       -122.3359517,
       47.5984227
      ],
      [
       -122.3359813,
       47.5990993
      ],
      [
       -122.3359894,
       47.5993427
      ],
      [
       -122.3359936,
       47.5999585
      ],
      [
       -122.3359912,
       47.6001322
      ],
      [
       -122.3359783,
       47.600677
      ],
      [
       -122.335989,
       47.6007909
      ],
      [
       -122.3359976,
       47.6008361
      ],
      [
       -122.3360215,
       47.6009453
      ],
      [
       -122.3360334,
       47.6009907
      ],
      [
       -122.3360547,
       47.601056
      ],
      [
       -122.3360927,
       47.6011511
      ],
      [
       -122.3361325,
       47.6012362
      ],
      [
       -122.3361856,
       47.6013298
      ],
      [
       -122.3362635,
       47.6014444
      ],
      [
       -122.336283,
       47.6014715
      ],
      [
       -122.3363024,
       47.6014915
      ],
      [
       -122.3363294,
       47.6015121
      ],
      [
       -122.3363577,
       47.601533
      ],
      [
       -122.3363807,
       47.6015449
      ],
      [
       -122.3364055,
       47.6015553
      ],
      [
       -122.3364316,
       47.6015659
      ],
      [
       -122.3366093,
       47.6017626
      ],
      [
       -122.3365771,
       47.6017838
      ],
      [
       -122.336565,
       47.6018032
      ],
      [
       -122.3365617,
       47.6018249
      ],
      [
       -122.3365706,
       47.601845
      ],
      [
       -122.336589,
       47.6018734
      ],
      [
       -122.3367949,
       47.602115
      ],
      [
       -122.3369408,
       47.6022717
      ],
      [
       -122.3369575,
       47.602291
      ],
      [
       -122.3369769,
       47.6023133
      ],
      [
       -122.3370451,
       47.6023919
      ],
      [
       -122.3370462,
       47.6024059
      ],
      [
       -122.3370418,
       47.6024202
      ],
      [
       -122.3370324,
       47.602436
      ],
      [
       -122.3370321,
       47.6024484
      ],
      [
       -122.3370378,
       47.602462
      ],
      [
       -122.3370584,
       47.6024828
      ],
      [
       -122.3370787,
       47.6025033
      ],
      [
       -122.3371125,
       47.6025423
      ],
      [
       -122.3374665,
       47.6029286
      ],
      [
       -122.3375551,
       47.6030238
      ],
      [
       -122.3377487,
       47.6032385
      ],
      [
       -122.337777,
       47.6032709
      ],
      [
       -122.3377842,
       47.6032737
      ],
      [
       -122.3378285,
       47.6032871
      ],
      [
       -122.3378361,
       47.6032918
      ],
      [
       -122.3378414,
       47.6032959
      ],
      [
       -122.3381157,
       47.6036083
      ],
      [
       -122.3381201,
       47.6036149
      ],
      [
       -122.3381201,
       47.6036219
      ],
      [
       -122.3381185,
       47.6036575
      ],
      [
       -122.338121,
       47.6036644
      ],
      [
       -122.3382019,
       47.6037568
      ],
      [
       -122.3383124,
       47.6038844
      ],
      [
       -122.338351,
       47.6039291
      ],
      [
       -122.3383638,
       47.6039438
      ],
      [
       -122.3384513,
       47.6040361
      ],
      [
       -122.3384795,
       47.6040501
      ],
      [
       -122.3385019,
       47.6040551
      ],
      [
       -122.338523,
       47.6040655
      ],
      [
       -122.3386716,
       47.6042305
      ],
      [
       -122.3386753,
       47.6042472
      ],
      [
       -122.3386736,
       47.6042721
      ],
      [
       -122.3386789,
       47.6042888
      ],
      [
       -122.3388551,
       47.6044859
      ],
      [
       -122.3388767,
       47.6045092
      ],
      [
       -122.3389381,
       47.6045756
      ],
      [
       -122.3389544,
       47.6045931
      ],
      [
       -122.338979,
       47.6046199
      ],
      [
       -122.3389964,
       47.6046387
      ],
      [
       -122.3390105,
       47.604654
      ],
      [
       -122.3392016,
       47.6048635
      ],
      [
       -122.3392138,
       47.6048743
      ],
      [
       -122.3392332,
       47.6048828
      ],
      [
       -122.3392573,
       47.6048903
      ],
      [
       -122.3392689,
       47.6048935
      ],
      [
       -122.3392818,
       47.6049011
      ],
      [
       -122.3394072,
       47.6050373
      ],
      [
       -122.3394122,
       47.6050547
      ],
      [
       -122.3394109,
       47.6050986
      ],
      [
       -122.339476,
       47.6051774
      ],
      [
       -122.3394991,
       47.6052045
      ],
      [
       -122.3396267,
       47.6053544
      ],
      [
       -122.3396441,
       47.6053748
      ],
      [
       -122.3396542,
       47.6053875
      ],
      [
       -122.3397135,
       47.6054577
      ],
      [
       -122.3397289,
       47.6054681
      ],
      [
       -122.3397513,
       47.6054775
      ],
      [
       -122.3397721,
       47.6054816
      ],
      [
       -122.3397952,
       47.6055008
      ],
      [
       -122.3398083,
       47.6055154
      ],
      [
       -122.3399284,
       47.6056618
      ],
      [
       -122.3400274,
       47.6057794
      ],
      [
       -122.3400335,
       47.6058251
      ],
      [
       -122.3401327,
       47.6059423
      ],
      [
       -122.3402345,
       47.6060543
      ],
      [
       -122.3402467,
       47.6060695
      ],
      [
       -122.3403278,
       47.606156
      ],
      [
       -122.3403563,
       47.6061716
      ],
      [
       -122.3403865,
       47.6061789
      ],
      [
       -122.3404103,
       47.6061951
      ],
      [
       -122.340933,
       47.6067659
      ],
      [
       -122.340939,
       47.6067874
      ],
      [
       -122.3409374,
       47.6068143
      ],
      [
       -122.3409468,
       47.6068333
      ],
      [
       -122.3410647,
       47.6069583
      ],
      [
       -122.3412626,
       47.6071771
      ],
      [
       -122.3412871,
       47.607192
      ],
      [
       -122.3413229,
       47.6072011
      ],
      [
       -122.3413481,
       47.6072146
      ],
      [
       -122.3414386,
       47.6073028
      ],
      [
       -122.341564,
       47.6074122
      ],
      [
       -122.3418262,
       47.6076052
      ],
      [
       -122.3420354,
       47.6077506
      ],
      [
       -122.3420431,
       47.6077648
      ],
      [
       -122.3420431,
       47.6077813
      ],
      [
       -122.3420458,
       47.6077926
      ],
      [
       -122.3421986,
       47.6079147
      ],
      [
       -122.3422331,
       47.6079437
      ],
      [
       -122.3422636,
       47.6079697
      ],
      [
       -122.3423983,
       47.6080917
      ],
      [
       -122.3426137,
       47.6083219
      ],
      [
       -122.3429675,
       47.6086667
      ],
      [
       -122.3430815,
       47.6086292
      ],
      [
       -122.3434823,
       47.6085549
      ],
      [
       -122.3435673,
       47.6085431
      ],
      [
       -122.3436561,
       47.608539
      ],
      [
       -122.3437495,
       47.6085404
      ],
      [
       -122.3438457,
       47.6085538
      ],
      [
       -122.3439699,
       47.6085985
      ],
      [
       -122.3450532,
       47.60923
      ],
      [
       -122.3451789,
       47.6092359
      ],
      [
       -122.3453049,
       47.6092473
      ],
      [
       -122.3447371,
       47.6089135
      ],
      [
       -122.344335,
       47.6086705
      ],
      [
       -122.343905,
       47.6084195
      ],
      [
       -122.3438467,
       47.6083855
      ],
      [
       -122.3434536,
       47.6081674
      ],
      [
       -122.3432784,
       47.6080603
      ],
      [
       -122.3430655,
       47.6079302
      ],
      [
       -122.3428867,
       47.6078209
      ],
      [
       -122.3427758,
       47.6077555
      ],
      [
       -122.3424223,
       47.6075469
      ],
      [
       -122.3420301,
       47.6072926
      ],
      [
       -122.341978,
       47.6072616
      ],
      [
       -122.3420323,
       47.6072615
      ],
      [
       -122.34205,
       47.6072615
      ],
      [
       -122.3420461,
       47.6063078
      ],
      [
       -122.3420216,
       47.6063076
      ],
      [
       -122.3419959,
       47.6063074
      ],
      [
       -122.34099,
       47.6062994
      ],
      [
       -122.3409508,
       47.6062583
      ],
      [
       -122.3405509,
       47.6058377
      ],
      [
       -122.3403766,
       47.6056459
      ],
      [
       -122.340351,
       47.6056181
      ],
      [
       -122.3402481,
       47.6055067
      ],
      [
       -122.3400705,
       47.6053143
      ],
      [
       -122.3400575,
       47.6053002
      ],
      [
       -122.3400204,
       47.60526
      ],
      [
       -122.3399986,
       47.6052366
      ],
      [
       -122.3399743,
       47.6052096
      ],
      [
       -122.3398396,
       47.6050595
      ],
      [
       -122.3397135,
       47.6049191
      ],
      [
       -122.3394266,
       47.6045994
      ],
      [
       -122.3394221,
       47.604595
      ],
      [
       -122.3393771,
       47.604551
      ],
      [
       -122.3393365,
       47.6045113
      ],
      [
       -122.3393263,
       47.6045006
      ],
      [
       -122.3392527,
       47.6044171
      ],
      [
       -122.3387925,
       47.6039112
      ],
      [
       -122.3387678,
       47.6038822
      ],
      [
       -122.3386216,
       47.6037163
      ],
      [
       -122.3385215,
       47.6036032
      ],
      [
       -122.3384589,
       47.6035322
      ],
      [
       -122.3383094,
       47.6033763
      ],
      [
       -122.3381514,
       47.6032072
      ],
      [
       -122.3381074,
       47.60316
      ]
     ]
    ]
   },
   "properties": {
    "kind": "green",
    "name": "Waterfront Park",
    "inside": false,
    "level": null,
    "osm": "way/1334956995"
   }
  },
  {
   "type": "Feature",
   "geometry": {
    "type": "Polygon",
    "coordinates": [
     [
      [
       -122.3458025,
       47.6086694
      ],
      [
       -122.344335,
       47.6086705
      ],
      [
       -122.343905,
       47.6084195
      ],
      [
       -122.3438467,
       47.6083855
      ],
      [
       -122.3441128,
       47.6083872
      ],
      [
       -122.3441136,
       47.6083294
      ],
      [
       -122.3442235,
       47.6083301
      ],
      [
       -122.3442234,
       47.6083393
      ],
      [
       -122.3442232,
       47.6083553
      ],
      [
       -122.3442227,
       47.6083879
      ],
      [
       -122.3453721,
       47.6083952
      ],
      [
       -122.3458025,
       47.6086694
      ]
     ]
    ]
   },
   "properties": {
    "kind": "pier",
    "name": "Pier 62",
    "inside": false,
    "level": null,
    "osm": "way/57391649"
   }
  },
  {
   "type": "Feature",
   "geometry": {
    "type": "Polygon",
    "coordinates": [
     [
      [
       -122.3417236,
       47.6058859
      ],
      [
       -122.3413162,
       47.6058848
      ],
      [
       -122.341316,
       47.6058584
      ],
      [
       -122.3413165,
       47.6058404
      ],
      [
       -122.3417238,
       47.6058415
      ],
      [
       -122.3417236,
       47.6058859
      ]
     ]
    ]
   },
   "properties": {
    "kind": "pier",
    "name": null,
    "inside": false,
    "level": null,
    "osm": "way/396606859"
   }
  },
  {
   "type": "Feature",
   "geometry": {
    "type": "Polygon",
    "coordinates": [
     [
      [
       -122.3404983,
       47.6056471
      ],
      [
       -122.340498,
       47.6056674
      ],
      [
       -122.3404978,
       47.6056823
      ],
      [
       -122.3404565,
       47.605682
      ],
      [
       -122.340457,
       47.6056468
      ],
      [
       -122.3404983,
       47.6056471
      ]
     ]
    ]
   },
   "properties": {
    "kind": "pier",
    "name": null,
    "inside": false,
    "level": null,
    "osm": "way/396815278"
   }
  },
  {
   "type": "Feature",
   "geometry": {
    "type": "Polygon",
    "coordinates": [
     [
      [
       -122.3413095,
       47.6056912
      ],
      [
       -122.3406997,
       47.6056851
      ],
      [
       -122.3407,
       47.6056691
      ],
      [
       -122.3407002,
       47.6056602
      ],
      [
       -122.3413101,
       47.6056663
      ],
      [
       -122.3413095,
       47.6056912
      ]
     ]
    ]
   },
   "properties": {
    "kind": "pier",
    "name": null,
    "inside": false,
    "level": null,
    "osm": "way/396815279"
   }
  },
  {
   "type": "Feature",
   "geometry": {
    "type": "Polygon",
    "coordinates": [
     [
      [
       -122.344494,
       47.608357
      ],
      [
       -122.3444938,
       47.6083687
      ],
      [
       -122.3453026,
       47.6083739
      ],
      [
       -122.3453032,
       47.6083317
      ],
      [
       -122.3444944,
       47.6083266
      ],
      [
       -122.3444942,
       47.608341
      ],
      [
       -122.344494,
       47.608357
      ]
     ]
    ]
   },
   "properties": {
    "kind": "pier",
    "name": null,
    "inside": false,
    "level": null,
    "osm": "way/934499086"
   }
  },
  {
   "type": "Feature",
   "geometry": {
    "type": "Polygon",
    "coordinates": [
     [
      [
       -122.3436922,
       47.6078568
      ],
      [
       -122.3436895,
       47.6075476
      ],
      [
       -122.3436517,
       47.6075474
      ],
      [
       -122.3436568,
       47.6078564
      ],
      [
       -122.3436922,
       47.6078568
      ]
     ]
    ]
   },
   "properties": {
    "kind": "pier",
    "name": null,
    "inside": false,
    "level": null,
    "osm": "way/1154870291"
   }
  },
  {
   "type": "Feature",
   "geometry": {
    "type": "Polygon",
    "coordinates": [
     [
      [
       -122.34099,
       47.6062994
      ],
      [
       -122.3411344,
       47.6064635
      ],
      [
       -122.3411526,
       47.6064841
      ],
      [
       -122.3412874,
       47.6066384
      ],
      [
       -122.3413003,
       47.6066529
      ],
      [
       -122.3413934,
       47.6067578
      ],
      [
       -122.3414862,
       47.6068395
      ],
      [
       -122.3416203,
       47.6068385
      ],
      [
       -122.3418942,
       47.6070718
      ],
      [
       -122.3419986,
       47.6070727
      ],
      [
       -122.3419991,
       47.6071943
      ],
      [
       -122.3419059,
       47.607195
      ],
      [
       -122.341978,
       47.6072616
      ],
      [
       -122.3420323,
       47.6072615
      ],
      [
       -122.34205,
       47.6072615
      ],
      [
       -122.3420461,
       47.6063078
      ],
      [
       -122.3420216,
       47.6063076
      ],
      [
       -122.3419959,
       47.6063074
      ],
      [
       -122.34099,
       47.6062994
      ]
     ]
    ]
   },
   "properties": {
    "kind": "pier",
    "name": "Pier 58",
    "inside": false,
    "level": null,
    "osm": "way/1155067802"
   }
  },
  {
   "type": "Feature",
   "geometry": {
    "type": "LineString",
    "coordinates": [
     [
      -122.3521177,
      47.6136183
     ],
     [
      -122.3520422,
      47.6135726
     ],
     [
      -122.3519534,
      47.6135199
     ],
     [
      -122.3518564,
      47.6134615
     ],
     [
      -122.3513361,
      47.6131579
     ],
     [
      -122.3511038,
      47.6130312
     ],
     [
      -122.3509974,
      47.612977
     ],
     [
      -122.3508988,
      47.6129267
     ],
     [
      -122.3505592,
      47.6127488
     ],
     [
      -122.3505238,
      47.6127303
     ],
     [
      -122.3501324,
      47.6125252
     ],
     [
      -122.3499081,
      47.6124016
     ],
     [
      -122.3495364,
      47.6121789
     ],
     [
      -122.3492752,
      47.6120283
     ],
     [
      -122.3490956,
      47.6119315
     ],
     [
      -122.348942,
      47.6118549
     ],
     [
      -122.3487529,
      47.6117687
     ],
     [
      -122.3485072,
      47.61167
     ],
     [
      -122.3483429,
      47.6116146
     ],
     [
      -122.3481786,
      47.6115631
     ],
     [
      -122.3480268,
      47.6115194
     ],
     [
      -122.3472382,
      47.6113184
     ],
     [
      -122.3470208,
      47.6112534
     ],
     [
      -122.3468733,
      47.6112043
     ],
     [
      -122.3467603,
      47.6111605
     ],
     [
      -122.3466675,
      47.6111208
     ],
     [
      -122.3464629,
      47.6110193
     ],
     [
      -122.3458365,
      47.6106562
     ],
     [
      -122.3452324,
      47.6102926
     ],
     [
      -122.3447733,
      47.610044
     ],
     [
      -122.3445371,
      47.6099375
     ],
     [
      -122.3443008,
      47.609837
     ],
     [
      -122.3441084,
      47.6097647
     ],
     [
      -122.3438932,
      47.6096893
     ],
     [
      -122.3437095,
      47.6096327
     ],
     [
      -122.3433738,
      47.6095465
     ]
    ]
   },
   "properties": {
    "kind": "rail",
    "name": "BNSF Scenic Subdivision",
    "inside": false,
    "level": null,
    "osm": "way/321942214"
   }
  },
  {
   "type": "Feature",
   "geometry": {
    "type": "LineString",
    "coordinates": [
     [
      -122.3433947,
      47.6095083
     ],
     [
      -122.3350959,
      47.6075644
     ],
     [
      -122.3347195,
      47.6074549
     ],
     [
      -122.3343686,
      47.6073118
     ],
     [
      -122.3340498,
      47.6071377
     ],
     [
      -122.3337692,
      47.6069361
     ],
     [
      -122.3335365,
      47.6067154
     ],
     [
      -122.3296913,
      47.6025279
     ],
     [
      -122.3295018,
      47.6022827
     ],
     [
      -122.3293636,
      47.6020224
     ],
     [
      -122.3292792,
      47.6017518
     ],
     [
      -122.3292503,
      47.6014759
     ],
     [
      -122.3292637,
      47.6007101
     ]
    ]
   },
   "properties": {
    "kind": "rail",
    "name": "BNSF Scenic Subdivision",
    "inside": false,
    "level": null,
    "osm": "way/334242083"
   }
  },
  {
   "type": "Feature",
   "geometry": {
    "type": "LineString",
    "coordinates": [
     [
      -122.3292037,
      47.6007093
     ],
     [
      -122.3291896,
      47.6015031
     ],
     [
      -122.3292187,
      47.6017633
     ],
     [
      -122.3293031,
      47.6020339
     ],
     [
      -122.3294413,
      47.6022942
     ],
     [
      -122.3296307,
      47.6025393
     ],
     [
      -122.3334923,
      47.6067443
     ],
     [
      -122.3337295,
      47.6069698
     ],
     [
      -122.3340101,
      47.6071715
     ],
     [
      -122.3343289,
      47.6073455
     ],
     [
      -122.3346796,
      47.6074886
     ],
     [
      -122.3350563,
      47.6075982
     ],
     [
      -122.3433738,
      47.6095465
     ]
    ]
   },
   "properties": {
    "kind": "rail",
    "name": "BNSF Scenic Subdivision",
    "inside": false,
    "level": null,
    "osm": "way/334242084"
   }
  },
  {
   "type": "Feature",
   "geometry": {
    "type": "LineString",
    "coordinates": [
     [
      -122.3528226,
      47.6139825
     ],
     [
      -122.3520826,
      47.6135434
     ],
     [
      -122.3519918,
      47.6134903
     ],
     [
      -122.3518951,
      47.6134326
     ],
     [
      -122.3513778,
      47.6131283
     ],
     [
      -122.3511365,
      47.6130016
     ],
     [
      -122.3510323,
      47.6129476
     ],
     [
      -122.3509339,
      47.6128978
     ],
     [
      -122.3505919,
      47.6127192
     ],
     [
      -122.3505637,
      47.6127044
     ],
     [
      -122.3501652,
      47.6124952
     ],
     [
      -122.3499503,
      47.6123759
     ],
     [
      -122.3495772,
      47.6121549
     ],
     [
      -122.349316,
      47.6120028
     ],
     [
      -122.3491326,
      47.6119029
     ],
     [
      -122.3489722,
      47.6118227
     ],
     [
      -122.3487829,
      47.6117368
     ],
     [
      -122.3485306,
      47.6116362
     ],
     [
      -122.3483653,
      47.6115807
     ],
     [
      -122.3481973,
      47.6115276
     ],
     [
      -122.3480464,
      47.6114838
     ],
     [
      -122.347257,
      47.6112833
     ],
     [
      -122.3470443,
      47.6112195
     ],
     [
      -122.3468963,
      47.6111696
     ],
     [
      -122.3467945,
      47.6111303
     ],
     [
      -122.3467086,
      47.6110917
     ],
     [
      -122.3465026,
      47.6109902
     ],
     [
      -122.3458755,
      47.6106287
     ],
     [
      -122.3452742,
      47.6102694
     ],
     [
      -122.344807,
      47.6100185
     ],
     [
      -122.3445652,
      47.609904
     ],
     [
      -122.3443181,
      47.6098021
     ],
     [
      -122.3441144,
      47.609726
     ],
     [
      -122.3438248,
      47.6096251
     ],
     [
      -122.3436532,
      47.6095745
     ],
     [
      -122.3433947,
      47.6095083
     ]
    ]
   },
   "properties": {
    "kind": "rail",
    "name": "BNSF Scenic Subdivision",
    "inside": false,
    "level": null,
    "osm": "way/361813520"
   }
  },
  {
   "type": "Feature",
   "geometry": {
    "type": "LineString",
    "coordinates": [
     [
      -122.3319413,
      47.6136048
     ],
     [
      -122.3332608,
      47.6130514
     ],
     [
      -122.3333601,
      47.6130097
     ],
     [
      -122.3337169,
      47.6128601
     ],
     [
      -122.3349497,
      47.612343
     ],
     [
      -122.3354851,
      47.6121354
     ],
     [
      -122.3368828,
      47.6115534
     ],
     [
      -122.3379949,
      47.6110903
     ],
     [
      -122.3380909,
      47.6110446
     ],
     [
      -122.3381774,
      47.6109918
     ],
     [
      -122.3382537,
      47.6109323
     ],
     [
      -122.3383188,
      47.6108671
     ],
     [
      -122.3383719,
      47.6107971
     ],
     [
      -122.338412,
      47.6107233
     ],
     [
      -122.3384386,
      47.6106467
     ],
     [
      -122.3384513,
      47.6105686
     ],
     [
      -122.33845,
      47.61049
     ],
     [
      -122.3384346,
      47.610412
     ],
     [
      -122.3384054,
      47.6103359
     ],
     [
      -122.3383629,
      47.6102627
     ],
     [
      -122.3383075,
      47.6101935
     ],
     [
      -122.3367413,
      47.6084902
     ],
     [
      -122.3364773,
      47.6082388
     ],
     [
      -122.3356196,
      47.6073031
     ],
     [
      -122.3355508,
      47.6072281
     ],
     [
      -122.3353201,
      47.6069414
     ],
     [
      -122.3320671,
      47.6033788
     ],
     [
      -122.3318405,
      47.6031644
     ],
     [
      -122.3309961,
      47.6022355
     ],
     [
      -122.3308438,
      47.602068
     ],
     [
      -122.330737,
      47.6019648
     ],
     [
      -122.3306189,
      47.6018674
     ],
     [
      -122.3304901,
      47.6017763
     ],
     [
      -122.3287435,
      47.6006011
     ],
     [
      -122.3285041,
      47.6004083
     ],
     [
      -122.3283111,
      47.6001931
     ],
     [
      -122.3281691,
      47.5999606
     ],
     [
      -122.3280814,
      47.5997162
     ]
    ]
   },
   "properties": {
    "kind": "rail",
    "name": null,
    "inside": false,
    "level": null,
    "osm": "way/1500859747"
   }
  },
  {
   "type": "Feature",
   "geometry": {
    "type": "LineString",
    "coordinates": [
     [
      -122.3279766,
      47.5997474
     ],
     [
      -122.3280644,
      47.5999918
     ],
     [
      -122.3282064,
      47.6002243
     ],
     [
      -122.3283994,
      47.6004395
     ],
     [
      -122.3286388,
      47.6006323
     ],
     [
      -122.3304056,
      47.6018209
     ],
     [
      -122.3305344,
      47.601912
     ],
     [
      -122.3306526,
      47.6020094
     ],
     [
      -122.3307593,
      47.6021126
     ],
     [
      -122.3317016,
      47.6031492
     ],
     [
      -122.3317503,
      47.6032027
     ],
     [
      -122.3319307,
      47.6034351
     ],
     [
      -122.3351838,
      47.6069978
     ],
     [
      -122.3354605,
      47.6072662
     ],
     [
      -122.3363054,
      47.6081879
     ],
     [
      -122.3363872,
      47.6082772
     ],
     [
      -122.3366053,
      47.608547
     ],
     [
      -122.3380928,
      47.6101657
     ],
     [
      -122.3381526,
      47.6102332
     ],
     [
      -122.3381999,
      47.6103051
     ],
     [
      -122.338234,
      47.6103803
     ],
     [
      -122.3382544,
      47.6104577
     ],
     [
      -122.3382609,
      47.6105362
     ],
     [
      -122.3382532,
      47.6106146
     ],
     [
      -122.3382316,
      47.6106919
     ],
     [
      -122.3381963,
      47.6107668
     ],
     [
      -122.3381479,
      47.6108384
     ],
     [
      -122.338087,
      47.6109054
     ],
     [
      -122.3380146,
      47.610967
     ],
     [
      -122.3379317,
      47.6110224
     ],
     [
      -122.3378395,
      47.6110705
     ],
     [
      -122.3358957,
      47.6118801
     ],
     [
      -122.3354303,
      47.6120739
     ],
     [
      -122.3349179,
      47.6123124
     ],
     [
      -122.3336823,
      47.6128306
     ],
     [
      -122.331912,
      47.6135731
     ]
    ]
   },
   "properties": {
    "kind": "rail",
    "name": null,
    "inside": false,
    "level": null,
    "osm": "way/1500859748"
   }
  },
  {
   "type": "Feature",
   "geometry": {
    "type": "LineString",
    "coordinates": [
     [
      -122.3394619,
      47.6090677
     ],
     [
      -122.3391014,
      47.6092183
     ],
     [
      -122.3389319,
      47.6092891
     ]
    ]
   },
   "properties": {
    "kind": "road",
    "name": "Pike Street",
    "inside": false,
    "level": null,
    "osm": "way/6395017"
   }
  },
  {
   "type": "Feature",
   "geometry": {
    "type": "LineString",
    "coordinates": [
     [
      -122.3398417,
      47.6102801
     ],
     [
      -122.3397829,
      47.6102168
     ],
     [
      -122.3395754,
      47.6099901
     ],
     [
      -122.3393352,
      47.6097292
     ]
    ]
   },
   "properties": {
    "kind": "road",
    "name": "2nd Avenue",
    "inside": false,
    "level": null,
    "osm": "way/6450457"
   }
  },
  {
   "type": "Feature",
   "geometry": {
    "type": "LineString",
    "coordinates": [
     [
      -122.339907,
      47.606117
     ],
     [
      -122.3395297,
      47.6062763
     ],
     [
      -122.339458,
      47.606306
     ],
     [
      -122.339311,
      47.6063685
     ]
    ]
   },
   "properties": {
    "kind": "road",
    "name": "University Street",
    "inside": false,
    "level": null,
    "osm": "way/6462035"
   }
  },
  {
   "type": "Feature",
   "geometry": {
    "type": "LineString",
    "coordinates": [
     [
      -122.3400015,
      47.6088449
     ],
     [
      -122.3401687,
      47.6088269
     ],
     [
      -122.340208,
      47.6088102
     ],
     [
      -122.3405392,
      47.6086732
     ]
    ]
   },
   "properties": {
    "kind": "road",
    "name": "Pike Street",
    "inside": true,
    "level": null,
    "osm": "way/8071901"
   }
  },
  {
   "type": "Feature",
   "geometry": {
    "type": "LineString",
    "coordinates": [
     [
      -122.3436109,
      47.6103651
     ],
     [
      -122.343543,
      47.6103894
     ],
     [
      -122.3434562,
      47.6104215
     ]
    ]
   },
   "properties": {
    "kind": "road",
    "name": "Virginia Street",
    "inside": true,
    "level": null,
    "osm": "way/8111081"
   }
  },
  {
   "type": "Feature",
   "geometry": {
    "type": "LineString",
    "coordinates": [
     [
      -122.3421596,
      47.6096411
     ],
     [
      -122.342106,
      47.6096826
     ],
     [
      -122.341784,
      47.6099392
     ],
     [
      -122.3414682,
      47.6101904
     ]
    ]
   },
   "properties": {
    "kind": "road",
    "name": "Stewart Street",
    "inside": true,
    "level": null,
    "osm": "way/8111083"
   }
  },
  {
   "type": "Feature",
   "geometry": {
    "type": "LineString",
    "coordinates": [
     [
      -122.3394608,
      47.6053129
     ],
     [
      -122.3393189,
      47.6053701
     ],
     [
      -122.3387517,
      47.6056078
     ],
     [
      -122.3387115,
      47.6056284
     ]
    ]
   },
   "properties": {
    "kind": "road",
    "name": "Seneca Street",
    "inside": false,
    "level": null,
    "osm": "way/8111114"
   }
  },
  {
   "type": "Feature",
   "geometry": {
    "type": "LineString",
    "coordinates": [
     [
      -122.3381925,
      47.606838
     ],
     [
      -122.3380776,
      47.606886
     ],
     [
      -122.3376369,
      47.6070711
     ],
     [
      -122.3372121,
      47.607249
     ],
     [
      -122.3370956,
      47.6072982
     ]
    ]
   },
   "properties": {
    "kind": "road",
    "name": "University Street",
    "inside": false,
    "level": null,
    "osm": "way/13516936"
   }
  },
  {
   "type": "Feature",
   "geometry": {
    "type": "LineString",
    "coordinates": [
     [
      -122.3418368,
      47.6094497
     ],
     [
      -122.3418732,
      47.6094713
     ],
     [
      -122.3421596,
      47.6096411
     ],
     [
      -122.342251,
      47.6096969
     ],
     [
      -122.343362,
      47.6103651
     ],
     [
      -122.3434562,
      47.6104215
     ]
    ]
   },
   "properties": {
    "kind": "road",
    "name": "Pike Place",
    "inside": true,
    "level": null,
    "osm": "way/13526138"
   }
  },
  {
   "type": "Feature",
   "geometry": {
    "type": "LineString",
    "coordinates": [
     [
      -122.344785,
      47.6111979
     ],
     [
      -122.3448564,
      47.6112537
     ],
     [
      -122.3452871,
      47.6115087
     ]
    ]
   },
   "properties": {
    "kind": "road",
    "name": "Western Avenue",
    "inside": false,
    "level": null,
    "osm": "way/22927872"
   }
  },
  {
   "type": "Feature",
   "geometry": {
    "type": "LineString",
    "coordinates": [
     [
      -122.3439224,
      47.6118448
     ],
     [
      -122.3440205,
      47.6117699
     ],
     [
      -122.3442177,
      47.6116205
     ],
     [
      -122.3443586,
      47.6115135
     ],
     [
      -122.3447158,
      47.6112421
     ],
     [
      -122.344785,
      47.6111979
     ]
    ]
   },
   "properties": {
    "kind": "road",
    "name": "Lenora Street",
    "inside": false,
    "level": null,
    "osm": "way/22927962"
   }
  },
  {
   "type": "Feature",
   "geometry": {
    "type": "LineString",
    "coordinates": [
     [
      -122.3380101,
      47.6082891
     ],
     [
      -122.3381412,
      47.6082342
     ],
     [
      -122.3384297,
      47.6081137
     ],
     [
      -122.3385495,
      47.6080636
     ]
    ]
   },
   "properties": {
    "kind": "road",
    "name": "Union Street",
    "inside": false,
    "level": null,
    "osm": "way/43150458"
   }
  },
  {
   "type": "Feature",
   "geometry": {
    "type": "LineString",
    "coordinates": [
     [
      -122.3473961,
      47.6144811
     ],
     [
      -122.3473183,
      47.6144336
     ],
     [
      -122.346667,
      47.6140354
     ],
     [
      -122.3465665,
      47.6139789
     ],
     [
      -122.3464842,
      47.6139281
     ],
     [
      -122.3461794,
      47.6137512
     ],
     [
      -122.3461014,
      47.6137055
     ],
     [
      -122.3460138,
      47.613655
     ],
     [
      -122.3451742,
      47.6131675
     ],
     [
      -122.3450653,
      47.6131045
     ],
     [
      -122.3448712,
      47.6129924
     ],
     [
      -122.3447771,
      47.6129379
     ],
     [
      -122.3447164,
      47.6129018
     ],
     [
      -122.3445962,
      47.61283
     ],
     [
      -122.3444227,
      47.6127266
     ],
     [
      -122.3442425,
      47.6126192
     ],
     [
      -122.3435791,
      47.6122239
     ],
     [
      -122.3434906,
      47.6121708
     ],
     [
      -122.3434171,
      47.6121279
     ],
     [
      -122.3422804,
      47.6114562
     ],
     [
      -122.3421929,
      47.611404
     ],
     [
      -122.3421139,
      47.6113586
     ],
     [
      -122.3415178,
      47.6110122
     ]
    ]
   },
   "properties": {
    "kind": "road",
    "name": null,
    "inside": false,
    "level": null,
    "osm": "way/50329123"
   }
  },
  {
   "type": "Feature",
   "geometry": {
    "type": "LineString",
    "coordinates": [
     [
      -122.3443586,
      47.6115135
     ],
     [
      -122.3444343,
      47.6115586
     ],
     [
      -122.3446613,
      47.6116926
     ],
     [
      -122.3455693,
      47.6122302
     ],
     [
      -122.3456496,
      47.6122774
     ],
     [
      -122.3457373,
      47.61233
     ],
     [
      -122.3463913,
      47.6127191
     ],
     [
      -122.346565,
      47.6128225
     ],
     [
      -122.3467312,
      47.6129215
     ],
     [
      -122.3468803,
      47.6130108
     ],
     [
      -122.3469469,
      47.61305
     ],
     [
      -122.3469863,
      47.6130704
     ],
     [
      -122.3470302,
      47.6130931
     ],
     [
      -122.3470532,
      47.6131047
     ],
     [
      -122.3474632,
      47.6133442
     ],
     [
      -122.3475409,
      47.6133945
     ],
     [
      -122.3475915,
      47.61354
     ],
     [
      -122.3476122,
      47.6136933
     ],
     [
      -122.3476052,
      47.6138185
     ],
     [
      -122.3476007,
      47.6138545
     ],
     [
      -122.3475726,
      47.6138772
     ],
     [
      -122.34749,
      47.6139455
     ]
    ]
   },
   "properties": {
    "kind": "road",
    "name": null,
    "inside": false,
    "level": null,
    "osm": "way/51692205"
   }
  },
  {
   "type": "Feature",
   "geometry": {
    "type": "LineString",
    "coordinates": [
     [
      -122.339311,
      47.6063685
     ],
     [
      -122.339365,
      47.6064298
     ],
     [
      -122.340147,
      47.6073059
     ],
     [
      -122.3402101,
      47.6073776
     ]
    ]
   },
   "properties": {
    "kind": "road",
    "name": "Western Avenue",
    "inside": false,
    "level": null,
    "osm": "way/51817326"
   }
  },
  {
   "type": "Feature",
   "geometry": {
    "type": "LineString",
    "coordinates": [
     [
      -122.3379977,
      47.6049427
     ],
     [
      -122.3380578,
      47.6050104
     ],
     [
      -122.3381373,
      47.6050988
     ],
     [
      -122.338586,
      47.6055974
     ],
     [
      -122.3386452,
      47.6056626
     ]
    ]
   },
   "properties": {
    "kind": "road",
    "name": "Western Avenue",
    "inside": false,
    "level": null,
    "osm": "way/51817338"
   }
  },
  {
   "type": "Feature",
   "geometry": {
    "type": "LineString",
    "coordinates": [
     [
      -122.3381072,
      47.6058843
     ],
     [
      -122.338053,
      47.6058232
     ],
     [
      -122.337516,
      47.6052149
     ],
     [
      -122.3374718,
      47.6051639
     ]
    ]
   },
   "properties": {
    "kind": "road",
    "name": "Post Avenue",
    "inside": false,
    "level": null,
    "osm": "way/51817339"
   }
  },
  {
   "type": "Feature",
   "geometry": {
    "type": "LineString",
    "coordinates": [
     [
      -122.340538,
      47.6085524
     ],
     [
      -122.3405207,
      47.6085336
     ],
     [
      -122.3403521,
      47.6083507
     ]
    ]
   },
   "properties": {
    "kind": "road",
    "name": "Post Alley",
    "inside": true,
    "level": null,
    "osm": "way/52563651"
   }
  },
  {
   "type": "Feature",
   "geometry": {
    "type": "LineString",
    "coordinates": [
     [
      -122.34015,
      47.6087227
     ],
     [
      -122.3404713,
      47.6085848
     ],
     [
      -122.3405008,
      47.6085722
     ]
    ]
   },
   "properties": {
    "kind": "road",
    "name": "Pike Street",
    "inside": true,
    "level": null,
    "osm": "way/52563652"
   }
  },
  {
   "type": "Feature",
   "geometry": {
    "type": "LineString",
    "coordinates": [
     [
      -122.3402101,
      47.6073776
     ],
     [
      -122.340131,
      47.6074093
     ],
     [
      -122.339731,
      47.6075719
     ],
     [
      -122.3396998,
      47.607585
     ]
    ]
   },
   "properties": {
    "kind": "road",
    "name": "Union Street",
    "inside": false,
    "level": null,
    "osm": "way/62412687"
   }
  },
  {
   "type": "Feature",
   "geometry": {
    "type": "LineString",
    "coordinates": [
     [
      -122.341109,
      47.6097528
     ],
     [
      -122.341496,
      47.609592
     ],
     [
      -122.3417369,
      47.6094912
     ]
    ]
   },
   "properties": {
    "kind": "road",
    "name": "Pine Street",
    "inside": true,
    "level": null,
    "osm": "way/62412695"
   }
  },
  {
   "type": "Feature",
   "geometry": {
    "type": "LineString",
    "coordinates": [
     [
      -122.3414661,
      47.611009
     ],
     [
      -122.3414862,
      47.6109939
     ]
    ]
   },
   "properties": {
    "kind": "road",
    "name": null,
    "inside": false,
    "level": null,
    "osm": "way/68665993"
   }
  },
  {
   "type": "Feature",
   "geometry": {
    "type": "LineString",
    "coordinates": [
     [
      -122.342655,
      47.6096686
     ],
     [
      -122.3432171,
      47.610003
     ],
     [
      -122.3435491,
      47.6102111
     ],
     [
      -122.343605,
      47.6102741
     ],
     [
      -122.3436686,
      47.6103443
     ],
     [
      -122.343729,
      47.6104163
     ],
     [
      -122.3439263,
      47.6106525
     ],
     [
      -122.3439998,
      47.6107243
     ],
     [
      -122.3440614,
      47.6107618
     ]
    ]
   },
   "properties": {
    "kind": "road",
    "name": "Western Avenue",
    "inside": true,
    "level": null,
    "osm": "way/68665998"
   }
  },
  {
   "type": "Feature",
   "geometry": {
    "type": "LineString",
    "coordinates": [
     [
      -122.3424346,
      47.6095366
     ],
     [
      -122.342655,
      47.6096686
     ]
    ]
   },
   "properties": {
    "kind": "road",
    "name": "Western Avenue",
    "inside": true,
    "level": null,
    "osm": "way/68665999"
   }
  },
  {
   "type": "Feature",
   "geometry": {
    "type": "LineString",
    "coordinates": [
     [
      -122.3387373,
      47.6123136
     ],
     [
      -122.3387951,
      47.6122705
     ],
     [
      -122.3388746,
      47.6122098
     ],
     [
      -122.339061,
      47.6120678
     ],
     [
      -122.33922,
      47.6119424
     ],
     [
      -122.3394366,
      47.6117607
     ]
    ]
   },
   "properties": {
    "kind": "road",
    "name": "Stewart Street",
    "inside": false,
    "level": null,
    "osm": "way/98243676"
   }
  },
  {
   "type": "Feature",
   "geometry": {
    "type": "LineString",
    "coordinates": [
     [
      -122.3401382,
      47.6089948
     ],
     [
      -122.3403914,
      47.6092725
     ],
     [
      -122.3405053,
      47.6094025
     ],
     [
      -122.3408246,
      47.6097674
     ],
     [
      -122.3408914,
      47.6098432
     ]
    ]
   },
   "properties": {
    "kind": "road",
    "name": "1st Avenue",
    "inside": false,
    "level": null,
    "osm": "way/105493444"
   }
  },
  {
   "type": "Feature",
   "geometry": {
    "type": "LineString",
    "coordinates": [
     [
      -122.3394366,
      47.6117607
     ],
     [
      -122.3391721,
      47.6118933
     ],
     [
      -122.338685,
      47.6121174
     ],
     [
      -122.3385943,
      47.6121593
     ],
     [
      -122.3385429,
      47.6121913
     ]
    ]
   },
   "properties": {
    "kind": "road",
    "name": "Olive Way",
    "inside": false,
    "level": null,
    "osm": "way/130308594"
   }
  },
  {
   "type": "Feature",
   "geometry": {
    "type": "LineString",
    "coordinates": [
     [
      -122.3394366,
      47.6117607
     ],
     [
      -122.3394909,
      47.6117249
     ],
     [
      -122.3396012,
      47.6116333
     ]
    ]
   },
   "properties": {
    "kind": "road",
    "name": "Stewart Street",
    "inside": false,
    "level": null,
    "osm": "way/130308598"
   }
  },
  {
   "type": "Feature",
   "geometry": {
    "type": "LineString",
    "coordinates": [
     [
      -122.339962,
      47.6113492
     ],
     [
      -122.3400181,
      47.611305
     ],
     [
      -122.3403471,
      47.611053
     ],
     [
      -122.3404025,
      47.611011
     ],
     [
      -122.3404737,
      47.6109565
     ]
    ]
   },
   "properties": {
    "kind": "road",
    "name": "Stewart Street",
    "inside": false,
    "level": null,
    "osm": "way/130308599"
   }
  },
  {
   "type": "Feature",
   "geometry": {
    "type": "LineString",
    "coordinates": [
     [
      -122.3452171,
      47.6126065
     ],
     [
      -122.345135,
      47.6126683
     ],
     [
      -122.3447771,
      47.6129379
     ],
     [
      -122.3444486,
      47.6131901
     ],
     [
      -122.3443552,
      47.613262
     ]
    ]
   },
   "properties": {
    "kind": "road",
    "name": "Blanchard Street",
    "inside": false,
    "level": null,
    "osm": "way/143014891"
   }
  },
  {
   "type": "Feature",
   "geometry": {
    "type": "LineString",
    "coordinates": [
     [
      -122.3487544,
      47.6146899
     ],
     [
      -122.3486692,
      47.6146401
     ],
     [
      -122.3483869,
      47.6144737
     ],
     [
      -122.3479198,
      47.6141987
     ],
     [
      -122.3478438,
      47.6141534
     ],
     [
      -122.3477373,
      47.6140911
     ],
     [
      -122.34749,
      47.6139455
     ],
     [
      -122.3470813,
      47.6137049
     ],
     [
      -122.3468945,
      47.6135949
     ],
     [
      -122.3466095,
      47.6134274
     ],
     [
      -122.3465246,
      47.6133771
     ],
     [
      -122.3464635,
      47.6133414
     ],
     [
      -122.3456086,
      47.6128372
     ],
     [
      -122.3454937,
      47.6127695
     ],
     [
      -122.3452973,
      47.612654
     ],
     [
      -122.3452171,
      47.6126065
     ]
    ]
   },
   "properties": {
    "kind": "road",
    "name": "1st Avenue",
    "inside": false,
    "level": null,
    "osm": "way/163419184"
   }
  },
  {
   "type": "Feature",
   "geometry": {
    "type": "LineString",
    "coordinates": [
     [
      -122.3392532,
      47.6105219
     ],
     [
      -122.339195,
      47.6104566
     ],
     [
      -122.3389922,
      47.6102283
     ],
     [
      -122.3384054,
      47.6095889
     ],
     [
      -122.3383602,
      47.6095395
     ],
     [
      -122.3382928,
      47.6094653
     ],
     [
      -122.3382062,
      47.6093695
     ],
     [
      -122.3380852,
      47.6092359
     ],
     [
      -122.3379551,
      47.6090923
     ],
     [
      -122.3374992,
      47.6085897
     ],
     [
      -122.3374417,
      47.6085255
     ]
    ]
   },
   "properties": {
    "kind": "road",
    "name": null,
    "inside": false,
    "level": null,
    "osm": "way/173339758"
   }
  },
  {
   "type": "Feature",
   "geometry": {
    "type": "LineString",
    "coordinates": [
     [
      -122.3395754,
      47.6099901
     ],
     [
      -122.3394754,
      47.610031
     ],
     [
      -122.3394351,
      47.6100473
     ],
     [
      -122.3389922,
      47.6102283
     ]
    ]
   },
   "properties": {
    "kind": "road",
    "name": null,
    "inside": false,
    "level": null,
    "osm": "way/173339777"
   }
  },
  {
   "type": "Feature",
   "geometry": {
    "type": "LineString",
    "coordinates": [
     [
      -122.3385495,
      47.6080636
     ],
     [
      -122.33861,
      47.6081307
     ],
     [
      -122.339196,
      47.608775
     ]
    ]
   },
   "properties": {
    "kind": "road",
    "name": "News Lane",
    "inside": false,
    "level": null,
    "osm": "way/173342547"
   }
  },
  {
   "type": "Feature",
   "geometry": {
    "type": "LineString",
    "coordinates": [
     [
      -122.3426071,
      47.611069
     ],
     [
      -122.3425261,
      47.6111338
     ],
     [
      -122.3421929,
      47.611404
     ],
     [
      -122.3420127,
      47.6115459
     ],
     [
      -122.341888,
      47.6116441
     ]
    ]
   },
   "properties": {
    "kind": "road",
    "name": "Virginia Street",
    "inside": false,
    "level": null,
    "osm": "way/192005425"
   }
  },
  {
   "type": "Feature",
   "geometry": {
    "type": "LineString",
    "coordinates": [
     [
      -122.3430759,
      47.6124939
     ],
     [
      -122.343161,
      47.6124269
     ],
     [
      -122.3434906,
      47.6121708
     ],
     [
      -122.3435258,
      47.6121438
     ]
    ]
   },
   "properties": {
    "kind": "road",
    "name": "Lenora Street",
    "inside": false,
    "level": null,
    "osm": "way/192005426"
   }
  },
  {
   "type": "Feature",
   "geometry": {
    "type": "LineString",
    "coordinates": [
     [
      -122.3405053,
      47.6094025
     ],
     [
      -122.3404247,
      47.6094361
     ],
     [
      -122.3399699,
      47.6096265
     ]
    ]
   },
   "properties": {
    "kind": "road",
    "name": null,
    "inside": false,
    "level": null,
    "osm": "way/206858889"
   }
  },
  {
   "type": "Feature",
   "geometry": {
    "type": "LineString",
    "coordinates": [
     [
      -122.3403914,
      47.6092725
     ],
     [
      -122.340307,
      47.6093066
     ],
     [
      -122.3398485,
      47.6094929
     ]
    ]
   },
   "properties": {
    "kind": "road",
    "name": null,
    "inside": false,
    "level": null,
    "osm": "way/206858890"
   }
  },
  {
   "type": "Feature",
   "geometry": {
    "type": "LineString",
    "coordinates": [
     [
      -122.3385078,
      47.6081947
     ],
     [
      -122.338493,
      47.6081801
     ],
     [
      -122.3384297,
      47.6081137
     ]
    ]
   },
   "properties": {
    "kind": "road",
    "name": null,
    "inside": false,
    "level": null,
    "osm": "way/206877618"
   }
  },
  {
   "type": "Feature",
   "geometry": {
    "type": "LineString",
    "coordinates": [
     [
      -122.3413171,
      47.6103112
     ],
     [
      -122.3414096,
      47.6103668
     ],
     [
      -122.3416918,
      47.6105357
     ],
     [
      -122.3425066,
      47.6110108
     ],
     [
      -122.3426071,
      47.611069
     ]
    ]
   },
   "properties": {
    "kind": "road",
    "name": "1st Avenue",
    "inside": false,
    "level": null,
    "osm": "way/206877624"
   }
  },
  {
   "type": "Feature",
   "geometry": {
    "type": "LineString",
    "coordinates": [
     [
      -122.3442177,
      47.6116205
     ],
     [
      -122.3441323,
      47.6115697
     ],
     [
      -122.344101,
      47.6115509
     ]
    ]
   },
   "properties": {
    "kind": "road",
    "name": null,
    "inside": false,
    "level": null,
    "osm": "way/206880346"
   }
  },
  {
   "type": "Feature",
   "geometry": {
    "type": "LineString",
    "coordinates": [
     [
      -122.3434562,
      47.6104215
     ],
     [
      -122.343417,
      47.6104453
     ],
     [
      -122.3433717,
      47.610474
     ],
     [
      -122.3430425,
      47.6107298
     ],
     [
      -122.3427232,
      47.6109704
     ]
    ]
   },
   "properties": {
    "kind": "road",
    "name": "Virginia Street",
    "inside": true,
    "level": null,
    "osm": "way/206880348"
   }
  },
  {
   "type": "Feature",
   "geometry": {
    "type": "LineString",
    "coordinates": [
     [
      -122.3396012,
      47.6116333
     ],
     [
      -122.3397116,
      47.6117003
     ],
     [
      -122.3403144,
      47.6120655
     ],
     [
      -122.3407911,
      47.6123461
     ],
     [
      -122.3408973,
      47.6124084
     ]
    ]
   },
   "properties": {
    "kind": "road",
    "name": "3rd Avenue",
    "inside": false,
    "level": null,
    "osm": "way/206883229"
   }
  },
  {
   "type": "Feature",
   "geometry": {
    "type": "LineString",
    "coordinates": [
     [
      -122.3439128,
      47.6136155
     ],
     [
      -122.3438381,
      47.613571
     ],
     [
      -122.3428293,
      47.6129628
     ],
     [
      -122.3427168,
      47.6128951
     ],
     [
      -122.342625,
      47.6128397
     ]
    ]
   },
   "properties": {
    "kind": "road",
    "name": null,
    "inside": false,
    "level": null,
    "osm": "way/223594084"
   }
  },
  {
   "type": "Feature",
   "geometry": {
    "type": "LineString",
    "coordinates": [
     [
      -122.342625,
      47.6128397
     ],
     [
      -122.3425622,
      47.6128027
     ],
     [
      -122.3414124,
      47.6121273
     ],
     [
      -122.3413276,
      47.6120771
     ]
    ]
   },
   "properties": {
    "kind": "road",
    "name": null,
    "inside": false,
    "level": null,
    "osm": "way/223594085"
   }
  },
  {
   "type": "Feature",
   "geometry": {
    "type": "LineString",
    "coordinates": [
     [
      -122.3413276,
      47.6120771
     ],
     [
      -122.3412388,
      47.6120251
     ],
     [
      -122.3401073,
      47.6113577
     ],
     [
      -122.3400181,
      47.611305
     ]
    ]
   },
   "properties": {
    "kind": "road",
    "name": null,
    "inside": false,
    "level": null,
    "osm": "way/223594086"
   }
  },
  {
   "type": "Feature",
   "geometry": {
    "type": "LineString",
    "coordinates": [
     [
      -122.3383115,
      47.6126424
     ],
     [
      -122.3383923,
      47.6126905
     ],
     [
      -122.3384954,
      47.6127513
     ],
     [
      -122.3385784,
      47.6128005
     ],
     [
      -122.338673,
      47.6128567
     ],
     [
      -122.3395186,
      47.6133573
     ],
     [
      -122.3396013,
      47.6134061
     ],
     [
      -122.3396909,
      47.6134591
     ],
     [
      -122.3401525,
      47.6137309
     ],
     [
      -122.340305,
      47.6138205
     ],
     [
      -122.3404464,
      47.6139036
     ],
     [
      -122.3408244,
      47.6141262
     ],
     [
      -122.3409019,
      47.6141712
     ]
    ]
   },
   "properties": {
    "kind": "road",
    "name": null,
    "inside": false,
    "level": null,
    "osm": "way/223594114"
   }
  },
  {
   "type": "Feature",
   "geometry": {
    "type": "LineString",
    "coordinates": [
     [
      -122.3437849,
      47.6087083
     ],
     [
      -122.3438631,
      47.6087232
     ],
     [
      -122.3439368,
      47.6087526
     ],
     [
      -122.3444957,
      47.6090872
     ],
     [
      -122.3445553,
      47.6091111
     ],
     [
      -122.344617,
      47.609112
     ],
     [
      -122.3446581,
      47.6091042
     ],
     [
      -122.3446767,
      47.6091007
     ],
     [
      -122.3447169,
      47.6090713
     ]
    ]
   },
   "properties": {
    "kind": "road",
    "name": "Alaskan Way",
    "inside": false,
    "level": null,
    "osm": "way/239631177"
   }
  },
  {
   "type": "Feature",
   "geometry": {
    "type": "LineString",
    "coordinates": [
     [
      -122.3421956,
      47.6131715
     ],
     [
      -122.3423055,
      47.6130862
     ],
     [
      -122.342625,
      47.6128397
     ],
     [
      -122.3429682,
      47.6125762
     ],
     [
      -122.3430034,
      47.6125495
     ],
     [
      -122.3430759,
      47.6124939
     ]
    ]
   },
   "properties": {
    "kind": "road",
    "name": "Lenora Street",
    "inside": false,
    "level": null,
    "osm": "way/239939822"
   }
  },
  {
   "type": "Feature",
   "geometry": {
    "type": "LineString",
    "coordinates": [
     [
      -122.3408857,
      47.6106413
     ],
     [
      -122.3408906,
      47.6106376
     ],
     [
      -122.3411509,
      47.6104384
     ],
     [
      -122.3412389,
      47.6103707
     ],
     [
      -122.3413171,
      47.6103112
     ]
    ]
   },
   "properties": {
    "kind": "road",
    "name": "Stewart Street",
    "inside": false,
    "level": null,
    "osm": "way/240455510"
   }
  },
  {
   "type": "Feature",
   "geometry": {
    "type": "LineString",
    "coordinates": [
     [
      -122.338721,
      47.6107454
     ],
     [
      -122.3388606,
      47.6106868
     ],
     [
      -122.3392532,
      47.6105219
     ],
     [
      -122.3396826,
      47.6103452
     ],
     [
      -122.3397416,
      47.6103212
     ]
    ]
   },
   "properties": {
    "kind": "road",
    "name": "Pine Street",
    "inside": false,
    "level": null,
    "osm": "way/240704054"
   }
  },
  {
   "type": "Feature",
   "geometry": {
    "type": "LineString",
    "coordinates": [
     [
      -122.3398417,
      47.6102801
     ],
     [
      -122.3399657,
      47.6102283
     ],
     [
      -122.3402619,
      47.6101057
     ],
     [
      -122.3403661,
      47.6100624
     ]
    ]
   },
   "properties": {
    "kind": "road",
    "name": "Pine Street",
    "inside": false,
    "level": null,
    "osm": "way/240704055"
   }
  },
  {
   "type": "Feature",
   "geometry": {
    "type": "LineString",
    "coordinates": [
     [
      -122.3415563,
      47.6088319
     ],
     [
      -122.3416577,
      47.6087882
     ],
     [
      -122.3416807,
      47.6087786
     ],
     [
      -122.3419588,
      47.6086591
     ],
     [
      -122.3421318,
      47.6085848
     ]
    ]
   },
   "properties": {
    "kind": "road",
    "name": null,
    "inside": true,
    "level": null,
    "osm": "way/240734859"
   }
  },
  {
   "type": "Feature",
   "geometry": {
    "type": "LineString",
    "coordinates": [
     [
      -122.3421318,
      47.6085848
     ],
     [
      -122.3421822,
      47.6085838
     ],
     [
      -122.3422119,
      47.6085968
     ],
     [
      -122.3423703,
      47.6087693
     ]
    ]
   },
   "properties": {
    "kind": "road",
    "name": null,
    "inside": true,
    "level": null,
    "osm": "way/240734860"
   }
  },
  {
   "type": "Feature",
   "geometry": {
    "type": "LineString",
    "coordinates": [
     [
      -122.3423201,
      47.6088323
     ],
     [
      -122.3423507,
      47.6088146
     ],
     [
      -122.3423633,
      47.6087949
     ],
     [
      -122.3423703,
      47.6087693
     ]
    ]
   },
   "properties": {
    "kind": "road",
    "name": null,
    "inside": true,
    "level": null,
    "osm": "way/240734861"
   }
  },
  {
   "type": "Feature",
   "geometry": {
    "type": "LineString",
    "coordinates": [
     [
      -122.3423703,
      47.6087693
     ],
     [
      -122.3426065,
      47.6090267
     ],
     [
      -122.3426149,
      47.6090493
     ],
     [
      -122.3426013,
      47.609067
     ],
     [
      -122.3425605,
      47.6090916
     ]
    ]
   },
   "properties": {
    "kind": "road",
    "name": null,
    "inside": true,
    "level": null,
    "osm": "way/240734862"
   }
  },
  {
   "type": "Feature",
   "geometry": {
    "type": "LineString",
    "coordinates": [
     [
      -122.3392573,
      47.6077644
     ],
     [
      -122.3393776,
      47.6077151
     ],
     [
      -122.3395639,
      47.6076387
     ],
     [
      -122.339597,
      47.6076251
     ]
    ]
   },
   "properties": {
    "kind": "road",
    "name": "Union Street",
    "inside": false,
    "level": null,
    "osm": "way/240841284"
   }
  },
  {
   "type": "Feature",
   "geometry": {
    "type": "LineString",
    "coordinates": [
     [
      -122.3394294,
      47.6073389
     ],
     [
      -122.3394697,
      47.6073223
     ],
     [
      -122.3396089,
      47.6072652
     ]
    ]
   },
   "properties": {
    "kind": "road",
    "name": null,
    "inside": false,
    "level": null,
    "osm": "way/244468437"
   }
  },
  {
   "type": "Feature",
   "geometry": {
    "type": "LineString",
    "coordinates": [
     [
      -122.3396089,
      47.6072652
     ],
     [
      -122.3397097,
      47.607379
     ]
    ]
   },
   "properties": {
    "kind": "road",
    "name": null,
    "inside": false,
    "level": null,
    "osm": "way/244468439"
   }
  },
  {
   "type": "Feature",
   "geometry": {
    "type": "LineString",
    "coordinates": [
     [
      -122.3403144,
      47.6120655
     ],
     [
      -122.3402305,
      47.6121305
     ],
     [
      -122.3402044,
      47.6121511
     ]
    ]
   },
   "properties": {
    "kind": "road",
    "name": null,
    "inside": false,
    "level": null,
    "osm": "way/331422726"
   }
  },
  {
   "type": "Feature",
   "geometry": {
    "type": "LineString",
    "coordinates": [
     [
      -122.339086,
      47.6069625
     ],
     [
      -122.3394294,
      47.6073389
     ],
     [
      -122.3396664,
      47.6075988
     ]
    ]
   },
   "properties": {
    "kind": "road",
    "name": "Post Alley",
    "inside": false,
    "level": null,
    "osm": "way/332471586"
   }
  },
  {
   "type": "Feature",
   "geometry": {
    "type": "LineString",
    "coordinates": [
     [
      -122.3394055,
      47.6054901
     ],
     [
      -122.3396512,
      47.6057606
     ]
    ]
   },
   "properties": {
    "kind": "road",
    "name": null,
    "inside": false,
    "level": null,
    "osm": "way/333168209"
   }
  },
  {
   "type": "Feature",
   "geometry": {
    "type": "LineString",
    "coordinates": [
     [
      -122.3403661,
      47.6100624
     ],
     [
      -122.3404267,
      47.6101291
     ],
     [
      -122.3408352,
      47.6105774
     ],
     [
      -122.3408906,
      47.6106376
     ]
    ]
   },
   "properties": {
    "kind": "road",
    "name": "News Lane",
    "inside": false,
    "level": null,
    "osm": "way/340164239"
   }
  },
  {
   "type": "Feature",
   "geometry": {
    "type": "LineString",
    "coordinates": [
     [
      -122.3403661,
      47.6100624
     ],
     [
      -122.3404354,
      47.6100335
     ]
    ]
   },
   "properties": {
    "kind": "road",
    "name": "Pine Street",
    "inside": false,
    "level": null,
    "osm": "way/340164240"
   }
  },
  {
   "type": "Feature",
   "geometry": {
    "type": "LineString",
    "coordinates": [
     [
      -122.3390873,
      47.6078333
     ],
     [
      -122.3391522,
      47.6079056
     ],
     [
      -122.3397419,
      47.6085586
     ],
     [
      -122.3398953,
      47.6087278
     ]
    ]
   },
   "properties": {
    "kind": "road",
    "name": "1st Avenue",
    "inside": false,
    "level": null,
    "osm": "way/354215257"
   }
  },
  {
   "type": "Feature",
   "geometry": {
    "type": "LineString",
    "coordinates": [
     [
      -122.3383281,
      47.6131461
     ],
     [
      -122.3383616,
      47.6131179
     ],
     [
      -122.338673,
      47.6128567
     ]
    ]
   },
   "properties": {
    "kind": "road",
    "name": null,
    "inside": false,
    "level": null,
    "osm": "way/356367264"
   }
  },
  {
   "type": "Feature",
   "geometry": {
    "type": "LineString",
    "coordinates": [
     [
      -122.3381481,
      47.6130382
     ],
     [
      -122.3381804,
      47.6130114
     ],
     [
      -122.3384954,
      47.6127513
     ]
    ]
   },
   "properties": {
    "kind": "road",
    "name": null,
    "inside": false,
    "level": null,
    "osm": "way/356367265"
   }
  },
  {
   "type": "Feature",
   "geometry": {
    "type": "LineString",
    "coordinates": [
     [
      -122.3397419,
      47.6085586
     ],
     [
      -122.3396588,
      47.6085912
     ],
     [
      -122.339196,
      47.608775
     ]
    ]
   },
   "properties": {
    "kind": "road",
    "name": null,
    "inside": false,
    "level": null,
    "osm": "way/356386128"
   }
  },
  {
   "type": "Feature",
   "geometry": {
    "type": "LineString",
    "coordinates": [
     [
      -122.340869,
      47.6073075
     ],
     [
      -122.3405561,
      47.607437
     ],
     [
      -122.3404729,
      47.6074715
     ],
     [
      -122.3404604,
      47.6074763
     ],
     [
      -122.3403448,
      47.6075245
     ]
    ]
   },
   "properties": {
    "kind": "road",
    "name": null,
    "inside": false,
    "level": null,
    "osm": "way/357561047"
   }
  },
  {
   "type": "Feature",
   "geometry": {
    "type": "LineString",
    "coordinates": [
     [
      -122.3408338,
      47.6075202
     ],
     [
      -122.3406891,
      47.6075807
     ],
     [
      -122.3405561,
      47.607437
     ]
    ]
   },
   "properties": {
    "kind": "road",
    "name": null,
    "inside": false,
    "level": null,
    "osm": "way/357561048"
   }
  },
  {
   "type": "Feature",
   "geometry": {
    "type": "LineString",
    "coordinates": [
     [
      -122.341731,
      47.6112039
     ],
     [
      -122.3414537,
      47.6114183
     ],
     [
      -122.3413677,
      47.6114854
     ]
    ]
   },
   "properties": {
    "kind": "road",
    "name": null,
    "inside": false,
    "level": null,
    "osm": "way/360949781"
   }
  },
  {
   "type": "Feature",
   "geometry": {
    "type": "LineString",
    "coordinates": [
     [
      -122.3432171,
      47.610003
     ],
     [
      -122.3432904,
      47.6099492
     ],
     [
      -122.3434299,
      47.6098475
     ]
    ]
   },
   "properties": {
    "kind": "road",
    "name": null,
    "inside": true,
    "level": null,
    "osm": "way/363244628"
   }
  },
  {
   "type": "Feature",
   "geometry": {
    "type": "LineString",
    "coordinates": [
     [
      -122.3379491,
      47.6129188
     ],
     [
      -122.3379891,
      47.6128881
     ],
     [
      -122.3383115,
      47.6126424
     ],
     [
      -122.3386442,
      47.6123852
     ],
     [
      -122.3387373,
      47.6123136
     ]
    ]
   },
   "properties": {
    "kind": "road",
    "name": "Stewart Street",
    "inside": false,
    "level": null,
    "osm": "way/371267131"
   }
  },
  {
   "type": "Feature",
   "geometry": {
    "type": "LineString",
    "coordinates": [
     [
      -122.341784,
      47.6099392
     ],
     [
      -122.3417136,
      47.6099008
     ],
     [
      -122.3416983,
      47.6098924
     ],
     [
      -122.3416438,
      47.6099097
     ]
    ]
   },
   "properties": {
    "kind": "road",
    "name": null,
    "inside": true,
    "level": null,
    "osm": "way/384119190"
   }
  },
  {
   "type": "Feature",
   "geometry": {
    "type": "LineString",
    "coordinates": [
     [
      -122.3418228,
      47.6056169
     ],
     [
      -122.3404745,
      47.6056182
     ],
     [
      -122.340351,
      47.6056181
     ],
     [
      -122.3403143,
      47.6056181
     ],
     [
      -122.3402395,
      47.6056202
     ]
    ]
   },
   "properties": {
    "kind": "road",
    "name": null,
    "inside": false,
    "level": null,
    "osm": "way/396815284"
   }
  },
  {
   "type": "Feature",
   "geometry": {
    "type": "LineString",
    "coordinates": [
     [
      -122.3417335,
      47.6055202
     ],
     [
      -122.3419859,
      47.60552
     ]
    ]
   },
   "properties": {
    "kind": "road",
    "name": null,
    "inside": false,
    "level": null,
    "osm": "way/396815288"
   }
  },
  {
   "type": "Feature",
   "geometry": {
    "type": "LineString",
    "coordinates": [
     [
      -122.3454937,
      47.6127695
     ],
     [
      -122.3454054,
      47.6128381
     ],
     [
      -122.3450653,
      47.6131045
     ]
    ]
   },
   "properties": {
    "kind": "road",
    "name": null,
    "inside": false,
    "level": null,
    "osm": "way/397007194"
   }
  },
  {
   "type": "Feature",
   "geometry": {
    "type": "LineString",
    "coordinates": [
     [
      -122.3451742,
      47.6131675
     ],
     [
      -122.3455187,
      47.6129052
     ],
     [
      -122.3456086,
      47.6128372
     ]
    ]
   },
   "properties": {
    "kind": "road",
    "name": null,
    "inside": false,
    "level": null,
    "osm": "way/397007197"
   }
  },
  {
   "type": "Feature",
   "geometry": {
    "type": "LineString",
    "coordinates": [
     [
      -122.3448972,
      47.6119572
     ],
     [
      -122.3446947,
      47.6118371
     ],
     [
      -122.3446697,
      47.6118188
     ],
     [
      -122.3446611,
      47.6118053
     ],
     [
      -122.3446496,
      47.6117802
     ],
     [
      -122.344646,
      47.6117672
     ],
     [
      -122.344646,
      47.6117513
     ],
     [
      -122.3446613,
      47.6116926
     ]
    ]
   },
   "properties": {
    "kind": "road",
    "name": null,
    "inside": false,
    "level": null,
    "osm": "way/397007201"
   }
  },
  {
   "type": "Feature",
   "geometry": {
    "type": "LineString",
    "coordinates": [
     [
      -122.3442425,
      47.6126192
     ],
     [
      -122.344586,
      47.612358
     ],
     [
      -122.3446771,
      47.6122889
     ]
    ]
   },
   "properties": {
    "kind": "road",
    "name": null,
    "inside": false,
    "level": null,
    "osm": "way/397010581"
   }
  },
  {
   "type": "Feature",
   "geometry": {
    "type": "LineString",
    "coordinates": [
     [
      -122.3444227,
      47.6127266
     ],
     [
      -122.3447654,
      47.6124627
     ],
     [
      -122.3448556,
      47.6123939
     ]
    ]
   },
   "properties": {
    "kind": "road",
    "name": null,
    "inside": false,
    "level": null,
    "osm": "way/397010583"
   }
  },
  {
   "type": "Feature",
   "geometry": {
    "type": "LineString",
    "coordinates": [
     [
      -122.3447398,
      47.6127236
     ],
     [
      -122.3445962,
      47.61283
     ]
    ]
   },
   "properties": {
    "kind": "road",
    "name": null,
    "inside": false,
    "level": null,
    "osm": "way/397010585"
   }
  },
  {
   "type": "Feature",
   "geometry": {
    "type": "LineString",
    "coordinates": [
     [
      -122.3408973,
      47.6124084
     ],
     [
      -122.3409835,
      47.6124593
     ],
     [
      -122.3410975,
      47.6125259
     ],
     [
      -122.3412379,
      47.6126084
     ]
    ]
   },
   "properties": {
    "kind": "road",
    "name": "3rd Avenue",
    "inside": false,
    "level": null,
    "osm": "way/399134509"
   }
  },
  {
   "type": "Feature",
   "geometry": {
    "type": "LineString",
    "coordinates": [
     [
      -122.3450003,
      47.6109167
     ],
     [
      -122.3450477,
      47.6109439
     ],
     [
      -122.3451047,
      47.610976
     ]
    ]
   },
   "properties": {
    "kind": "road",
    "name": null,
    "inside": false,
    "level": null,
    "osm": "way/403552340"
   }
  },
  {
   "type": "Feature",
   "geometry": {
    "type": "LineString",
    "coordinates": [
     [
      -122.3408914,
      47.6098432
     ],
     [
      -122.3409513,
      47.6099095
     ],
     [
      -122.3412486,
      47.6102359
     ],
     [
      -122.3413171,
      47.6103112
     ]
    ]
   },
   "properties": {
    "kind": "road",
    "name": "1st Avenue",
    "inside": false,
    "level": null,
    "osm": "way/428243129"
   }
  },
  {
   "type": "Feature",
   "geometry": {
    "type": "LineString",
    "coordinates": [
     [
      -122.340032,
      47.6104921
     ],
     [
      -122.3399057,
      47.6103519
     ],
     [
      -122.3398417,
      47.6102801
     ]
    ]
   },
   "properties": {
    "kind": "road",
    "name": "2nd Avenue",
    "inside": false,
    "level": null,
    "osm": "way/428243133"
   }
  },
  {
   "type": "Feature",
   "geometry": {
    "type": "LineString",
    "coordinates": [
     [
      -122.3407718,
      47.6111329
     ],
     [
      -122.3406845,
      47.6110812
     ],
     [
      -122.3405827,
      47.611021
     ],
     [
      -122.3405676,
      47.6110125
     ],
     [
      -122.3404737,
      47.6109565
     ]
    ]
   },
   "properties": {
    "kind": "road",
    "name": "2nd Avenue",
    "inside": false,
    "level": null,
    "osm": "way/428243138"
   }
  },
  {
   "type": "Feature",
   "geometry": {
    "type": "LineString",
    "coordinates": [
     [
      -122.3404737,
      47.6109565
     ],
     [
      -122.3404062,
      47.610904
     ],
     [
      -122.3403888,
      47.6108897
     ],
     [
      -122.340032,
      47.6104921
     ]
    ]
   },
   "properties": {
    "kind": "road",
    "name": "2nd Avenue",
    "inside": false,
    "level": null,
    "osm": "way/428243144"
   }
  },
  {
   "type": "Feature",
   "geometry": {
    "type": "LineString",
    "coordinates": [
     [
      -122.3383768,
      47.6120133
     ],
     [
      -122.3384682,
      47.6121122
     ],
     [
      -122.3385429,
      47.6121913
     ]
    ]
   },
   "properties": {
    "kind": "road",
    "name": "4th Avenue",
    "inside": false,
    "level": null,
    "osm": "way/428243149"
   }
  },
  {
   "type": "Feature",
   "geometry": {
    "type": "LineString",
    "coordinates": [
     [
      -122.3404354,
      47.6100335
     ],
     [
      -122.3408149,
      47.6098749
     ],
     [
      -122.3408914,
      47.6098432
     ]
    ]
   },
   "properties": {
    "kind": "road",
    "name": "Pine Street",
    "inside": false,
    "level": null,
    "osm": "way/428243154"
   }
  },
  {
   "type": "Feature",
   "geometry": {
    "type": "LineString",
    "coordinates": [
     [
      -122.3389319,
      47.6092891
     ],
     [
      -122.3388528,
      47.6092034
     ],
     [
      -122.3383883,
      47.6086993
     ],
     [
      -122.3380772,
      47.608362
     ],
     [
      -122.3380101,
      47.6082891
     ]
    ]
   },
   "properties": {
    "kind": "road",
    "name": "2nd Avenue",
    "inside": false,
    "level": null,
    "osm": "way/428244385"
   }
  },
  {
   "type": "Feature",
   "geometry": {
    "type": "LineString",
    "coordinates": [
     [
      -122.3380293,
      47.6124146
     ],
     [
      -122.3379532,
      47.6124454
     ],
     [
      -122.3378952,
      47.6124689
     ],
     [
      -122.3375633,
      47.6126038
     ],
     [
      -122.3374401,
      47.6126539
     ]
    ]
   },
   "properties": {
    "kind": "road",
    "name": "Olive Way",
    "inside": false,
    "level": null,
    "osm": "way/428248109"
   }
  },
  {
   "type": "Feature",
   "geometry": {
    "type": "LineString",
    "coordinates": [
     [
      -122.3385429,
      47.6121913
     ],
     [
      -122.3384183,
      47.6122452
     ],
     [
      -122.3380293,
      47.6124146
     ]
    ]
   },
   "properties": {
    "kind": "road",
    "name": "Olive Way",
    "inside": false,
    "level": null,
    "osm": "way/428248110"
   }
  },
  {
   "type": "Feature",
   "geometry": {
    "type": "LineString",
    "coordinates": [
     [
      -122.3396796,
      47.6128466
     ],
     [
      -122.3399505,
      47.613007
     ],
     [
      -122.3400465,
      47.6130634
     ]
    ]
   },
   "properties": {
    "kind": "road",
    "name": "4th Avenue",
    "inside": false,
    "level": null,
    "osm": "way/428305116"
   }
  },
  {
   "type": "Feature",
   "geometry": {
    "type": "LineString",
    "coordinates": [
     [
      -122.3385429,
      47.6121913
     ],
     [
      -122.3387373,
      47.6123136
     ]
    ]
   },
   "properties": {
    "kind": "road",
    "name": "4th Avenue",
    "inside": false,
    "level": null,
    "osm": "way/428305118"
   }
  },
  {
   "type": "Feature",
   "geometry": {
    "type": "LineString",
    "coordinates": [
     [
      -122.3394608,
      47.6053129
     ],
     [
      -122.3395497,
      47.6054112
     ],
     [
      -122.3396497,
      47.6055271
     ],
     [
      -122.3398027,
      47.6056993
     ]
    ]
   },
   "properties": {
    "kind": "road",
    "name": "Alaskan Way",
    "inside": false,
    "level": null,
    "osm": "way/447510742"
   }
  },
  {
   "type": "Feature",
   "geometry": {
    "type": "LineString",
    "coordinates": [
     [
      -122.3389832,
      47.6110306
     ],
     [
      -122.3393953,
      47.6114739
     ],
     [
      -122.3394384,
      47.6115183
     ],
     [
      -122.3394844,
      47.6115576
     ],
     [
      -122.3395427,
      47.6115978
     ],
     [
      -122.3396012,
      47.6116333
     ]
    ]
   },
   "properties": {
    "kind": "road",
    "name": "3rd Avenue",
    "inside": false,
    "level": null,
    "osm": "way/460423529"
   }
  },
  {
   "type": "Feature",
   "geometry": {
    "type": "LineString",
    "coordinates": [
     [
      -122.3389319,
      47.6092891
     ],
     [
      -122.3388447,
      47.6093377
     ],
     [
      -122.338743,
      47.6093798
     ],
     [
      -122.3383602,
      47.6095395
     ],
     [
      -122.3379177,
      47.609724
     ],
     [
      -122.3378196,
      47.6097652
     ]
    ]
   },
   "properties": {
    "kind": "road",
    "name": "Pike Street",
    "inside": false,
    "level": null,
    "osm": "way/460425664"
   }
  },
  {
   "type": "Feature",
   "geometry": {
    "type": "LineString",
    "coordinates": [
     [
      -122.3378196,
      47.6097652
     ],
     [
      -122.3378583,
      47.6098079
     ],
     [
      -122.3380274,
      47.6099911
     ],
     [
      -122.3381917,
      47.6101698
     ],
     [
      -122.3386515,
      47.6106699
     ],
     [
      -122.338721,
      47.6107454
     ]
    ]
   },
   "properties": {
    "kind": "road",
    "name": "3rd Avenue",
    "inside": false,
    "level": null,
    "osm": "way/460425665"
   }
  },
  {
   "type": "Feature",
   "geometry": {
    "type": "LineString",
    "coordinates": [
     [
      -122.3383461,
      47.6109015
     ],
     [
      -122.3384888,
      47.6108421
     ],
     [
      -122.3385283,
      47.6108256
     ],
     [
      -122.3385884,
      47.6108006
     ],
     [
      -122.338721,
      47.6107454
     ]
    ]
   },
   "properties": {
    "kind": "road",
    "name": "Pine Street",
    "inside": false,
    "level": null,
    "osm": "way/460425669"
   }
  },
  {
   "type": "Feature",
   "geometry": {
    "type": "LineString",
    "coordinates": [
     [
      -122.3381925,
      47.606838
     ],
     [
      -122.3382585,
      47.6069081
     ],
     [
      -122.3383446,
      47.6069982
     ],
     [
      -122.3386616,
      47.6073529
     ],
     [
      -122.3390285,
      47.6077673
     ],
     [
      -122.3390873,
      47.6078333
     ]
    ]
   },
   "properties": {
    "kind": "road",
    "name": "1st Avenue",
    "inside": false,
    "level": null,
    "osm": "way/462696736"
   }
  },
  {
   "type": "Feature",
   "geometry": {
    "type": "LineString",
    "coordinates": [
     [
      -122.3408973,
      47.6124084
     ],
     [
      -122.3408035,
      47.6124805
     ],
     [
      -122.3404642,
      47.6127419
     ],
     [
      -122.3401489,
      47.6129841
     ],
     [
      -122.3400961,
      47.6130248
     ],
     [
      -122.3400465,
      47.6130634
     ]
    ]
   },
   "properties": {
    "kind": "road",
    "name": "Virginia Street",
    "inside": false,
    "level": null,
    "osm": "way/465797210"
   }
  },
  {
   "type": "Feature",
   "geometry": {
    "type": "LineString",
    "coordinates": [
     [
      -122.338721,
      47.6107454
     ],
     [
      -122.338802,
      47.6108336
     ],
     [
      -122.3389603,
      47.6110057
     ]
    ]
   },
   "properties": {
    "kind": "road",
    "name": "3rd Avenue",
    "inside": false,
    "level": null,
    "osm": "way/465991370"
   }
  },
  {
   "type": "Feature",
   "geometry": {
    "type": "LineString",
    "coordinates": [
     [
      -122.3380101,
      47.6082891
     ],
     [
      -122.3379486,
      47.6082227
     ],
     [
      -122.3378086,
      47.6080706
     ],
     [
      -122.3372924,
      47.6075107
     ],
     [
      -122.3372636,
      47.6074795
     ]
    ]
   },
   "properties": {
    "kind": "road",
    "name": "2nd Avenue",
    "inside": false,
    "level": null,
    "osm": "way/484849329"
   }
  },
  {
   "type": "Feature",
   "geometry": {
    "type": "LineString",
    "coordinates": [
     [
      -122.3402101,
      47.6073776
     ],
     [
      -122.340246,
      47.6074176
     ],
     [
      -122.3403448,
      47.6075245
     ],
     [
      -122.3410088,
      47.6082489
     ]
    ]
   },
   "properties": {
    "kind": "road",
    "name": "Western Avenue",
    "inside": true,
    "level": null,
    "osm": "way/489426841"
   }
  },
  {
   "type": "Feature",
   "geometry": {
    "type": "LineString",
    "coordinates": [
     [
      -122.3410088,
      47.6082489
     ],
     [
      -122.3411084,
      47.6083576
     ],
     [
      -122.3411219,
      47.6083724
     ],
     [
      -122.3411953,
      47.6084485
     ],
     [
      -122.3413145,
      47.6085762
     ]
    ]
   },
   "properties": {
    "kind": "road",
    "name": "Western Avenue",
    "inside": true,
    "level": null,
    "osm": "way/489426842"
   }
  },
  {
   "type": "Feature",
   "geometry": {
    "type": "LineString",
    "coordinates": [
     [
      -122.3413145,
      47.6085762
     ],
     [
      -122.3415563,
      47.6088319
     ],
     [
      -122.3417656,
      47.6090534
     ],
     [
      -122.3418236,
      47.6091147
     ],
     [
      -122.341847,
      47.6091395
     ],
     [
      -122.3418898,
      47.6091848
     ],
     [
      -122.3419947,
      47.6092808
     ],
     [
      -122.3423492,
      47.609487
     ],
     [
      -122.3424346,
      47.6095366
     ]
    ]
   },
   "properties": {
    "kind": "road",
    "name": "Western Avenue",
    "inside": true,
    "level": null,
    "osm": "way/489426843"
   }
  },
  {
   "type": "Feature",
   "geometry": {
    "type": "LineString",
    "coordinates": [
     [
      -122.3440614,
      47.6107618
     ],
     [
      -122.3447176,
      47.6111622
     ],
     [
      -122.344785,
      47.6111979
     ]
    ]
   },
   "properties": {
    "kind": "road",
    "name": "Western Avenue",
    "inside": false,
    "level": null,
    "osm": "way/489427656"
   }
  },
  {
   "type": "Feature",
   "geometry": {
    "type": "LineString",
    "coordinates": [
     [
      -122.339962,
      47.6113492
     ],
     [
      -122.3398847,
      47.611305
     ],
     [
      -122.3398583,
      47.6112897
     ]
    ]
   },
   "properties": {
    "kind": "road",
    "name": null,
    "inside": false,
    "level": null,
    "osm": "way/500805369"
   }
  },
  {
   "type": "Feature",
   "geometry": {
    "type": "LineString",
    "coordinates": [
     [
      -122.3404737,
      47.6109565
     ],
     [
      -122.340588,
      47.6108685
     ],
     [
      -122.3408857,
      47.6106413
     ]
    ]
   },
   "properties": {
    "kind": "road",
    "name": "Stewart Street",
    "inside": false,
    "level": null,
    "osm": "way/500805370"
   }
  },
  {
   "type": "Feature",
   "geometry": {
    "type": "LineString",
    "coordinates": [
     [
      -122.3396012,
      47.6116333
     ],
     [
      -122.3397057,
      47.6115509
     ],
     [
      -122.339962,
      47.6113492
     ]
    ]
   },
   "properties": {
    "kind": "road",
    "name": "Stewart Street",
    "inside": false,
    "level": null,
    "osm": "way/500805371"
   }
  },
  {
   "type": "Feature",
   "geometry": {
    "type": "LineString",
    "coordinates": [
     [
      -122.3401019,
      47.6060352
     ],
     [
      -122.3401721,
      47.606109
     ],
     [
      -122.3404171,
      47.606372
     ],
     [
      -122.3404826,
      47.6064423
     ],
     [
      -122.3406827,
      47.6066601
     ],
     [
      -122.34082,
      47.6068094
     ],
     [
      -122.3409778,
      47.6069873
     ],
     [
      -122.341051,
      47.6070695
     ]
    ]
   },
   "properties": {
    "kind": "road",
    "name": "Alaskan Way",
    "inside": false,
    "level": null,
    "osm": "way/519441949"
   }
  },
  {
   "type": "Feature",
   "geometry": {
    "type": "LineString",
    "coordinates": [
     [
      -122.3368912,
      47.6087555
     ],
     [
      -122.3370121,
      47.6087049
     ],
     [
      -122.3374417,
      47.6085255
     ],
     [
      -122.3378648,
      47.6083493
     ],
     [
      -122.3379205,
      47.6083264
     ],
     [
      -122.3380101,
      47.6082891
     ]
    ]
   },
   "properties": {
    "kind": "road",
    "name": "Union Street",
    "inside": false,
    "level": null,
    "osm": "way/532243336"
   }
  },
  {
   "type": "Feature",
   "geometry": {
    "type": "LineString",
    "coordinates": [
     [
      -122.337541,
      47.6061206
     ],
     [
      -122.3376103,
      47.606197
     ],
     [
      -122.3381435,
      47.6067845
     ],
     [
      -122.3381925,
      47.606838
     ]
    ]
   },
   "properties": {
    "kind": "road",
    "name": "1st Avenue",
    "inside": false,
    "level": null,
    "osm": "way/534545516"
   }
  },
  {
   "type": "Feature",
   "geometry": {
    "type": "LineString",
    "coordinates": [
     [
      -122.346496,
      47.6116213
     ],
     [
      -122.3463988,
      47.6115997
     ],
     [
      -122.3463063,
      47.6115771
     ],
     [
      -122.345617,
      47.6114125
     ]
    ]
   },
   "properties": {
    "kind": "road",
    "name": "Elliott Avenue",
    "inside": false,
    "level": null,
    "osm": "way/537696882"
   }
  },
  {
   "type": "Feature",
   "geometry": {
    "type": "LineString",
    "coordinates": [
     [
      -122.3376326,
      47.6111996
     ],
     [
      -122.3376844,
      47.6111777
     ],
     [
      -122.337795,
      47.6111313
     ],
     [
      -122.3380195,
      47.6110378
     ]
    ]
   },
   "properties": {
    "kind": "road",
    "name": "Pine Street",
    "inside": false,
    "level": null,
    "osm": "way/543426333"
   }
  },
  {
   "type": "Feature",
   "geometry": {
    "type": "LineString",
    "coordinates": [
     [
      -122.3385495,
      47.6080636
     ],
     [
      -122.3389843,
      47.6078773
     ],
     [
      -122.3390873,
      47.6078333
     ]
    ]
   },
   "properties": {
    "kind": "road",
    "name": "Union Street",
    "inside": false,
    "level": null,
    "osm": "way/543950129"
   }
  },
  {
   "type": "Feature",
   "geometry": {
    "type": "LineString",
    "coordinates": [
     [
      -122.341779,
      47.6117296
     ],
     [
      -122.3416873,
      47.6116753
     ],
     [
      -122.3413677,
      47.6114854
     ],
     [
      -122.3407718,
      47.6111329
     ]
    ]
   },
   "properties": {
    "kind": "road",
    "name": "2nd Avenue",
    "inside": false,
    "level": null,
    "osm": "way/560116317"
   }
  },
  {
   "type": "Feature",
   "geometry": {
    "type": "LineString",
    "coordinates": [
     [
      -122.3381481,
      47.6130382
     ],
     [
      -122.3380364,
      47.6129712
     ],
     [
      -122.3379491,
      47.6129188
     ]
    ]
   },
   "properties": {
    "kind": "road",
    "name": "5th Avenue",
    "inside": false,
    "level": null,
    "osm": "way/584910546"
   }
  },
  {
   "type": "Feature",
   "geometry": {
    "type": "LineString",
    "coordinates": [
     [
      -122.3460598,
      47.611953
     ],
     [
      -122.346,
      47.6120002
     ],
     [
      -122.3456496,
      47.6122774
     ],
     [
      -122.3453074,
      47.6125376
     ],
     [
      -122.3452171,
      47.6126065
     ]
    ]
   },
   "properties": {
    "kind": "road",
    "name": "Blanchard Street",
    "inside": false,
    "level": null,
    "osm": "way/607121654"
   }
  },
  {
   "type": "Feature",
   "geometry": {
    "type": "LineString",
    "coordinates": [
     [
      -122.3454379,
      47.6107191
     ],
     [
      -122.3453647,
      47.6107726
     ],
     [
      -122.3453263,
      47.6108008
     ],
     [
      -122.3451047,
      47.610976
     ],
     [
      -122.3448869,
      47.6111407
     ],
     [
      -122.344785,
      47.6111979
     ]
    ]
   },
   "properties": {
    "kind": "road",
    "name": "Lenora Street",
    "inside": false,
    "level": null,
    "osm": "way/609368056"
   }
  },
  {
   "type": "Feature",
   "geometry": {
    "type": "Polygon",
    "coordinates": [
     [
      [
       -122.3460285,
       47.6101755
      ],
      [
       -122.345938,
       47.6102087
      ],
      [
       -122.3456698,
       47.6104009
      ],
      [
       -122.3456711,
       47.610437
      ],
      [
       -122.3457724,
       47.610485
      ],
      [
       -122.345816,
       47.6104764
      ],
      [
       -122.3460607,
       47.6102928
      ],
      [
       -122.3460513,
       47.610244
      ],
      [
       -122.3460443,
       47.6102239
      ],
      [
       -122.3460285,
       47.6101755
      ]
     ]
    ]
   },
   "properties": {
    "kind": "road",
    "name": "Lenora Street",
    "inside": false,
    "level": null,
    "osm": "way/609368611"
   }
  },
  {
   "type": "Feature",
   "geometry": {
    "type": "LineString",
    "coordinates": [
     [
      -122.340851,
      47.6071541
     ],
     [
      -122.340411,
      47.607334
     ]
    ]
   },
   "properties": {
    "kind": "road",
    "name": "Union Street",
    "inside": false,
    "level": null,
    "osm": "way/612828641"
   }
  },
  {
   "type": "Feature",
   "geometry": {
    "type": "LineString",
    "coordinates": [
     [
      -122.3426799,
      47.6130781
     ],
     [
      -122.3428293,
      47.6129628
     ],
     [
      -122.3431269,
      47.6127329
     ]
    ]
   },
   "properties": {
    "kind": "road",
    "name": null,
    "inside": false,
    "level": null,
    "osm": "way/613646840"
   }
  },
  {
   "type": "Feature",
   "geometry": {
    "type": "LineString",
    "coordinates": [
     [
      -122.3443552,
      47.613262
     ],
     [
      -122.3442882,
      47.6132219
     ],
     [
      -122.3437184,
      47.6128797
     ],
     [
      -122.3431601,
      47.612545
     ],
     [
      -122.3430759,
      47.6124939
     ]
    ]
   },
   "properties": {
    "kind": "road",
    "name": "2nd Avenue",
    "inside": false,
    "level": null,
    "osm": "way/617436201"
   }
  },
  {
   "type": "Feature",
   "geometry": {
    "type": "LineString",
    "coordinates": [
     [
      -122.3430759,
      47.6124939
     ],
     [
      -122.342997,
      47.6124478
     ],
     [
      -122.3424809,
      47.6121419
     ],
     [
      -122.342156,
      47.6119498
     ]
    ]
   },
   "properties": {
    "kind": "road",
    "name": "2nd Avenue",
    "inside": false,
    "level": null,
    "osm": "way/617436202"
   }
  },
  {
   "type": "Feature",
   "geometry": {
    "type": "LineString",
    "coordinates": [
     [
      -122.3452171,
      47.6126065
     ],
     [
      -122.3451446,
      47.612564
     ],
     [
      -122.3448556,
      47.6123939
     ],
     [
      -122.3446771,
      47.6122889
     ],
     [
      -122.344663,
      47.6122806
     ],
     [
      -122.3440035,
      47.6118927
     ],
     [
      -122.3439224,
      47.6118448
     ]
    ]
   },
   "properties": {
    "kind": "road",
    "name": "1st Avenue",
    "inside": false,
    "level": null,
    "osm": "way/621319686"
   }
  },
  {
   "type": "Feature",
   "geometry": {
    "type": "LineString",
    "coordinates": [
     [
      -122.3414707,
      47.6127453
     ],
     [
      -122.3420929,
      47.6131115
     ],
     [
      -122.3421956,
      47.6131715
     ]
    ]
   },
   "properties": {
    "kind": "road",
    "name": "3rd Avenue",
    "inside": false,
    "level": null,
    "osm": "way/621319687"
   }
  },
  {
   "type": "Feature",
   "geometry": {
    "type": "LineString",
    "coordinates": [
     [
      -122.341779,
      47.6117296
     ],
     [
      -122.3417013,
      47.6117895
     ],
     [
      -122.3416578,
      47.6118227
     ],
     [
      -122.3413276,
      47.6120771
     ],
     [
      -122.3410068,
      47.6123238
     ],
     [
      -122.3408973,
      47.6124084
     ]
    ]
   },
   "properties": {
    "kind": "road",
    "name": "Virginia Street",
    "inside": false,
    "level": null,
    "osm": "way/621378235"
   }
  },
  {
   "type": "Feature",
   "geometry": {
    "type": "LineString",
    "coordinates": [
     [
      -122.3389603,
      47.6110057
     ],
     [
      -122.3389832,
      47.6110306
     ]
    ]
   },
   "properties": {
    "kind": "road",
    "name": "3rd Avenue",
    "inside": false,
    "level": null,
    "osm": "way/621396781"
   }
  },
  {
   "type": "Feature",
   "geometry": {
    "type": "LineString",
    "coordinates": [
     [
      -122.3412379,
      47.6126084
     ],
     [
      -122.3414707,
      47.6127453
     ]
    ]
   },
   "properties": {
    "kind": "road",
    "name": "3rd Avenue",
    "inside": false,
    "level": null,
    "osm": "way/621396782"
   }
  },
  {
   "type": "Feature",
   "geometry": {
    "type": "LineString",
    "coordinates": [
     [
      -122.3391878,
      47.6125671
     ],
     [
      -122.3396796,
      47.6128466
     ]
    ]
   },
   "properties": {
    "kind": "road",
    "name": "4th Avenue",
    "inside": false,
    "level": null,
    "osm": "way/621874253"
   }
  },
  {
   "type": "Feature",
   "geometry": {
    "type": "LineString",
    "coordinates": [
     [
      -122.335512,
      47.5957513
     ],
     [
      -122.3355263,
      47.5959914
     ],
     [
      -122.3355355,
      47.5960945
     ],
     [
      -122.3355567,
      47.5963119
     ],
     [
      -122.3355967,
      47.5966498
     ],
     [
      -122.3356452,
      47.5969494
     ],
     [
      -122.3356995,
      47.5972479
     ],
     [
      -122.3357348,
      47.5975484
     ],
     [
      -122.3357554,
      47.5978594
     ],
     [
      -122.3357656,
      47.5984074
     ],
     [
      -122.3357834,
      47.5988552
     ],
     [
      -122.3357979,
      47.599281
     ],
     [
      -122.3358127,
      47.5995981
     ],
     [
      -122.3358192,
      47.599906
     ],
     [
      -122.3358262,
      47.6002462
     ],
     [
      -122.3358442,
      47.6005662
     ],
     [
      -122.3358798,
      47.6009262
     ],
     [
      -122.3359264,
      47.6012917
     ],
     [
      -122.3360156,
      47.6018609
     ],
     [
      -122.3361028,
      47.6022776
     ],
     [
      -122.336216,
      47.6026998
     ],
     [
      -122.3363318,
      47.6030862
     ],
     [
      -122.3364613,
      47.6034837
     ],
     [
      -122.3366429,
      47.60398
     ],
     [
      -122.3368491,
      47.6044796
     ],
     [
      -122.3370515,
      47.6049072
     ],
     [
      -122.3372827,
      47.6053301
     ],
     [
      -122.3375599,
      47.6058069
     ],
     [
      -122.337848,
      47.6062809
     ],
     [
      -122.3380874,
      47.6066345
     ],
     [
      -122.3382954,
      47.6069236
     ],
     [
      -122.3385803,
      47.6072981
     ],
     [
      -122.338816,
      47.6075925
     ],
     [
      -122.3392782,
      47.6081255
     ],
     [
      -122.3400385,
      47.608973
     ],
     [
      -122.3405463,
      47.6095241
     ],
     [
      -122.3409964,
      47.6100131
     ],
     [
      -122.3413768,
      47.6104515
     ],
     [
      -122.3417164,
      47.6108301
     ],
     [
      -122.3420217,
      47.6111821
     ],
     [
      -122.3424914,
      47.6118226
     ],
     [
      -122.3427861,
      47.6122675
     ],
     [
      -122.3430576,
      47.6127077
     ],
     [
      -122.3433143,
      47.6131503
     ],
     [
      -122.34359,
      47.613662
     ],
     [
      -122.3437956,
      47.614079
     ],
     [
      -122.3439929,
      47.6145089
     ],
     [
      -122.3441152,
      47.61481
     ],
     [
      -122.3443235,
      47.6153719
     ],
     [
      -122.3444525,
      47.6157847
     ],
     [
      -122.3445856,
      47.6162463
     ],
     [
      -122.344681,
      47.6166187
     ],
     [
      -122.3447681,
      47.6170242
     ],
     [
      -122.3448629,
      47.6176428
     ],
     [
      -122.3449079,
      47.6180799
     ],
     [
      -122.3449543,
      47.6185408
     ],
     [
      -122.3449622,
      47.6195811
     ],
     [
      -122.3448812,
      47.6204745
     ],
     [
      -122.3448249,
      47.6208685
     ],
     [
      -122.3447715,
      47.62119
     ]
    ]
   },
   "properties": {
    "kind": "road",
    "name": "State Route 99 Tunnel",
    "inside": false,
    "level": null,
    "osm": "way/635718965"
   }
  },
  {
   "type": "Feature",
   "geometry": {
    "type": "LineString",
    "coordinates": [
     [
      -122.3448944,
      47.6211433
     ],
     [
      -122.3449192,
      47.6210301
     ],
     [
      -122.344993,
      47.6206106
     ],
     [
      -122.3450475,
      47.6201026
     ],
     [
      -122.3450802,
      47.6196005
     ],
     [
      -122.3450803,
      47.6190719
     ],
     [
      -122.3450695,
      47.6185378
     ],
     [
      -122.3449916,
      47.6176605
     ],
     [
      -122.3448953,
      47.6170413
     ],
     [
      -122.3447246,
      47.6162608
     ],
     [
      -122.3444596,
      47.6153656
     ],
     [
      -122.344125,
      47.614486
     ],
     [
      -122.3437039,
      47.6135874
     ],
     [
      -122.3431531,
      47.6126153
     ],
     [
      -122.3426069,
      47.6117963
     ],
     [
      -122.342098,
      47.6111235
     ],
     [
      -122.3415167,
      47.6104351
     ],
     [
      -122.3393586,
      47.6080697
     ],
     [
      -122.3388408,
      47.6074712
     ],
     [
      -122.3383939,
      47.6068865
     ],
     [
      -122.3379493,
      47.6062399
     ],
     [
      -122.337381,
      47.6052841
     ],
     [
      -122.3369673,
      47.6044496
     ],
     [
      -122.3365616,
      47.6034383
     ],
     [
      -122.3363162,
      47.6026539
     ],
     [
      -122.3361254,
      47.6018497
     ],
     [
      -122.3360254,
      47.6012717
     ],
     [
      -122.3359433,
      47.6005481
     ],
     [
      -122.33591,
      47.5998937
     ],
     [
      -122.3359124,
      47.5984161
     ],
     [
      -122.3358853,
      47.5978139
     ],
     [
      -122.335821,
      47.5972171
     ],
     [
      -122.3357195,
      47.5966235
     ],
     [
      -122.335613,
      47.5960872
     ]
    ]
   },
   "properties": {
    "kind": "road",
    "name": "State Route 99 Tunnel",
    "inside": false,
    "level": null,
    "osm": "way/635762265"
   }
  },
  {
   "type": "Feature",
   "geometry": {
    "type": "LineString",
    "coordinates": [
     [
      -122.3402431,
      47.6082313
     ],
     [
      -122.3398702,
      47.6078223
     ],
     [
      -122.3397228,
      47.6076606
     ]
    ]
   },
   "properties": {
    "kind": "road",
    "name": "Post Alley",
    "inside": false,
    "level": null,
    "osm": "way/642736345"
   }
  },
  {
   "type": "Feature",
   "geometry": {
    "type": "LineString",
    "coordinates": [
     [
      -122.3397228,
      47.6076606
     ],
     [
      -122.3396664,
      47.6075988
     ]
    ]
   },
   "properties": {
    "kind": "road",
    "name": "Post Alley",
    "inside": false,
    "level": null,
    "osm": "way/642736346"
   }
  },
  {
   "type": "Feature",
   "geometry": {
    "type": "LineString",
    "coordinates": [
     [
      -122.3411289,
      47.607459
     ],
     [
      -122.340851,
      47.6071541
     ]
    ]
   },
   "properties": {
    "kind": "road",
    "name": null,
    "inside": false,
    "level": null,
    "osm": "way/676787233"
   }
  },
  {
   "type": "Feature",
   "geometry": {
    "type": "LineString",
    "coordinates": [
     [
      -122.3439224,
      47.6118448
     ],
     [
      -122.3438043,
      47.6117754
     ],
     [
      -122.3433657,
      47.6115164
     ],
     [
      -122.3426873,
      47.6111163
     ],
     [
      -122.3426071,
      47.611069
     ]
    ]
   },
   "properties": {
    "kind": "road",
    "name": "1st Avenue",
    "inside": false,
    "level": null,
    "osm": "way/693449123"
   }
  },
  {
   "type": "Feature",
   "geometry": {
    "type": "LineString",
    "coordinates": [
     [
      -122.3452871,
      47.6115087
     ],
     [
      -122.3459846,
      47.6119062
     ],
     [
      -122.3460598,
      47.611953
     ]
    ]
   },
   "properties": {
    "kind": "road",
    "name": "Western Avenue",
    "inside": false,
    "level": null,
    "osm": "way/694281867"
   }
  },
  {
   "type": "Feature",
   "geometry": {
    "type": "LineString",
    "coordinates": [
     [
      -122.3454328,
      47.6113665
     ],
     [
      -122.345203,
      47.6113042
     ],
     [
      -122.3448941,
      47.6112209
     ],
     [
      -122.344785,
      47.6111979
     ]
    ]
   },
   "properties": {
    "kind": "road",
    "name": "Elliott Avenue",
    "inside": false,
    "level": null,
    "osm": "way/694281868"
   }
  },
  {
   "type": "Feature",
   "geometry": {
    "type": "LineString",
    "coordinates": [
     [
      -122.3404826,
      47.6064423
     ],
     [
      -122.3403266,
      47.6065074
     ],
     [
      -122.3403032,
      47.6065163
     ],
     [
      -122.3403335,
      47.6065724
     ],
     [
      -122.3404859,
      47.6067434
     ],
     [
      -122.3406191,
      47.6068927
     ],
     [
      -122.340744,
      47.6070327
     ]
    ]
   },
   "properties": {
    "kind": "road",
    "name": null,
    "inside": false,
    "level": null,
    "osm": "way/749386050"
   }
  },
  {
   "type": "Feature",
   "geometry": {
    "type": "LineString",
    "coordinates": [
     [
      -122.3419018,
      47.6073434
     ],
     [
      -122.3419929,
      47.6072997
     ],
     [
      -122.3420301,
      47.6072926
     ],
     [
      -122.3420884,
      47.6072816
     ],
     [
      -122.3427601,
      47.6072904
     ],
     [
      -122.3435254,
      47.6072945
     ]
    ]
   },
   "properties": {
    "kind": "road",
    "name": null,
    "inside": false,
    "level": null,
    "osm": "way/773064500"
   }
  },
  {
   "type": "Feature",
   "geometry": {
    "type": "LineString",
    "coordinates": [
     [
      -122.3391947,
      47.6095757
     ],
     [
      -122.339096,
      47.6096156
     ],
     [
      -122.3390541,
      47.6096323
     ],
     [
      -122.3390266,
      47.6096435
     ]
    ]
   },
   "properties": {
    "kind": "road",
    "name": null,
    "inside": false,
    "level": null,
    "osm": "way/814064746"
   }
  },
  {
   "type": "Feature",
   "geometry": {
    "type": "LineString",
    "coordinates": [
     [
      -122.3433657,
      47.6115164
     ],
     [
      -122.3432754,
      47.6115873
     ],
     [
      -122.3430127,
      47.6117957
     ]
    ]
   },
   "properties": {
    "kind": "road",
    "name": null,
    "inside": false,
    "level": null,
    "osm": "way/817525771"
   }
  },
  {
   "type": "Feature",
   "geometry": {
    "type": "LineString",
    "coordinates": [
     [
      -122.3400181,
      47.611305
     ],
     [
      -122.3399447,
      47.6112587
     ],
     [
      -122.3393304,
      47.6105794
     ],
     [
      -122.3392532,
      47.6105219
     ]
    ]
   },
   "properties": {
    "kind": "road",
    "name": null,
    "inside": false,
    "level": null,
    "osm": "way/946163908"
   }
  },
  {
   "type": "Feature",
   "geometry": {
    "type": "LineString",
    "coordinates": [
     [
      -122.3387373,
      47.6123136
     ],
     [
      -122.33883,
      47.612366
     ],
     [
      -122.3391878,
      47.6125671
     ]
    ]
   },
   "properties": {
    "kind": "road",
    "name": "4th Avenue",
    "inside": false,
    "level": null,
    "osm": "way/962621943"
   }
  },
  {
   "type": "Feature",
   "geometry": {
    "type": "LineString",
    "coordinates": [
     [
      -122.341051,
      47.6070695
     ],
     [
      -122.340908,
      47.6071305
     ],
     [
      -122.340851,
      47.6071541
     ]
    ]
   },
   "properties": {
    "kind": "road",
    "name": "Union Street",
    "inside": false,
    "level": null,
    "osm": "way/963222553"
   }
  },
  {
   "type": "Feature",
   "geometry": {
    "type": "LineString",
    "coordinates": [
     [
      -122.3378474,
      47.6114332
     ],
     [
      -122.3383768,
      47.6120133
     ]
    ]
   },
   "properties": {
    "kind": "road",
    "name": "4th Avenue",
    "inside": false,
    "level": null,
    "osm": "way/987640822"
   }
  },
  {
   "type": "Feature",
   "geometry": {
    "type": "LineString",
    "coordinates": [
     [
      -122.3441231,
      47.6098868
     ],
     [
      -122.3435112,
      47.6092991
     ]
    ]
   },
   "properties": {
    "kind": "road",
    "name": "Elliott Way",
    "inside": false,
    "level": null,
    "osm": "way/1020457466"
   }
  },
  {
   "type": "Feature",
   "geometry": {
    "type": "LineString",
    "coordinates": [
     [
      -122.3425328,
      47.6083741
     ],
     [
      -122.3425243,
      47.6082879
     ],
     [
      -122.3424216,
      47.6081746
     ],
     [
      -122.3423084,
      47.6080632
     ],
     [
      -122.3421566,
      47.6079316
     ],
     [
      -122.34203,
      47.6078306
     ],
     [
      -122.3419058,
      47.6077423
     ],
     [
      -122.341878,
      47.6077226
     ],
     [
      -122.3417814,
      47.6076581
     ],
     [
      -122.3415622,
      47.6075103
     ],
     [
      -122.3414182,
      47.6074347
     ]
    ]
   },
   "properties": {
    "kind": "road",
    "name": "Alaskan Way",
    "inside": false,
    "level": null,
    "osm": "way/1020457467"
   }
  },
  {
   "type": "Feature",
   "geometry": {
    "type": "LineString",
    "coordinates": [
     [
      -122.3398953,
      47.6087278
     ],
     [
      -122.339902,
      47.6087362
     ],
     [
      -122.3400015,
      47.6088449
     ]
    ]
   },
   "properties": {
    "kind": "road",
    "name": "1st Avenue",
    "inside": false,
    "level": null,
    "osm": "way/1027523805"
   }
  },
  {
   "type": "Feature",
   "geometry": {
    "type": "LineString",
    "coordinates": [
     [
      -122.3400015,
      47.6088449
     ],
     [
      -122.340066,
      47.6089167
     ],
     [
      -122.3401382,
      47.6089948
     ]
    ]
   },
   "properties": {
    "kind": "road",
    "name": "1st Avenue",
    "inside": false,
    "level": null,
    "osm": "way/1027523806"
   }
  },
  {
   "type": "Feature",
   "geometry": {
    "type": "LineString",
    "coordinates": [
     [
      -122.3400015,
      47.6088449
     ],
     [
      -122.3400955,
      47.60875
     ],
     [
      -122.340128,
      47.6087332
     ],
     [
      -122.34015,
      47.6087227
     ]
    ]
   },
   "properties": {
    "kind": "road",
    "name": "Pike Street",
    "inside": true,
    "level": null,
    "osm": "way/1027523808"
   }
  },
  {
   "type": "Feature",
   "geometry": {
    "type": "LineString",
    "coordinates": [
     [
      -122.3403521,
      47.6083507
     ],
     [
      -122.3402431,
      47.6082313
     ]
    ]
   },
   "properties": {
    "kind": "road",
    "name": "Post Alley",
    "inside": true,
    "level": null,
    "osm": "way/1027523809"
   }
  },
  {
   "type": "Feature",
   "geometry": {
    "type": "LineString",
    "coordinates": [
     [
      -122.3414682,
      47.6101904
     ],
     [
      -122.3414552,
      47.6102006
     ],
     [
      -122.3413171,
      47.6103112
     ]
    ]
   },
   "properties": {
    "kind": "road",
    "name": "Stewart Street",
    "inside": true,
    "level": null,
    "osm": "way/1027523810"
   }
  },
  {
   "type": "Feature",
   "geometry": {
    "type": "LineString",
    "coordinates": [
     [
      -122.3427232,
      47.6109704
     ],
     [
      -122.3427011,
      47.6109882
     ],
     [
      -122.3426071,
      47.611069
     ]
    ]
   },
   "properties": {
    "kind": "road",
    "name": "Virginia Street",
    "inside": true,
    "level": null,
    "osm": "way/1027523811"
   }
  },
  {
   "type": "Feature",
   "geometry": {
    "type": "LineString",
    "coordinates": [
     [
      -122.341888,
      47.6116441
     ],
     [
      -122.3418663,
      47.6116612
     ],
     [
      -122.341779,
      47.6117296
     ]
    ]
   },
   "properties": {
    "kind": "road",
    "name": "Virginia Street",
    "inside": false,
    "level": null,
    "osm": "way/1027523812"
   }
  },
  {
   "type": "Feature",
   "geometry": {
    "type": "LineString",
    "coordinates": [
     [
      -122.3417369,
      47.6094912
     ],
     [
      -122.341758,
      47.6094817
     ],
     [
      -122.3418368,
      47.6094497
     ]
    ]
   },
   "properties": {
    "kind": "road",
    "name": "Pine Street",
    "inside": true,
    "level": null,
    "osm": "way/1027523813"
   }
  },
  {
   "type": "Feature",
   "geometry": {
    "type": "LineString",
    "coordinates": [
     [
      -122.3405008,
      47.6085722
     ],
     [
      -122.340538,
      47.6085524
     ]
    ]
   },
   "properties": {
    "kind": "road",
    "name": "Pike Street",
    "inside": true,
    "level": null,
    "osm": "way/1027523814"
   }
  },
  {
   "type": "Feature",
   "geometry": {
    "type": "LineString",
    "coordinates": [
     [
      -122.3381072,
      47.6058843
     ],
     [
      -122.338123,
      47.6059252
     ],
     [
      -122.3378879,
      47.6060299
     ]
    ]
   },
   "properties": {
    "kind": "road",
    "name": null,
    "inside": false,
    "level": null,
    "osm": "way/1027523820"
   }
  },
  {
   "type": "Feature",
   "geometry": {
    "type": "LineString",
    "coordinates": [
     [
      -122.3396998,
      47.607585
     ],
     [
      -122.3396664,
      47.6075988
     ]
    ]
   },
   "properties": {
    "kind": "road",
    "name": "Union Street",
    "inside": false,
    "level": null,
    "osm": "way/1027523828"
   }
  },
  {
   "type": "Feature",
   "geometry": {
    "type": "LineString",
    "coordinates": [
     [
      -122.3394964,
      47.6075662
     ],
     [
      -122.3394729,
      47.6075579
     ],
     [
      -122.3394113,
      47.6075757
     ],
     [
      -122.3393416,
      47.6076031
     ],
     [
      -122.3393037,
      47.6076268
     ],
     [
      -122.3393105,
      47.6076434
     ]
    ]
   },
   "properties": {
    "kind": "road",
    "name": null,
    "inside": false,
    "level": null,
    "osm": "way/1027523829"
   }
  },
  {
   "type": "Feature",
   "geometry": {
    "type": "LineString",
    "coordinates": [
     [
      -122.3393105,
      47.6076434
     ],
     [
      -122.3393277,
      47.6076624
     ],
     [
      -122.3393776,
      47.6077151
     ]
    ]
   },
   "properties": {
    "kind": "road",
    "name": null,
    "inside": false,
    "level": null,
    "osm": "way/1027523830"
   }
  },
  {
   "type": "Feature",
   "geometry": {
    "type": "LineString",
    "coordinates": [
     [
      -122.3395639,
      47.6076387
     ],
     [
      -122.3395132,
      47.6075848
     ],
     [
      -122.3394964,
      47.6075662
     ]
    ]
   },
   "properties": {
    "kind": "road",
    "name": null,
    "inside": false,
    "level": null,
    "osm": "way/1027523831"
   }
  },
  {
   "type": "Feature",
   "geometry": {
    "type": "LineString",
    "coordinates": [
     [
      -122.3390873,
      47.6078333
     ],
     [
      -122.3392374,
      47.6077724
     ],
     [
      -122.3392573,
      47.6077644
     ]
    ]
   },
   "properties": {
    "kind": "road",
    "name": "Union Street",
    "inside": false,
    "level": null,
    "osm": "way/1027523832"
   }
  },
  {
   "type": "Feature",
   "geometry": {
    "type": "LineString",
    "coordinates": [
     [
      -122.3436686,
      47.6103443
     ],
     [
      -122.3436109,
      47.6103651
     ]
    ]
   },
   "properties": {
    "kind": "road",
    "name": "Virginia Street",
    "inside": true,
    "level": null,
    "osm": "way/1027523847"
   }
  },
  {
   "type": "Feature",
   "geometry": {
    "type": "LineString",
    "coordinates": [
     [
      -122.3418879,
      47.6114768
     ],
     [
      -122.3419958,
      47.6113938
     ]
    ]
   },
   "properties": {
    "kind": "road",
    "name": null,
    "inside": false,
    "level": null,
    "osm": "way/1034713812"
   }
  },
  {
   "type": "Feature",
   "geometry": {
    "type": "LineString",
    "coordinates": [
     [
      -122.3420127,
      47.6115459
     ],
     [
      -122.3419285,
      47.6114998
     ],
     [
      -122.3418879,
      47.6114768
     ],
     [
      -122.341799,
      47.6115398
     ]
    ]
   },
   "properties": {
    "kind": "road",
    "name": null,
    "inside": false,
    "level": null,
    "osm": "way/1034713813"
   }
  },
  {
   "type": "Feature",
   "geometry": {
    "type": "LineString",
    "coordinates": [
     [
      -122.3397416,
      47.6103212
     ],
     [
      -122.3398417,
      47.6102801
     ]
    ]
   },
   "properties": {
    "kind": "road",
    "name": "Pine Street",
    "inside": false,
    "level": null,
    "osm": "way/1049841835"
   }
  },
  {
   "type": "Feature",
   "geometry": {
    "type": "LineString",
    "coordinates": [
     [
      -122.3417659,
      47.6135036
     ],
     [
      -122.341687,
      47.6134579
     ],
     [
      -122.34103,
      47.6130728
     ],
     [
      -122.3408554,
      47.6129707
     ],
     [
      -122.3406668,
      47.6128603
     ],
     [
      -122.3405473,
      47.6127907
     ],
     [
      -122.3404642,
      47.6127419
     ]
    ]
   },
   "properties": {
    "kind": "road",
    "name": null,
    "inside": false,
    "level": null,
    "osm": "way/1051018539"
   }
  },
  {
   "type": "Feature",
   "geometry": {
    "type": "LineString",
    "coordinates": [
     [
      -122.3394619,
      47.6090677
     ],
     [
      -122.3395043,
      47.6091144
     ],
     [
      -122.3398485,
      47.6094929
     ],
     [
      -122.3399699,
      47.6096265
     ],
     [
      -122.3403062,
      47.6099967
     ],
     [
      -122.3403661,
      47.6100624
     ]
    ]
   },
   "properties": {
    "kind": "road",
    "name": "News Lane",
    "inside": false,
    "level": null,
    "osm": "way/1070101854"
   }
  },
  {
   "type": "Feature",
   "geometry": {
    "type": "LineString",
    "coordinates": [
     [
      -122.339196,
      47.608775
     ],
     [
      -122.3394053,
      47.6090054
     ],
     [
      -122.3394619,
      47.6090677
     ]
    ]
   },
   "properties": {
    "kind": "road",
    "name": "News Lane",
    "inside": false,
    "level": null,
    "osm": "way/1070101856"
   }
  },
  {
   "type": "Feature",
   "geometry": {
    "type": "LineString",
    "coordinates": [
     [
      -122.3401019,
      47.6060352
     ],
     [
      -122.3399607,
      47.606095
     ],
     [
      -122.339907,
      47.606117
     ]
    ]
   },
   "properties": {
    "kind": "road",
    "name": "University Street",
    "inside": false,
    "level": null,
    "osm": "way/1097887008"
   }
  },
  {
   "type": "Feature",
   "geometry": {
    "type": "LineString",
    "coordinates": [
     [
      -122.3380195,
      47.6110378
     ],
     [
      -122.3383461,
      47.6109015
     ]
    ]
   },
   "properties": {
    "kind": "road",
    "name": "Pine Street",
    "inside": false,
    "level": null,
    "osm": "way/1122308766"
   }
  },
  {
   "type": "Feature",
   "geometry": {
    "type": "LineString",
    "coordinates": [
     [
      -122.3393352,
      47.6097292
     ],
     [
      -122.3391947,
      47.6095757
     ],
     [
      -122.3390192,
      47.6093846
     ],
     [
      -122.3389319,
      47.6092891
     ]
    ]
   },
   "properties": {
    "kind": "road",
    "name": "2nd Avenue",
    "inside": false,
    "level": null,
    "osm": "way/1123332300"
   }
  },
  {
   "type": "Feature",
   "geometry": {
    "type": "LineString",
    "coordinates": [
     [
      -122.3435112,
      47.6092991
     ],
     [
      -122.3432281,
      47.6090482
     ],
     [
      -122.3430688,
      47.6088977
     ],
     [
      -122.3430505,
      47.6088809
     ],
     [
      -122.3429382,
      47.6087747
     ]
    ]
   },
   "properties": {
    "kind": "road",
    "name": "Elliott Way",
    "inside": false,
    "level": null,
    "osm": "way/1137372695"
   }
  },
  {
   "type": "Feature",
   "geometry": {
    "type": "LineString",
    "coordinates": [
     [
      -122.3413024,
      47.6076537
     ],
     [
      -122.3413934,
      47.6076086
     ],
     [
      -122.3414917,
      47.6075591
     ]
    ]
   },
   "properties": {
    "kind": "road",
    "name": null,
    "inside": false,
    "level": null,
    "osm": "way/1151646658"
   }
  },
  {
   "type": "Feature",
   "geometry": {
    "type": "LineString",
    "coordinates": [
     [
      -122.3386452,
      47.6056626
     ],
     [
      -122.338522,
      47.6057129
     ],
     [
      -122.3381072,
      47.6058843
     ]
    ]
   },
   "properties": {
    "kind": "road",
    "name": "Seneca Street",
    "inside": false,
    "level": null,
    "osm": "way/1162000465"
   }
  },
  {
   "type": "Feature",
   "geometry": {
    "type": "LineString",
    "coordinates": [
     [
      -122.3386452,
      47.6056626
     ],
     [
      -122.338723,
      47.6057461
     ],
     [
      -122.339248,
      47.6063026
     ],
     [
      -122.339311,
      47.6063685
     ]
    ]
   },
   "properties": {
    "kind": "road",
    "name": "Western Avenue",
    "inside": false,
    "level": null,
    "osm": "way/1162000466"
   }
  },
  {
   "type": "Feature",
   "geometry": {
    "type": "LineString",
    "coordinates": [
     [
      -122.3461769,
      47.6112874
     ],
     [
      -122.3461158,
      47.6112369
     ],
     [
      -122.3457631,
      47.6109387
     ],
     [
      -122.345649,
      47.610852
     ],
     [
      -122.3455223,
      47.6107712
     ],
     [
      -122.3454379,
      47.6107191
     ],
     [
      -122.3453528,
      47.6106665
     ],
     [
      -122.3449261,
      47.6104113
     ],
     [
      -122.3444917,
      47.6101563
     ],
     [
      -122.3443166,
      47.6100411
     ],
     [
      -122.3442449,
      47.609988
     ],
     [
      -122.3441231,
      47.6098868
     ]
    ]
   },
   "properties": {
    "kind": "road",
    "name": "Elliott Way",
    "inside": false,
    "level": null,
    "osm": "way/1166041038"
   }
  },
  {
   "type": "Feature",
   "geometry": {
    "type": "LineString",
    "coordinates": [
     [
      -122.341051,
      47.6070695
     ],
     [
      -122.3411409,
      47.607163
     ],
     [
      -122.3412596,
      47.6072899
     ],
     [
      -122.3413502,
      47.6073766
     ],
     [
      -122.3414182,
      47.6074347
     ]
    ]
   },
   "properties": {
    "kind": "road",
    "name": "Alaskan Way",
    "inside": false,
    "level": null,
    "osm": "way/1166041039"
   }
  },
  {
   "type": "Feature",
   "geometry": {
    "type": "LineString",
    "coordinates": [
     [
      -122.3437773,
      47.6085898
     ],
     [
      -122.3437112,
      47.6085835
     ],
     [
      -122.3436489,
      47.6085831
     ],
     [
      -122.3435816,
      47.6085879
     ],
     [
      -122.3435168,
      47.6085985
     ],
     [
      -122.3433802,
      47.6086286
     ],
     [
      -122.3431897,
      47.6086901
     ],
     [
      -122.3431118,
      47.6087173
     ],
     [
      -122.3430802,
      47.6087276
     ],
     [
      -122.3429382,
      47.6087747
     ]
    ]
   },
   "properties": {
    "kind": "road",
    "name": "Alaskan Way",
    "inside": false,
    "level": null,
    "osm": "way/1167470483"
   }
  },
  {
   "type": "Feature",
   "geometry": {
    "type": "LineString",
    "coordinates": [
     [
      -122.3414182,
      47.6074347
     ],
     [
      -122.3414917,
      47.6075591
     ]
    ]
   },
   "properties": {
    "kind": "road",
    "name": "Alaskan Way",
    "inside": false,
    "level": null,
    "osm": "way/1167554010"
   }
  },
  {
   "type": "Feature",
   "geometry": {
    "type": "LineString",
    "coordinates": [
     [
      -122.3429382,
      47.6087747
     ],
     [
      -122.3428649,
      47.6087079
     ]
    ]
   },
   "properties": {
    "kind": "road",
    "name": "Alaskan Way",
    "inside": false,
    "level": null,
    "osm": "way/1167557345"
   }
  },
  {
   "type": "Feature",
   "geometry": {
    "type": "LineString",
    "coordinates": [
     [
      -122.3387115,
      47.6056284
     ],
     [
      -122.3386452,
      47.6056626
     ]
    ]
   },
   "properties": {
    "kind": "road",
    "name": "Seneca Street",
    "inside": false,
    "level": null,
    "osm": "way/1168118834"
   }
  },
  {
   "type": "Feature",
   "geometry": {
    "type": "LineString",
    "coordinates": [
     [
      -122.3396512,
      47.6057606
     ],
     [
      -122.3396791,
      47.6057493
     ],
     [
      -122.3398027,
      47.6056993
     ]
    ]
   },
   "properties": {
    "kind": "road",
    "name": null,
    "inside": false,
    "level": null,
    "osm": "way/1168118835"
   }
  },
  {
   "type": "Feature",
   "geometry": {
    "type": "LineString",
    "coordinates": [
     [
      -122.3397743,
      47.6058962
     ],
     [
      -122.3398031,
      47.6058841
     ],
     [
      -122.3399205,
      47.6058347
     ]
    ]
   },
   "properties": {
    "kind": "road",
    "name": null,
    "inside": false,
    "level": null,
    "osm": "way/1168118836"
   }
  },
  {
   "type": "Feature",
   "geometry": {
    "type": "LineString",
    "coordinates": [
     [
      -122.3404859,
      47.6067434
     ],
     [
      -122.3405272,
      47.6067259
     ],
     [
      -122.3406827,
      47.6066601
     ]
    ]
   },
   "properties": {
    "kind": "road",
    "name": null,
    "inside": false,
    "level": null,
    "osm": "way/1168118837"
   }
  },
  {
   "type": "Feature",
   "geometry": {
    "type": "LineString",
    "coordinates": [
     [
      -122.3406191,
      47.6068927
     ],
     [
      -122.3406637,
      47.6068742
     ],
     [
      -122.34082,
      47.6068094
     ]
    ]
   },
   "properties": {
    "kind": "road",
    "name": null,
    "inside": false,
    "level": null,
    "osm": "way/1168118838"
   }
  },
  {
   "type": "Feature",
   "geometry": {
    "type": "LineString",
    "coordinates": [
     [
      -122.3440564,
      47.6086855
     ],
     [
      -122.3440832,
      47.6086987
     ],
     [
      -122.3442173,
      47.6087715
     ],
     [
      -122.3447169,
      47.6090713
     ],
     [
      -122.3448606,
      47.6091535
     ],
     [
      -122.3452184,
      47.6093627
     ]
    ]
   },
   "properties": {
    "kind": "road",
    "name": "Alaskan Way",
    "inside": false,
    "level": null,
    "osm": "way/1172016350"
   }
  },
  {
   "type": "Feature",
   "geometry": {
    "type": "LineString",
    "coordinates": [
     [
      -122.342156,
      47.6119498
     ],
     [
      -122.341977,
      47.6118439
     ],
     [
      -122.3418905,
      47.611794
     ],
     [
      -122.341779,
      47.6117296
     ]
    ]
   },
   "properties": {
    "kind": "road",
    "name": "2nd Avenue",
    "inside": false,
    "level": null,
    "osm": "way/1196722056"
   }
  },
  {
   "type": "Feature",
   "geometry": {
    "type": "LineString",
    "coordinates": [
     [
      -122.3435258,
      47.6121438
     ],
     [
      -122.3438242,
      47.6119186
     ],
     [
      -122.3439224,
      47.6118448
     ]
    ]
   },
   "properties": {
    "kind": "road",
    "name": "Lenora Street",
    "inside": false,
    "level": null,
    "osm": "way/1196722543"
   }
  },
  {
   "type": "Feature",
   "geometry": {
    "type": "LineString",
    "coordinates": [
     [
      -122.3415178,
      47.6110122
     ],
     [
      -122.3414862,
      47.6109939
     ],
     [
      -122.3409705,
      47.6106915
     ],
     [
      -122.3408857,
      47.6106413
     ]
    ]
   },
   "properties": {
    "kind": "road",
    "name": null,
    "inside": false,
    "level": null,
    "osm": "way/1206983609"
   }
  },
  {
   "type": "Feature",
   "geometry": {
    "type": "LineString",
    "coordinates": [
     [
      -122.3426589,
      47.6085049
     ],
     [
      -122.3425562,
      47.6083988
     ]
    ]
   },
   "properties": {
    "kind": "road",
    "name": "Alaskan Way",
    "inside": false,
    "level": null,
    "osm": "way/1256939016"
   }
  },
  {
   "type": "Feature",
   "geometry": {
    "type": "LineString",
    "coordinates": [
     [
      -122.3428649,
      47.6087079
     ],
     [
      -122.3428478,
      47.6086912
     ],
     [
      -122.3428283,
      47.608677
     ],
     [
      -122.3426589,
      47.6085049
     ]
    ]
   },
   "properties": {
    "kind": "road",
    "name": "Alaskan Way",
    "inside": false,
    "level": null,
    "osm": "way/1256939017"
   }
  },
  {
   "type": "Feature",
   "geometry": {
    "type": "LineString",
    "coordinates": [
     [
      -122.3452184,
      47.6093627
     ],
     [
      -122.3462601,
      47.6099842
     ]
    ]
   },
   "properties": {
    "kind": "road",
    "name": "Alaskan Way",
    "inside": false,
    "level": null,
    "osm": "way/1256939018"
   }
  },
  {
   "type": "Feature",
   "geometry": {
    "type": "LineString",
    "coordinates": [
     [
      -122.342436,
      47.6084457
     ],
     [
      -122.3423884,
      47.6084643
     ],
     [
      -122.3422866,
      47.608504
     ]
    ]
   },
   "properties": {
    "kind": "road",
    "name": null,
    "inside": false,
    "level": null,
    "osm": "way/1257186849"
   }
  },
  {
   "type": "Feature",
   "geometry": {
    "type": "LineString",
    "coordinates": [
     [
      -122.3425562,
      47.6083988
     ],
     [
      -122.342436,
      47.6084457
     ]
    ]
   },
   "properties": {
    "kind": "road",
    "name": null,
    "inside": false,
    "level": null,
    "osm": "way/1257186851"
   }
  },
  {
   "type": "Feature",
   "geometry": {
    "type": "LineString",
    "coordinates": [
     [
      -122.3415812,
      47.605366
     ],
     [
      -122.3418898,
      47.605366
     ],
     [
      -122.3419257,
      47.6053896
     ],
     [
      -122.3419859,
      47.60552
     ],
     [
      -122.3419938,
      47.6055372
     ],
     [
      -122.3419844,
      47.6055744
     ],
     [
      -122.3419558,
      47.6055907
     ],
     [
      -122.3419415,
      47.6055988
     ],
     [
      -122.3418228,
      47.6056169
     ]
    ]
   },
   "properties": {
    "kind": "road",
    "name": null,
    "inside": false,
    "level": null,
    "osm": "way/1259306584"
   }
  },
  {
   "type": "Feature",
   "geometry": {
    "type": "LineString",
    "coordinates": [
     [
      -122.3385495,
      47.6080636
     ],
     [
      -122.3385041,
      47.6080009
     ],
     [
      -122.3384979,
      47.6079932
     ]
    ]
   },
   "properties": {
    "kind": "road",
    "name": null,
    "inside": false,
    "level": null,
    "osm": "way/1274773104"
   }
  },
  {
   "type": "Feature",
   "geometry": {
    "type": "LineString",
    "coordinates": [
     [
      -122.3408914,
      47.6098432
     ],
     [
      -122.3410798,
      47.6097649
     ],
     [
      -122.341109,
      47.6097528
     ]
    ]
   },
   "properties": {
    "kind": "road",
    "name": "Pine Street",
    "inside": true,
    "level": null,
    "osm": "way/1275882965"
   }
  },
  {
   "type": "Feature",
   "geometry": {
    "type": "LineString",
    "coordinates": [
     [
      -122.343365,
      47.6089201
     ],
     [
      -122.343344,
      47.6088994
     ],
     [
      -122.3433065,
      47.6088622
     ]
    ]
   },
   "properties": {
    "kind": "road",
    "name": null,
    "inside": false,
    "level": null,
    "osm": "way/1291096872"
   }
  },
  {
   "type": "Feature",
   "geometry": {
    "type": "LineString",
    "coordinates": [
     [
      -122.3433065,
      47.6088622
     ],
     [
      -122.3436678,
      47.6087113
     ],
     [
      -122.3437225,
      47.608702
     ],
     [
      -122.3437849,
      47.6087083
     ]
    ]
   },
   "properties": {
    "kind": "road",
    "name": "Pine Street",
    "inside": false,
    "level": null,
    "osm": "way/1291096873"
   }
  },
  {
   "type": "Feature",
   "geometry": {
    "type": "LineString",
    "coordinates": [
     [
      -122.3414917,
      47.6075591
     ],
     [
      -122.3416464,
      47.6076848
     ],
     [
      -122.3419348,
      47.6079045
     ],
     [
      -122.342034,
      47.6079817
     ],
     [
      -122.342142,
      47.6080673
     ],
     [
      -122.3422144,
      47.6081355
     ],
     [
      -122.3423217,
      47.6082404
     ],
     [
      -122.3424237,
      47.6083263
     ],
     [
      -122.3425328,
      47.6083741
     ]
    ]
   },
   "properties": {
    "kind": "road",
    "name": "Alaskan Way",
    "inside": false,
    "level": null,
    "osm": "way/1321962100"
   }
  },
  {
   "type": "Feature",
   "geometry": {
    "type": "LineString",
    "coordinates": [
     [
      -122.3425562,
      47.6083988
     ],
     [
      -122.3425328,
      47.6083741
     ]
    ]
   },
   "properties": {
    "kind": "road",
    "name": "Alaskan Way",
    "inside": false,
    "level": null,
    "osm": "way/1321962101"
   }
  },
  {
   "type": "Feature",
   "geometry": {
    "type": "LineString",
    "coordinates": [
     [
      -122.3405392,
      47.6086732
     ],
     [
      -122.3406639,
      47.6087485
     ],
     [
      -122.3408851,
      47.6088805
     ],
     [
      -122.341083,
      47.6089987
     ],
     [
      -122.3411293,
      47.6090263
     ],
     [
      -122.3412437,
      47.6090948
     ],
     [
      -122.341544,
      47.6092748
     ],
     [
      -122.341748,
      47.609397
     ],
     [
      -122.3418368,
      47.6094497
     ]
    ]
   },
   "properties": {
    "kind": "road",
    "name": "Pike Place",
    "inside": true,
    "level": null,
    "osm": "way/1382688147"
   }
  },
  {
   "type": "Feature",
   "geometry": {
    "type": "LineString",
    "coordinates": [
     [
      -122.345617,
      47.6114125
     ],
     [
      -122.3455746,
      47.6114024
     ],
     [
      -122.3454328,
      47.6113665
     ]
    ]
   },
   "properties": {
    "kind": "road",
    "name": "Elliott Avenue",
    "inside": false,
    "level": null,
    "osm": "way/1382868280"
   }
  },
  {
   "type": "Feature",
   "geometry": {
    "type": "LineString",
    "coordinates": [
     [
      -122.3437773,
      47.6085898
     ],
     [
      -122.3438613,
      47.6086083
     ],
     [
      -122.343946,
      47.6086335
     ],
     [
      -122.3440109,
      47.6086629
     ],
     [
      -122.3440564,
      47.6086855
     ]
    ]
   },
   "properties": {
    "kind": "road",
    "name": "Alaskan Way",
    "inside": false,
    "level": null,
    "osm": "way/1504730641"
   }
  },
  {
   "type": "Feature",
   "geometry": {
    "type": "LineString",
    "coordinates": [
     [
      -122.3402395,
      47.6056202
     ],
     [
      -122.3401516,
      47.6056281
     ],
     [
      -122.3400824,
      47.6056537
     ],
     [
      -122.340035,
      47.6056711
     ],
     [
      -122.3400165,
      47.6056779
     ],
     [
      -122.3399713,
      47.6056951
     ]
    ]
   },
   "properties": {
    "kind": "road",
    "name": null,
    "inside": false,
    "level": null,
    "osm": "way/1505402229"
   }
  },
  {
   "type": "Feature",
   "geometry": {
    "type": "LineString",
    "coordinates": [
     [
      -122.3419871,
      47.6077004
     ],
     [
      -122.3420277,
      47.6076795
     ],
     [
      -122.3420468,
      47.6076692
     ],
     [
      -122.3422314,
      47.6075744
     ]
    ]
   },
   "properties": {
    "kind": "road",
    "name": null,
    "inside": false,
    "level": null,
    "osm": "way/1505402239"
   }
  },
  {
   "type": "Feature",
   "geometry": {
    "type": "LineString",
    "coordinates": [
     [
      -122.3419058,
      47.6077423
     ],
     [
      -122.3419871,
      47.6077004
     ]
    ]
   },
   "properties": {
    "kind": "road",
    "name": null,
    "inside": false,
    "level": null,
    "osm": "way/1505402240"
   }
  },
  {
   "type": "Feature",
   "geometry": {
    "type": "LineString",
    "coordinates": [
     [
      -122.340544,
      47.606322
     ],
     [
      -122.3405867,
      47.6063052
     ],
     [
      -122.3406044,
      47.6062984
     ],
     [
      -122.3406469,
      47.6062815
     ],
     [
      -122.3407224,
      47.6062542
     ],
     [
      -122.3408065,
      47.6062554
     ],
     [
      -122.340896,
      47.6062575
     ]
    ]
   },
   "properties": {
    "kind": "road",
    "name": null,
    "inside": false,
    "level": null,
    "osm": "way/1505402241"
   }
  },
  {
   "type": "Feature",
   "geometry": {
    "type": "LineString",
    "coordinates": [
     [
      -122.3404171,
      47.606372
     ],
     [
      -122.340544,
      47.606322
     ]
    ]
   },
   "properties": {
    "kind": "road",
    "name": null,
    "inside": false,
    "level": null,
    "osm": "way/1505402242"
   }
  },
  {
   "type": "Feature",
   "geometry": {
    "type": "LineString",
    "coordinates": [
     [
      -122.3399713,
      47.6056951
     ],
     [
      -122.3398426,
      47.6057442
     ]
    ]
   },
   "properties": {
    "kind": "road",
    "name": null,
    "inside": false,
    "level": null,
    "osm": "way/1505402265"
   }
  },
  {
   "type": "Feature",
   "geometry": {
    "type": "LineString",
    "coordinates": [
     [
      -122.3398027,
      47.6056993
     ],
     [
      -122.3398426,
      47.6057442
     ]
    ]
   },
   "properties": {
    "kind": "road",
    "name": "Alaskan Way",
    "inside": false,
    "level": null,
    "osm": "way/1528271575"
   }
  },
  {
   "type": "Feature",
   "geometry": {
    "type": "LineString",
    "coordinates": [
     [
      -122.3396512,
      47.6057606
     ],
     [
      -122.3397743,
      47.6058962
     ]
    ]
   },
   "properties": {
    "kind": "road",
    "name": null,
    "inside": false,
    "level": null,
    "osm": "way/1528271576"
   }
  },
  {
   "type": "Feature",
   "geometry": {
    "type": "LineString",
    "coordinates": [
     [
      -122.3397743,
      47.6058962
     ],
     [
      -122.3398539,
      47.6059839
     ]
    ]
   },
   "properties": {
    "kind": "road",
    "name": null,
    "inside": false,
    "level": null,
    "osm": "way/1528271577"
   }
  },
  {
   "type": "Feature",
   "geometry": {
    "type": "LineString",
    "coordinates": [
     [
      -122.3399205,
      47.6058347
     ],
     [
      -122.340026,
      47.6059529
     ],
     [
      -122.3401019,
      47.6060352
     ]
    ]
   },
   "properties": {
    "kind": "road",
    "name": "Alaskan Way",
    "inside": false,
    "level": null,
    "osm": "way/1528271578"
   }
  },
  {
   "type": "Feature",
   "geometry": {
    "type": "LineString",
    "coordinates": [
     [
      -122.3398426,
      47.6057442
     ],
     [
      -122.3398606,
      47.6057645
     ],
     [
      -122.3399205,
      47.6058347
     ]
    ]
   },
   "properties": {
    "kind": "road",
    "name": "Alaskan Way",
    "inside": false,
    "level": null,
    "osm": "way/1528271579"
   }
  },
  {
   "type": "Feature",
   "geometry": {
    "type": "LineString",
    "coordinates": [
     [
      -122.3383105,
      47.6061085
     ],
     [
      -122.3385275,
      47.6063472
     ]
    ]
   },
   "properties": {
    "kind": "foot",
    "name": "Post Alley",
    "inside": false,
    "level": null,
    "osm": "way/6480536"
   }
  },
  {
   "type": "Feature",
   "geometry": {
    "type": "LineString",
    "coordinates": [
     [
      -122.341059,
      47.6090776
     ],
     [
      -122.3410485,
      47.6090858
     ],
     [
      -122.3410649,
      47.6091294
     ],
     [
      -122.3410947,
      47.6091607
     ],
     [
      -122.3413761,
      47.6094562
     ],
     [
      -122.3414398,
      47.6095232
     ],
     [
      -122.3414507,
      47.6095347
     ]
    ]
   },
   "properties": {
    "kind": "foot",
    "name": "Post Alley",
    "inside": true,
    "level": null,
    "osm": "way/6480537"
   }
  },
  {
   "type": "Feature",
   "geometry": {
    "type": "LineString",
    "coordinates": [
     [
      -122.3459496,
      47.610308
     ],
     [
      -122.3459248,
      47.6102973
     ],
     [
      -122.3457719,
      47.6104095
     ],
     [
      -122.3455267,
      47.6106051
     ]
    ]
   },
   "properties": {
    "kind": "foot",
    "name": "Lenora Street",
    "inside": false,
    "level": null,
    "osm": "way/14024701"
   }
  },
  {
   "type": "Feature",
   "geometry": {
    "type": "LineString",
    "coordinates": [
     [
      -122.3407162,
      47.6071323
     ],
     [
      -122.3403211,
      47.6072959
     ],
     [
      -122.3403028,
      47.6073035
     ]
    ]
   },
   "properties": {
    "kind": "foot",
    "name": "Union Street Pedestrian Bridge",
    "inside": false,
    "level": null,
    "osm": "way/62412693"
   }
  },
  {
   "type": "Feature",
   "geometry": {
    "type": "LineString",
    "coordinates": [
     [
      -122.3405392,
      47.6086732
     ],
     [
      -122.3406039,
      47.6086484
     ]
    ]
   },
   "properties": {
    "kind": "foot",
    "name": null,
    "inside": true,
    "level": null,
    "osm": "way/68665994"
   }
  },
  {
   "type": "Feature",
   "geometry": {
    "type": "LineString",
    "coordinates": [
     [
      -122.3419685,
      47.6091342
     ],
     [
      -122.3420978,
      47.6090948
     ],
     [
      -122.3420516,
      47.6090449
     ],
     [
      -122.3421326,
      47.6090139
     ],
     [
      -122.3421519,
      47.6090328
     ]
    ]
   },
   "properties": {
    "kind": "foot",
    "name": null,
    "inside": true,
    "level": null,
    "osm": "way/68666000"
   }
  },
  {
   "type": "Feature",
   "geometry": {
    "type": "LineString",
    "coordinates": [
     [
      -122.3421276,
      47.6090722
     ],
     [
      -122.3417198,
      47.6091363
     ]
    ]
   },
   "properties": {
    "kind": "foot",
    "name": null,
    "inside": true,
    "level": null,
    "osm": "way/68666001"
   }
  },
  {
   "type": "Feature",
   "geometry": {
    "type": "LineString",
    "coordinates": [
     [
      -122.3392828,
      47.6078486
     ],
     [
      -122.3393033,
      47.6078326
     ],
     [
      -122.3396545,
      47.6076869
     ],
     [
      -122.3396615,
      47.6076574
     ],
     [
      -122.3395719,
      47.6075603
     ]
    ]
   },
   "properties": {
    "kind": "foot",
    "name": null,
    "inside": false,
    "level": null,
    "osm": "way/102086061"
   }
  },
  {
   "type": "Feature",
   "geometry": {
    "type": "LineString",
    "coordinates": [
     [
      -122.3386312,
      47.6064609
     ],
     [
      -122.3386877,
      47.6065242
     ],
     [
      -122.3386953,
      47.6065328
     ],
     [
      -122.338707,
      47.6065458
     ],
     [
      -122.3387604,
      47.6066044
     ],
     [
      -122.3388114,
      47.6066603
     ],
     [
      -122.3388185,
      47.6066682
     ],
     [
      -122.3388715,
      47.6067267
     ]
    ]
   },
   "properties": {
    "kind": "foot",
    "name": "Post Alley",
    "inside": false,
    "level": null,
    "osm": "way/232089191"
   }
  },
  {
   "type": "Feature",
   "geometry": {
    "type": "LineString",
    "coordinates": [
     [
      -122.3389462,
      47.6122344
     ],
     [
      -122.3388746,
      47.6122098
     ],
     [
      -122.3387952,
      47.6121826
     ]
    ]
   },
   "properties": {
    "kind": "foot",
    "name": null,
    "inside": false,
    "level": null,
    "osm": "way/240455512"
   }
  },
  {
   "type": "Feature",
   "geometry": {
    "type": "LineString",
    "coordinates": [
     [
      -122.3417362,
      47.6081804
     ],
     [
      -122.3417145,
      47.6081792
     ],
     [
      -122.341721,
      47.6081647
     ],
     [
      -122.3417387,
      47.6081568
     ],
     [
      -122.3417683,
      47.6081436
     ],
     [
      -122.3417758,
      47.6081165
     ],
     [
      -122.3417629,
      47.6081026
     ]
    ]
   },
   "properties": {
    "kind": "foot",
    "name": null,
    "inside": false,
    "level": null,
    "osm": "way/264974075"
   }
  },
  {
   "type": "Feature",
   "geometry": {
    "type": "LineString",
    "coordinates": [
     [
      -122.3379083,
      47.6058827
     ],
     [
      -122.3380293,
      47.6058324
     ],
     [
      -122.3380417,
      47.6058272
     ]
    ]
   },
   "properties": {
    "kind": "foot",
    "name": null,
    "inside": false,
    "level": null,
    "osm": "way/295173711"
   }
  },
  {
   "type": "Feature",
   "geometry": {
    "type": "LineString",
    "coordinates": [
     [
      -122.3388715,
      47.6067267
     ],
     [
      -122.3389072,
      47.606767
     ]
    ]
   },
   "properties": {
    "kind": "foot",
    "name": "Post Alley",
    "inside": false,
    "level": null,
    "osm": "way/332471585"
   }
  },
  {
   "type": "Feature",
   "geometry": {
    "type": "LineString",
    "coordinates": [
     [
      -122.3413746,
      47.6083698
     ],
     [
      -122.3413709,
      47.6083468
     ],
     [
      -122.3413776,
      47.6083193
     ],
     [
      -122.3413698,
      47.6083132
     ],
     [
      -122.3413601,
      47.6083143
     ],
     [
      -122.3413542,
      47.6083204
     ]
    ]
   },
   "properties": {
    "kind": "foot",
    "name": "Pike Street Hillclimb",
    "inside": false,
    "level": null,
    "osm": "way/350234710"
   }
  },
  {
   "type": "Feature",
   "geometry": {
    "type": "LineString",
    "coordinates": [
     [
      -122.3404893,
      47.6086048
     ],
     [
      -122.3404713,
      47.6085848
     ]
    ]
   },
   "properties": {
    "kind": "foot",
    "name": null,
    "inside": true,
    "level": null,
    "osm": "way/350234711"
   }
  },
  {
   "type": "Feature",
   "geometry": {
    "type": "LineString",
    "coordinates": [
     [
      -122.3407379,
      47.608685
     ],
     [
      -122.3406482,
      47.6086315
     ],
     [
      -122.3405783,
      47.6085899
     ]
    ]
   },
   "properties": {
    "kind": "foot",
    "name": null,
    "inside": true,
    "level": null,
    "osm": "way/350234712"
   }
  },
  {
   "type": "Feature",
   "geometry": {
    "type": "LineString",
    "coordinates": [
     [
      -122.3413918,
      47.6089724
     ],
     [
      -122.3416738,
      47.6091456
     ],
     [
      -122.3416786,
      47.6091486
     ],
     [
      -122.3417133,
      47.6091854
     ],
     [
      -122.3418365,
      47.6093161
     ],
     [
      -122.3418695,
      47.6093354
     ],
     [
      -122.3419743,
      47.6093969
     ],
     [
      -122.3423685,
      47.6096281
     ],
     [
      -122.3424484,
      47.609675
     ],
     [
      -122.34288,
      47.6099282
     ],
     [
      -122.342885,
      47.6099428
     ]
    ]
   },
   "properties": {
    "kind": "foot",
    "name": "The North Arcade",
    "inside": true,
    "level": null,
    "osm": "way/350234714"
   }
  },
  {
   "type": "Feature",
   "geometry": {
    "type": "LineString",
    "coordinates": [
     [
      -122.3416118,
      47.6092276
     ],
     [
      -122.3416786,
      47.6091486
     ],
     [
      -122.3417065,
      47.6091403
     ]
    ]
   },
   "properties": {
    "kind": "foot",
    "name": null,
    "inside": true,
    "level": null,
    "osm": "way/363229973"
   }
  },
  {
   "type": "Feature",
   "geometry": {
    "type": "LineString",
    "coordinates": [
     [
      -122.341816,
      47.6100133
     ],
     [
      -122.3418293,
      47.6100208
     ],
     [
      -122.3423164,
      47.6103047
     ],
     [
      -122.3429484,
      47.6106731
     ]
    ]
   },
   "properties": {
    "kind": "foot",
    "name": "Post Alley",
    "inside": true,
    "level": null,
    "osm": "way/384119189"
   }
  },
  {
   "type": "Feature",
   "geometry": {
    "type": "LineString",
    "coordinates": [
     [
      -122.3421986,
      47.6079147
     ],
     [
      -122.3421566,
      47.6079316
     ],
     [
      -122.342034,
      47.6079817
     ],
     [
      -122.3419959,
      47.6079993
     ]
    ]
   },
   "properties": {
    "kind": "foot",
    "name": null,
    "inside": false,
    "level": null,
    "osm": "way/384785473"
   }
  },
  {
   "type": "Feature",
   "geometry": {
    "type": "LineString",
    "coordinates": [
     [
      -122.341316,
      47.6058584
     ],
     [
      -122.3410911,
      47.6058571
     ]
    ]
   },
   "properties": {
    "kind": "foot",
    "name": null,
    "inside": false,
    "level": "1",
    "osm": "way/396606884"
   }
  },
  {
   "type": "Feature",
   "geometry": {
    "type": "LineString",
    "coordinates": [
     [
      -122.3407,
      47.6056691
     ],
     [
      -122.340498,
      47.6056674
     ]
    ]
   },
   "properties": {
    "kind": "foot",
    "name": null,
    "inside": false,
    "level": null,
    "osm": "way/396815287"
   }
  },
  {
   "type": "Feature",
   "geometry": {
    "type": "LineString",
    "coordinates": [
     [
      -122.3404745,
      47.6056182
     ],
     [
      -122.3404745,
      47.6056668
     ],
     [
      -122.340498,
      47.6056674
     ]
    ]
   },
   "properties": {
    "kind": "foot",
    "name": null,
    "inside": false,
    "level": null,
    "osm": "way/396815289"
   }
  },
  {
   "type": "Feature",
   "geometry": {
    "type": "LineString",
    "coordinates": [
     [
      -122.3413318,
      47.6097408
     ],
     [
      -122.3414958,
      47.6099197
     ]
    ]
   },
   "properties": {
    "kind": "foot",
    "name": null,
    "inside": true,
    "level": null,
    "osm": "way/409363107"
   }
  },
  {
   "type": "Feature",
   "geometry": {
    "type": "LineString",
    "coordinates": [
     [
      -122.3414958,
      47.6099197
     ],
     [
      -122.3415734,
      47.6100047
     ]
    ]
   },
   "properties": {
    "kind": "foot",
    "name": null,
    "inside": true,
    "level": null,
    "osm": "way/409363108"
   }
  },
  {
   "type": "Feature",
   "geometry": {
    "type": "LineString",
    "coordinates": [
     [
      -122.3415734,
      47.6100047
     ],
     [
      -122.3416033,
      47.6100206
     ]
    ]
   },
   "properties": {
    "kind": "foot",
    "name": null,
    "inside": true,
    "level": null,
    "osm": "way/409363109"
   }
  },
  {
   "type": "Feature",
   "geometry": {
    "type": "LineString",
    "coordinates": [
     [
      -122.3387434,
      47.6077317
     ],
     [
      -122.3388641,
      47.60779
     ]
    ]
   },
   "properties": {
    "kind": "foot",
    "name": null,
    "inside": false,
    "level": null,
    "osm": "way/491476371"
   }
  },
  {
   "type": "Feature",
   "geometry": {
    "type": "LineString",
    "coordinates": [
     [
      -122.3388641,
      47.60779
     ],
     [
      -122.3389262,
      47.6078256
     ]
    ]
   },
   "properties": {
    "kind": "foot",
    "name": null,
    "inside": false,
    "level": null,
    "osm": "way/491476372"
   }
  },
  {
   "type": "Feature",
   "geometry": {
    "type": "LineString",
    "coordinates": [
     [
      -122.3381906,
      47.6071407
     ],
     [
      -122.3382756,
      47.60757
     ],
     [
      -122.3387434,
      47.6077317
     ]
    ]
   },
   "properties": {
    "kind": "foot",
    "name": null,
    "inside": false,
    "level": null,
    "osm": "way/491476373"
   }
  },
  {
   "type": "Feature",
   "geometry": {
    "type": "LineString",
    "coordinates": [
     [
      -122.3390004,
      47.6065921
     ],
     [
      -122.3389916,
      47.6065827
     ]
    ]
   },
   "properties": {
    "kind": "foot",
    "name": null,
    "inside": false,
    "level": null,
    "osm": "way/491476375"
   }
  },
  {
   "type": "Feature",
   "geometry": {
    "type": "LineString",
    "coordinates": [
     [
      -122.3389193,
      47.6068301
     ],
     [
      -122.338953,
      47.6068165
     ],
     [
      -122.3389841,
      47.606804
     ]
    ]
   },
   "properties": {
    "kind": "foot",
    "name": null,
    "inside": false,
    "level": null,
    "osm": "way/491476376"
   }
  },
  {
   "type": "Feature",
   "geometry": {
    "type": "LineString",
    "coordinates": [
     [
      -122.3385388,
      47.6069866
     ],
     [
      -122.3387308,
      47.6069076
     ],
     [
      -122.3389193,
      47.6068301
     ]
    ]
   },
   "properties": {
    "kind": "foot",
    "name": null,
    "inside": false,
    "level": null,
    "osm": "way/491476377"
   }
  },
  {
   "type": "Feature",
   "geometry": {
    "type": "LineString",
    "coordinates": [
     [
      -122.3381906,
      47.6071407
     ],
     [
      -122.3382041,
      47.6070196
     ]
    ]
   },
   "properties": {
    "kind": "foot",
    "name": null,
    "inside": false,
    "level": null,
    "osm": "way/491476378"
   }
  },
  {
   "type": "Feature",
   "geometry": {
    "type": "LineString",
    "coordinates": [
     [
      -122.3389841,
      47.606804
     ],
     [
      -122.3391125,
      47.6067291
     ],
     [
      -122.3390004,
      47.6065921
     ]
    ]
   },
   "properties": {
    "kind": "foot",
    "name": null,
    "inside": false,
    "level": null,
    "osm": "way/491476379"
   }
  },
  {
   "type": "Feature",
   "geometry": {
    "type": "LineString",
    "coordinates": [
     [
      -122.3387511,
      47.6059476
     ],
     [
      -122.3387774,
      47.6059358
     ]
    ]
   },
   "properties": {
    "kind": "foot",
    "name": null,
    "inside": false,
    "level": null,
    "osm": "way/491476380"
   }
  },
  {
   "type": "Feature",
   "geometry": {
    "type": "LineString",
    "coordinates": [
     [
      -122.3384444,
      47.6060858
     ],
     [
      -122.3385967,
      47.6060172
     ],
     [
      -122.3387511,
      47.6059476
     ]
    ]
   },
   "properties": {
    "kind": "foot",
    "name": null,
    "inside": false,
    "level": null,
    "osm": "way/491476381"
   }
  },
  {
   "type": "Feature",
   "geometry": {
    "type": "LineString",
    "coordinates": [
     [
      -122.3383045,
      47.6061485
     ],
     [
      -122.3383591,
      47.6061239
     ]
    ]
   },
   "properties": {
    "kind": "foot",
    "name": null,
    "inside": false,
    "level": null,
    "osm": "way/491476382"
   }
  },
  {
   "type": "Feature",
   "geometry": {
    "type": "LineString",
    "coordinates": [
     [
      -122.3379605,
      47.6063037
     ],
     [
      -122.3380691,
      47.6062548
     ],
     [
      -122.3381927,
      47.6061991
     ]
    ]
   },
   "properties": {
    "kind": "foot",
    "name": null,
    "inside": false,
    "level": null,
    "osm": "way/491476383"
   }
  },
  {
   "type": "Feature",
   "geometry": {
    "type": "LineString",
    "coordinates": [
     [
      -122.3387562,
      47.6110367
     ],
     [
      -122.3383436,
      47.6111989
     ],
     [
      -122.3379418,
      47.6113569
     ]
    ]
   },
   "properties": {
    "kind": "foot",
    "name": null,
    "inside": false,
    "level": null,
    "osm": "way/491477784"
   }
  },
  {
   "type": "Feature",
   "geometry": {
    "type": "LineString",
    "coordinates": [
     [
      -122.3421915,
      47.6090716
     ],
     [
      -122.3421694,
      47.6090798
     ],
     [
      -122.3421276,
      47.6090722
     ]
    ]
   },
   "properties": {
    "kind": "foot",
    "name": null,
    "inside": true,
    "level": null,
    "osm": "way/491477786"
   }
  },
  {
   "type": "Feature",
   "geometry": {
    "type": "LineString",
    "coordinates": [
     [
      -122.3412409,
      47.6086573
     ],
     [
      -122.3412668,
      47.6086477
     ]
    ]
   },
   "properties": {
    "kind": "foot",
    "name": null,
    "inside": true,
    "level": null,
    "osm": "way/491477788"
   }
  },
  {
   "type": "Feature",
   "geometry": {
    "type": "LineString",
    "coordinates": [
     [
      -122.3409418,
      47.6088377
     ],
     [
      -122.3410333,
      47.6087498
     ],
     [
      -122.3411375,
      47.6087034
     ],
     [
      -122.3412409,
      47.6086573
     ]
    ]
   },
   "properties": {
    "kind": "foot",
    "name": null,
    "inside": true,
    "level": null,
    "osm": "way/491477789"
   }
  },
  {
   "type": "Feature",
   "geometry": {
    "type": "LineString",
    "coordinates": [
     [
      -122.3380437,
      47.6068267
     ],
     [
      -122.3378566,
      47.6066201
     ],
     [
      -122.3378022,
      47.606586
     ],
     [
      -122.3374951,
      47.6062559
     ],
     [
      -122.3374919,
      47.6062525
     ],
     [
      -122.3374923,
      47.6062433
     ]
    ]
   },
   "properties": {
    "kind": "foot",
    "name": null,
    "inside": false,
    "level": null,
    "osm": "way/492637579"
   }
  },
  {
   "type": "Feature",
   "geometry": {
    "type": "LineString",
    "coordinates": [
     [
      -122.342615,
      47.6094934
     ],
     [
      -122.3426546,
      47.6095133
     ],
     [
      -122.3426211,
      47.6095411
     ]
    ]
   },
   "properties": {
    "kind": "foot",
    "name": null,
    "inside": true,
    "level": null,
    "osm": "way/495805528"
   }
  },
  {
   "type": "Feature",
   "geometry": {
    "type": "LineString",
    "coordinates": [
     [
      -122.3427622,
      47.6095669
     ],
     [
      -122.3428294,
      47.6095734
     ],
     [
      -122.3428962,
      47.6095464
     ]
    ]
   },
   "properties": {
    "kind": "foot",
    "name": null,
    "inside": true,
    "level": null,
    "osm": "way/495805529"
   }
  },
  {
   "type": "Feature",
   "geometry": {
    "type": "LineString",
    "coordinates": [
     [
      -122.3428259,
      47.609534
     ],
     [
      -122.3428962,
      47.6095464
     ],
     [
      -122.3434575,
      47.6097799
     ],
     [
      -122.3435163,
      47.6097337
     ],
     [
      -122.3434649,
      47.6096958
     ]
    ]
   },
   "properties": {
    "kind": "foot",
    "name": null,
    "inside": true,
    "level": null,
    "osm": "way/495805530"
   }
  },
  {
   "type": "Feature",
   "geometry": {
    "type": "LineString",
    "coordinates": [
     [
      -122.3427221,
      47.6095989
     ],
     [
      -122.3427622,
      47.6095669
     ],
     [
      -122.3426546,
      47.6095133
     ]
    ]
   },
   "properties": {
    "kind": "foot",
    "name": null,
    "inside": true,
    "level": null,
    "osm": "way/495805531"
   }
  },
  {
   "type": "Feature",
   "geometry": {
    "type": "LineString",
    "coordinates": [
     [
      -122.34327,
      47.6098646
     ],
     [
      -122.3432975,
      47.6097762
     ],
     [
      -122.3433398,
      47.6096401
     ]
    ]
   },
   "properties": {
    "kind": "foot",
    "name": null,
    "inside": true,
    "level": null,
    "osm": "way/495805533"
   }
  },
  {
   "type": "Feature",
   "geometry": {
    "type": "LineString",
    "coordinates": [
     [
      -122.3429284,
      47.6093125
     ],
     [
      -122.3428986,
      47.6093475
     ]
    ]
   },
   "properties": {
    "kind": "foot",
    "name": null,
    "inside": true,
    "level": null,
    "osm": "way/495805534"
   }
  },
  {
   "type": "Feature",
   "geometry": {
    "type": "LineString",
    "coordinates": [
     [
      -122.3428189,
      47.6094241
     ],
     [
      -122.3428024,
      47.6094427
     ]
    ]
   },
   "properties": {
    "kind": "foot",
    "name": null,
    "inside": true,
    "level": null,
    "osm": "way/495805535"
   }
  },
  {
   "type": "Feature",
   "geometry": {
    "type": "LineString",
    "coordinates": [
     [
      -122.3433398,
      47.6096401
     ],
     [
      -122.3433488,
      47.609614
     ],
     [
      -122.3429284,
      47.6093125
     ],
     [
      -122.342885,
      47.6092737
     ],
     [
      -122.3427661,
      47.609143
     ],
     [
      -122.3428195,
      47.6091187
     ],
     [
      -122.3428417,
      47.6091432
     ]
    ]
   },
   "properties": {
    "kind": "foot",
    "name": null,
    "inside": true,
    "level": null,
    "osm": "way/495805537"
   }
  },
  {
   "type": "Feature",
   "geometry": {
    "type": "LineString",
    "coordinates": [
     [
      -122.343249,
      47.6099004
     ],
     [
      -122.3432618,
      47.6098909
     ],
     [
      -122.34327,
      47.6098646
     ]
    ]
   },
   "properties": {
    "kind": "foot",
    "name": null,
    "inside": true,
    "level": null,
    "osm": "way/495805539"
   }
  },
  {
   "type": "Feature",
   "geometry": {
    "type": "LineString",
    "coordinates": [
     [
      -122.3425911,
      47.6094809
     ],
     [
      -122.342615,
      47.6094934
     ],
     [
      -122.3426561,
      47.6094528
     ]
    ]
   },
   "properties": {
    "kind": "foot",
    "name": null,
    "inside": true,
    "level": null,
    "osm": "way/495805542"
   }
  },
  {
   "type": "Feature",
   "geometry": {
    "type": "LineString",
    "coordinates": [
     [
      -122.3402395,
      47.6056202
     ],
     [
      -122.3399806,
      47.6053417
     ]
    ]
   },
   "properties": {
    "kind": "foot",
    "name": null,
    "inside": false,
    "level": null,
    "osm": "way/519441947"
   }
  },
  {
   "type": "Feature",
   "geometry": {
    "type": "LineString",
    "coordinates": [
     [
      -122.3412986,
      47.6068656
     ],
     [
      -122.341204,
      47.6066706
     ],
     [
      -122.3408065,
      47.6062554
     ],
     [
      -122.3405744,
      47.6060006
     ],
     [
      -122.3405037,
      47.6059643
     ],
     [
      -122.3403668,
      47.6058152
     ]
    ]
   },
   "properties": {
    "kind": "foot",
    "name": null,
    "inside": false,
    "level": null,
    "osm": "way/519441950"
   }
  },
  {
   "type": "Feature",
   "geometry": {
    "type": "LineString",
    "coordinates": [
     [
      -122.3403668,
      47.6058152
     ],
     [
      -122.3402876,
      47.6056716
     ],
     [
      -122.3402395,
      47.6056202
     ]
    ]
   },
   "properties": {
    "kind": "foot",
    "name": "Waterfront Park Promenade",
    "inside": false,
    "level": null,
    "osm": "way/519441952"
   }
  },
  {
   "type": "Feature",
   "geometry": {
    "type": "LineString",
    "coordinates": [
     [
      -122.3414105,
      47.6068172
     ],
     [
      -122.3412478,
      47.6066527
     ],
     [
      -122.3410958,
      47.6064836
     ],
     [
      -122.340896,
      47.6062575
     ],
     [
      -122.3405956,
      47.6059273
     ],
     [
      -122.3405473,
      47.6058721
     ],
     [
      -122.3404628,
      47.6057755
     ],
     [
      -122.3403143,
      47.6056181
     ],
     [
      -122.340043,
      47.6053234
     ],
     [
      -122.3399927,
      47.6052687
     ],
     [
      -122.3399738,
      47.6052476
     ],
     [
      -122.3399391,
      47.6052096
     ],
     [
      -122.3398037,
      47.6050595
     ],
     [
      -122.3396761,
      47.604919
     ],
     [
      -122.3393172,
      47.6045264
     ],
     [
      -122.3393031,
      47.6045105
     ],
     [
      -122.3391677,
      47.6043597
     ],
     [
      -122.3387651,
      47.603923
     ],
     [
      -122.3386716,
      47.6038211
     ],
     [
      -122.3385826,
      47.6037247
     ],
     [
      -122.338504,
      47.6036376
     ],
     [
      -122.3384847,
      47.603617
     ],
     [
      -122.3380938,
      47.6031857
     ],
     [
      -122.3380629,
      47.6031693
     ],
     [
      -122.3379769,
      47.6031428
     ],
     [
      -122.3379259,
      47.603091
     ]
    ]
   },
   "properties": {
    "kind": "foot",
    "name": "Waterfront Trail",
    "inside": false,
    "level": null,
    "osm": "way/520907981"
   }
  },
  {
   "type": "Feature",
   "geometry": {
    "type": "LineString",
    "coordinates": [
     [
      -122.3410911,
      47.6058571
     ],
     [
      -122.3409552,
      47.6058564
     ],
     [
      -122.340596,
      47.6058546
     ],
     [
      -122.3405473,
      47.6058721
     ]
    ]
   },
   "properties": {
    "kind": "foot",
    "name": null,
    "inside": false,
    "level": null,
    "osm": "way/520908363"
   }
  },
  {
   "type": "Feature",
   "geometry": {
    "type": "LineString",
    "coordinates": [
     [
      -122.3408596,
      47.6078725
     ],
     [
      -122.3410713,
      47.6077806
     ],
     [
      -122.3410929,
      47.6077713
     ],
     [
      -122.3411291,
      47.6077557
     ]
    ]
   },
   "properties": {
    "kind": "foot",
    "name": null,
    "inside": false,
    "level": null,
    "osm": "way/549073887"
   }
  },
  {
   "type": "Feature",
   "geometry": {
    "type": "LineString",
    "coordinates": [
     [
      -122.341064,
      47.6080872
     ],
     [
      -122.3411294,
      47.6080591
     ],
     [
      -122.3411448,
      47.6080518
     ],
     [
      -122.3412274,
      47.6079509
     ],
     [
      -122.3410713,
      47.6077806
     ]
    ]
   },
   "properties": {
    "kind": "foot",
    "name": null,
    "inside": false,
    "level": null,
    "osm": "way/549073888"
   }
  },
  {
   "type": "Feature",
   "geometry": {
    "type": "LineString",
    "coordinates": [
     [
      -122.3410929,
      47.6077713
     ],
     [
      -122.3411086,
      47.6077883
     ]
    ]
   },
   "properties": {
    "kind": "foot",
    "name": null,
    "inside": false,
    "level": null,
    "osm": "way/549073890"
   }
  },
  {
   "type": "Feature",
   "geometry": {
    "type": "LineString",
    "coordinates": [
     [
      -122.3391433,
      47.6077223
     ],
     [
      -122.3390285,
      47.6077673
     ],
     [
      -122.3389575,
      47.6077953
     ]
    ]
   },
   "properties": {
    "kind": "foot",
    "name": null,
    "inside": false,
    "level": null,
    "osm": "way/550552257"
   }
  },
  {
   "type": "Feature",
   "geometry": {
    "type": "LineString",
    "coordinates": [
     [
      -122.3389235,
      47.6078033
     ],
     [
      -122.3389575,
      47.6077953
     ]
    ]
   },
   "properties": {
    "kind": "foot",
    "name": null,
    "inside": false,
    "level": null,
    "osm": "way/550552258"
   }
  },
  {
   "type": "Feature",
   "geometry": {
    "type": "LineString",
    "coordinates": [
     [
      -122.3391672,
      47.607713
     ],
     [
      -122.3391433,
      47.6077223
     ]
    ]
   },
   "properties": {
    "kind": "foot",
    "name": null,
    "inside": false,
    "level": null,
    "osm": "way/550552259"
   }
  },
  {
   "type": "Feature",
   "geometry": {
    "type": "LineString",
    "coordinates": [
     [
      -122.3391672,
      47.607713
     ],
     [
      -122.3391893,
      47.6077148
     ],
     [
      -122.3392111,
      47.6077112
     ],
     [
      -122.3393277,
      47.6076624
     ],
     [
      -122.3395132,
      47.6075848
     ],
     [
      -122.3395719,
      47.6075603
     ]
    ]
   },
   "properties": {
    "kind": "foot",
    "name": null,
    "inside": false,
    "level": null,
    "osm": "way/550552260"
   }
  },
  {
   "type": "Feature",
   "geometry": {
    "type": "LineString",
    "coordinates": [
     [
      -122.3383873,
      47.6068494
     ],
     [
      -122.338356,
      47.6068632
     ]
    ]
   },
   "properties": {
    "kind": "foot",
    "name": null,
    "inside": false,
    "level": null,
    "osm": "way/550552261"
   }
  },
  {
   "type": "Feature",
   "geometry": {
    "type": "LineString",
    "coordinates": [
     [
      -122.338356,
      47.6068632
     ],
     [
      -122.3382585,
      47.6069081
     ],
     [
      -122.3381815,
      47.6069436
     ]
    ]
   },
   "properties": {
    "kind": "foot",
    "name": null,
    "inside": false,
    "level": null,
    "osm": "way/550552262"
   }
  },
  {
   "type": "Feature",
   "geometry": {
    "type": "LineString",
    "coordinates": [
     [
      -122.3380606,
      47.6081668
     ],
     [
      -122.3372786,
      47.6073098
     ]
    ]
   },
   "properties": {
    "kind": "foot",
    "name": null,
    "inside": false,
    "level": null,
    "osm": "way/550552263"
   }
  },
  {
   "type": "Feature",
   "geometry": {
    "type": "LineString",
    "coordinates": [
     [
      -122.3372786,
      47.6073098
     ],
     [
      -122.338142,
      47.6069598
     ],
     [
      -122.3381475,
      47.6069576
     ]
    ]
   },
   "properties": {
    "kind": "foot",
    "name": null,
    "inside": false,
    "level": null,
    "osm": "way/550552264"
   }
  },
  {
   "type": "Feature",
   "geometry": {
    "type": "LineString",
    "coordinates": [
     [
      -122.3381475,
      47.6069576
     ],
     [
      -122.3382041,
      47.6070196
     ],
     [
      -122.3389235,
      47.6078033
     ],
     [
      -122.3389262,
      47.6078256
     ]
    ]
   },
   "properties": {
    "kind": "foot",
    "name": null,
    "inside": false,
    "level": null,
    "osm": "way/550552265"
   }
  },
  {
   "type": "Feature",
   "geometry": {
    "type": "LineString",
    "coordinates": [
     [
      -122.3389262,
      47.6078256
     ],
     [
      -122.3385041,
      47.6080009
     ],
     [
      -122.3380882,
      47.6081739
     ],
     [
      -122.3380606,
      47.6081668
     ]
    ]
   },
   "properties": {
    "kind": "foot",
    "name": null,
    "inside": false,
    "level": null,
    "osm": "way/550552266"
   }
  },
  {
   "type": "Feature",
   "geometry": {
    "type": "LineString",
    "coordinates": [
     [
      -122.3385295,
      47.6069908
     ],
     [
      -122.3385388,
      47.6069866
     ]
    ]
   },
   "properties": {
    "kind": "foot",
    "name": null,
    "inside": false,
    "level": null,
    "osm": "way/550552267"
   }
  },
  {
   "type": "Feature",
   "geometry": {
    "type": "LineString",
    "coordinates": [
     [
      -122.3370817,
      47.6054075
     ],
     [
      -122.3370818,
      47.605432
     ],
     [
      -122.3376154,
      47.6060069
     ],
     [
      -122.3376262,
      47.6060182
     ],
     [
      -122.3377329,
      47.6061309
     ],
     [
      -122.3378366,
      47.6062382
     ],
     [
      -122.3378743,
      47.6062501
     ],
     [
      -122.3379352,
      47.6063145
     ],
     [
      -122.3381745,
      47.6065702
     ],
     [
      -122.3381759,
      47.6065897
     ],
     [
      -122.3381818,
      47.6066223
     ],
     [
      -122.338276,
      47.6067294
     ],
     [
      -122.3383837,
      47.6068454
     ],
     [
      -122.3383873,
      47.6068494
     ],
     [
      -122.3384637,
      47.6069316
     ],
     [
      -122.3384862,
      47.6069434
     ],
     [
      -122.3385295,
      47.6069908
     ],
     [
      -122.3386326,
      47.6071064
     ],
     [
      -122.3386333,
      47.6071243
     ],
     [
      -122.3391672,
      47.607713
     ]
    ]
   },
   "properties": {
    "kind": "foot",
    "name": null,
    "inside": false,
    "level": null,
    "osm": "way/550552268"
   }
  },
  {
   "type": "Feature",
   "geometry": {
    "type": "LineString",
    "coordinates": [
     [
      -122.3371754,
      47.6071795
     ],
     [
      -122.3375869,
      47.6070161
     ],
     [
      -122.3380331,
      47.6068358
     ],
     [
      -122.3380437,
      47.6068267
     ]
    ]
   },
   "properties": {
    "kind": "foot",
    "name": null,
    "inside": false,
    "level": null,
    "osm": "way/550552270"
   }
  },
  {
   "type": "Feature",
   "geometry": {
    "type": "LineString",
    "coordinates": [
     [
      -122.3381164,
      47.6069336
     ],
     [
      -122.338142,
      47.6069598
     ]
    ]
   },
   "properties": {
    "kind": "foot",
    "name": null,
    "inside": false,
    "level": null,
    "osm": "way/550552838"
   }
  },
  {
   "type": "Feature",
   "geometry": {
    "type": "LineString",
    "coordinates": [
     [
      -122.3380494,
      47.6068513
     ],
     [
      -122.3380776,
      47.606886
     ],
     [
      -122.3381164,
      47.6069336
     ]
    ]
   },
   "properties": {
    "kind": "foot",
    "name": null,
    "inside": false,
    "level": null,
    "osm": "way/550552839"
   }
  },
  {
   "type": "Feature",
   "geometry": {
    "type": "LineString",
    "coordinates": [
     [
      -122.3380331,
      47.6068358
     ],
     [
      -122.3380494,
      47.6068513
     ]
    ]
   },
   "properties": {
    "kind": "foot",
    "name": null,
    "inside": false,
    "level": null,
    "osm": "way/550552840"
   }
  },
  {
   "type": "Feature",
   "geometry": {
    "type": "LineString",
    "coordinates": [
     [
      -122.3380665,
      47.6068166
     ],
     [
      -122.3380437,
      47.6068267
     ]
    ]
   },
   "properties": {
    "kind": "foot",
    "name": null,
    "inside": false,
    "level": null,
    "osm": "way/550552841"
   }
  },
  {
   "type": "Feature",
   "geometry": {
    "type": "LineString",
    "coordinates": [
     [
      -122.3382473,
      47.6067416
     ],
     [
      -122.3381435,
      47.6067845
     ],
     [
      -122.3380665,
      47.6068166
     ]
    ]
   },
   "properties": {
    "kind": "foot",
    "name": null,
    "inside": false,
    "level": null,
    "osm": "way/550552842"
   }
  },
  {
   "type": "Feature",
   "geometry": {
    "type": "LineString",
    "coordinates": [
     [
      -122.338276,
      47.6067294
     ],
     [
      -122.3382473,
      47.6067416
     ]
    ]
   },
   "properties": {
    "kind": "foot",
    "name": null,
    "inside": false,
    "level": null,
    "osm": "way/550552843"
   }
  },
  {
   "type": "Feature",
   "geometry": {
    "type": "LineString",
    "coordinates": [
     [
      -122.3390882,
      47.6079339
     ],
     [
      -122.3390652,
      47.6079437
     ]
    ]
   },
   "properties": {
    "kind": "foot",
    "name": null,
    "inside": false,
    "level": null,
    "osm": "way/550609980"
   }
  },
  {
   "type": "Feature",
   "geometry": {
    "type": "LineString",
    "coordinates": [
     [
      -122.3392664,
      47.6078551
     ],
     [
      -122.3391522,
      47.6079056
     ],
     [
      -122.3390882,
      47.6079339
     ]
    ]
   },
   "properties": {
    "kind": "foot",
    "name": null,
    "inside": false,
    "level": null,
    "osm": "way/550609982"
   }
  },
  {
   "type": "Feature",
   "geometry": {
    "type": "LineString",
    "coordinates": [
     [
      -122.3392828,
      47.6078486
     ],
     [
      -122.3392664,
      47.6078551
     ]
    ]
   },
   "properties": {
    "kind": "foot",
    "name": null,
    "inside": false,
    "level": null,
    "osm": "way/550609985"
   }
  },
  {
   "type": "Feature",
   "geometry": {
    "type": "LineString",
    "coordinates": [
     [
      -122.3390425,
      47.6079344
     ],
     [
      -122.3390517,
      47.607944
     ]
    ]
   },
   "properties": {
    "kind": "foot",
    "name": null,
    "inside": false,
    "level": null,
    "osm": "way/550609986"
   }
  },
  {
   "type": "Feature",
   "geometry": {
    "type": "LineString",
    "coordinates": [
     [
      -122.3389428,
      47.6078358
     ],
     [
      -122.3389843,
      47.6078773
     ],
     [
      -122.3390425,
      47.6079344
     ]
    ]
   },
   "properties": {
    "kind": "foot",
    "name": null,
    "inside": false,
    "level": null,
    "osm": "way/550609988"
   }
  },
  {
   "type": "Feature",
   "geometry": {
    "type": "LineString",
    "coordinates": [
     [
      -122.3389262,
      47.6078256
     ],
     [
      -122.3389428,
      47.6078358
     ]
    ]
   },
   "properties": {
    "kind": "foot",
    "name": null,
    "inside": false,
    "level": null,
    "osm": "way/550609991"
   }
  },
  {
   "type": "Feature",
   "geometry": {
    "type": "LineString",
    "coordinates": [
     [
      -122.3398451,
      47.608812
     ],
     [
      -122.3398487,
      47.6087978
     ],
     [
      -122.3398232,
      47.6087706
     ],
     [
      -122.3396588,
      47.6085912
     ],
     [
      -122.3390652,
      47.6079437
     ]
    ]
   },
   "properties": {
    "kind": "foot",
    "name": null,
    "inside": false,
    "level": null,
    "osm": "way/550609993"
   }
  },
  {
   "type": "Feature",
   "geometry": {
    "type": "LineString",
    "coordinates": [
     [
      -122.3391981,
      47.6077298
     ],
     [
      -122.3391893,
      47.6077148
     ]
    ]
   },
   "properties": {
    "kind": "foot",
    "name": null,
    "inside": false,
    "level": null,
    "osm": "way/550609996"
   }
  },
  {
   "type": "Feature",
   "geometry": {
    "type": "LineString",
    "coordinates": [
     [
      -122.3392638,
      47.6078011
     ],
     [
      -122.3392374,
      47.6077724
     ],
     [
      -122.3391981,
      47.6077298
     ]
    ]
   },
   "properties": {
    "kind": "foot",
    "name": null,
    "inside": false,
    "level": null,
    "osm": "way/550609999"
   }
  },
  {
   "type": "Feature",
   "geometry": {
    "type": "LineString",
    "coordinates": [
     [
      -122.3393033,
      47.6078326
     ],
     [
      -122.3392638,
      47.6078011
     ]
    ]
   },
   "properties": {
    "kind": "foot",
    "name": null,
    "inside": false,
    "level": null,
    "osm": "way/550610003"
   }
  },
  {
   "type": "Feature",
   "geometry": {
    "type": "LineString",
    "coordinates": [
     [
      -122.3401032,
      47.6087032
     ],
     [
      -122.3400867,
      47.6087096
     ],
     [
      -122.3400683,
      47.6087058
     ],
     [
      -122.340041,
      47.608676
     ],
     [
      -122.3392828,
      47.6078486
     ]
    ]
   },
   "properties": {
    "kind": "foot",
    "name": null,
    "inside": true,
    "level": null,
    "osm": "way/550610005"
   }
  },
  {
   "type": "Feature",
   "geometry": {
    "type": "LineString",
    "coordinates": [
     [
      -122.340062,
      47.6073389
     ],
     [
      -122.3400872,
      47.607333
     ]
    ]
   },
   "properties": {
    "kind": "foot",
    "name": null,
    "inside": false,
    "level": null,
    "osm": "way/550610011"
   }
  },
  {
   "type": "Feature",
   "geometry": {
    "type": "LineString",
    "coordinates": [
     [
      -122.3400565,
      47.6073627
     ],
     [
      -122.340062,
      47.6073389
     ],
     [
      -122.3400497,
      47.6073252
     ]
    ]
   },
   "properties": {
    "kind": "foot",
    "name": null,
    "inside": false,
    "level": null,
    "osm": "way/550610013"
   }
  },
  {
   "type": "Feature",
   "geometry": {
    "type": "LineString",
    "coordinates": [
     [
      -122.3396983,
      47.607518
     ],
     [
      -122.3397021,
      47.6075086
     ],
     [
      -122.3400565,
      47.6073627
     ]
    ]
   },
   "properties": {
    "kind": "foot",
    "name": null,
    "inside": false,
    "level": null,
    "osm": "way/550610016"
   }
  },
  {
   "type": "Feature",
   "geometry": {
    "type": "LineString",
    "coordinates": [
     [
      -122.3402338,
      47.6072669
     ],
     [
      -122.340147,
      47.6073059
     ],
     [
      -122.3400872,
      47.607333
     ]
    ]
   },
   "properties": {
    "kind": "foot",
    "name": null,
    "inside": false,
    "level": null,
    "osm": "way/550610019"
   }
  },
  {
   "type": "Feature",
   "geometry": {
    "type": "LineString",
    "coordinates": [
     [
      -122.3394988,
      47.6064047
     ],
     [
      -122.3402598,
      47.6072554
     ],
     [
      -122.3402871,
      47.6072853
     ],
     [
      -122.3403028,
      47.6073035
     ],
     [
      -122.3403666,
      47.6073742
     ],
     [
      -122.3404604,
      47.6074763
     ],
     [
      -122.3412698,
      47.608357
     ],
     [
      -122.3413003,
      47.6083925
     ],
     [
      -122.3416151,
      47.6087398
     ],
     [
      -122.3416577,
      47.6087882
     ],
     [
      -122.3419203,
      47.6090799
     ]
    ]
   },
   "properties": {
    "kind": "foot",
    "name": null,
    "inside": true,
    "level": null,
    "osm": "way/550610021"
   }
  },
  {
   "type": "Feature",
   "geometry": {
    "type": "LineString",
    "coordinates": [
     [
      -122.3406682,
      47.6086238
     ],
     [
      -122.3407677,
      47.6085857
     ],
     [
      -122.3410808,
      47.6084659
     ]
    ]
   },
   "properties": {
    "kind": "foot",
    "name": null,
    "inside": true,
    "level": null,
    "osm": "way/550806332"
   }
  },
  {
   "type": "Feature",
   "geometry": {
    "type": "LineString",
    "coordinates": [
     [
      -122.3421519,
      47.6090328
     ],
     [
      -122.3421915,
      47.6090716
     ]
    ]
   },
   "properties": {
    "kind": "foot",
    "name": null,
    "inside": true,
    "level": null,
    "osm": "way/550806334"
   }
  },
  {
   "type": "Feature",
   "geometry": {
    "type": "LineString",
    "coordinates": [
     [
      -122.3405401,
      47.6086058
     ],
     [
      -122.3405594,
      47.6085978
     ],
     [
      -122.3405783,
      47.6085899
     ]
    ]
   },
   "properties": {
    "kind": "foot",
    "name": null,
    "inside": true,
    "level": null,
    "osm": "way/550806337"
   }
  },
  {
   "type": "Feature",
   "geometry": {
    "type": "LineString",
    "coordinates": [
     [
      -122.3412327,
      47.6096053
     ],
     [
      -122.3414398,
      47.6095232
     ],
     [
      -122.3416465,
      47.6094366
     ]
    ]
   },
   "properties": {
    "kind": "foot",
    "name": null,
    "inside": true,
    "level": null,
    "osm": "way/550806338"
   }
  },
  {
   "type": "Feature",
   "geometry": {
    "type": "LineString",
    "coordinates": [
     [
      -122.3407024,
      47.6087048
     ],
     [
      -122.3407217,
      47.6086942
     ]
    ]
   },
   "properties": {
    "kind": "foot",
    "name": null,
    "inside": true,
    "level": null,
    "osm": "way/550806340"
   }
  },
  {
   "type": "Feature",
   "geometry": {
    "type": "LineString",
    "coordinates": [
     [
      -122.3406378,
      47.6087781
     ],
     [
      -122.3406639,
      47.6087485
     ],
     [
      -122.3407024,
      47.6087048
     ]
    ]
   },
   "properties": {
    "kind": "foot",
    "name": null,
    "inside": true,
    "level": null,
    "osm": "way/550806342"
   }
  },
  {
   "type": "Feature",
   "geometry": {
    "type": "LineString",
    "coordinates": [
     [
      -122.3406154,
      47.608794
     ],
     [
      -122.3406378,
      47.6087781
     ]
    ]
   },
   "properties": {
    "kind": "foot",
    "name": null,
    "inside": true,
    "level": null,
    "osm": "way/550806343"
   }
  },
  {
   "type": "Feature",
   "geometry": {
    "type": "LineString",
    "coordinates": [
     [
      -122.3401535,
      47.608765
     ],
     [
      -122.340167,
      47.6087598
     ]
    ]
   },
   "properties": {
    "kind": "foot",
    "name": null,
    "inside": true,
    "level": null,
    "osm": "way/550806345"
   }
  },
  {
   "type": "Feature",
   "geometry": {
    "type": "LineString",
    "coordinates": [
     [
      -122.3404576,
      47.6085596
     ],
     [
      -122.3402709,
      47.6086357
     ]
    ]
   },
   "properties": {
    "kind": "foot",
    "name": null,
    "inside": true,
    "level": null,
    "osm": "way/550806346"
   }
  },
  {
   "type": "Feature",
   "geometry": {
    "type": "LineString",
    "coordinates": [
     [
      -122.3399998,
      47.6089313
     ],
     [
      -122.340066,
      47.6089167
     ],
     [
      -122.3402813,
      47.6088702
     ]
    ]
   },
   "properties": {
    "kind": "foot",
    "name": null,
    "inside": true,
    "level": null,
    "osm": "way/550806348"
   }
  },
  {
   "type": "Feature",
   "geometry": {
    "type": "LineString",
    "coordinates": [
     [
      -122.3399753,
      47.6089419
     ],
     [
      -122.3399998,
      47.6089313
     ]
    ]
   },
   "properties": {
    "kind": "foot",
    "name": null,
    "inside": false,
    "level": null,
    "osm": "way/550806349"
   }
  },
  {
   "type": "Feature",
   "geometry": {
    "type": "LineString",
    "coordinates": [
     [
      -122.3398253,
      47.6088647
     ],
     [
      -122.3397997,
      47.6088376
     ]
    ]
   },
   "properties": {
    "kind": "foot",
    "name": null,
    "inside": false,
    "level": null,
    "osm": "way/550806351"
   }
  },
  {
   "type": "Feature",
   "geometry": {
    "type": "LineString",
    "coordinates": [
     [
      -122.3399038,
      47.6089484
     ],
     [
      -122.3398815,
      47.6089258
     ]
    ]
   },
   "properties": {
    "kind": "foot",
    "name": null,
    "inside": false,
    "level": null,
    "osm": "way/550806352"
   }
  },
  {
   "type": "Feature",
   "geometry": {
    "type": "LineString",
    "coordinates": [
     [
      -122.3398815,
      47.6089258
     ],
     [
      -122.33986,
      47.6089033
     ],
     [
      -122.3398253,
      47.6088647
     ]
    ]
   },
   "properties": {
    "kind": "foot",
    "name": null,
    "inside": false,
    "level": null,
    "osm": "way/550806354"
   }
  },
  {
   "type": "Feature",
   "geometry": {
    "type": "LineString",
    "coordinates": [
     [
      -122.340167,
      47.6087598
     ],
     [
      -122.3401867,
      47.6087526
     ],
     [
      -122.3405401,
      47.6086058
     ]
    ]
   },
   "properties": {
    "kind": "foot",
    "name": null,
    "inside": true,
    "level": null,
    "osm": "way/550806355"
   }
  },
  {
   "type": "Feature",
   "geometry": {
    "type": "LineString",
    "coordinates": [
     [
      -122.340112,
      47.6087126
     ],
     [
      -122.3401032,
      47.6087032
     ]
    ]
   },
   "properties": {
    "kind": "foot",
    "name": null,
    "inside": true,
    "level": null,
    "osm": "way/550806357"
   }
  },
  {
   "type": "Feature",
   "geometry": {
    "type": "LineString",
    "coordinates": [
     [
      -122.3402942,
      47.6088853
     ],
     [
      -122.3402813,
      47.6088702
     ]
    ]
   },
   "properties": {
    "kind": "foot",
    "name": null,
    "inside": true,
    "level": null,
    "osm": "way/550806358"
   }
  },
  {
   "type": "Feature",
   "geometry": {
    "type": "LineString",
    "coordinates": [
     [
      -122.3402813,
      47.6088702
     ],
     [
      -122.340208,
      47.6088102
     ],
     [
      -122.3401535,
      47.608765
     ]
    ]
   },
   "properties": {
    "kind": "foot",
    "name": null,
    "inside": true,
    "level": null,
    "osm": "way/550806360"
   }
  },
  {
   "type": "Feature",
   "geometry": {
    "type": "LineString",
    "coordinates": [
     [
      -122.3398442,
      47.6087618
     ],
     [
      -122.3398232,
      47.6087706
     ]
    ]
   },
   "properties": {
    "kind": "foot",
    "name": null,
    "inside": false,
    "level": null,
    "osm": "way/550806361"
   }
  },
  {
   "type": "Feature",
   "geometry": {
    "type": "LineString",
    "coordinates": [
     [
      -122.3400294,
      47.608681
     ],
     [
      -122.339902,
      47.6087362
     ],
     [
      -122.3398442,
      47.6087618
     ]
    ]
   },
   "properties": {
    "kind": "foot",
    "name": null,
    "inside": true,
    "level": null,
    "osm": "way/550806362"
   }
  },
  {
   "type": "Feature",
   "geometry": {
    "type": "LineString",
    "coordinates": [
     [
      -122.340041,
      47.608676
     ],
     [
      -122.3400294,
      47.608681
     ]
    ]
   },
   "properties": {
    "kind": "foot",
    "name": null,
    "inside": true,
    "level": null,
    "osm": "way/550806364"
   }
  },
  {
   "type": "Feature",
   "geometry": {
    "type": "LineString",
    "coordinates": [
     [
      -122.3402709,
      47.6086357
     ],
     [
      -122.3401032,
      47.6087032
     ]
    ]
   },
   "properties": {
    "kind": "foot",
    "name": null,
    "inside": true,
    "level": null,
    "osm": "way/550806365"
   }
  },
  {
   "type": "Feature",
   "geometry": {
    "type": "LineString",
    "coordinates": [
     [
      -122.3398929,
      47.6101671
     ],
     [
      -122.3391355,
      47.6093339
     ]
    ]
   },
   "properties": {
    "kind": "foot",
    "name": null,
    "inside": false,
    "level": null,
    "osm": "way/550806367"
   }
  },
  {
   "type": "Feature",
   "geometry": {
    "type": "LineString",
    "coordinates": [
     [
      -122.3382058,
      47.6083113
     ],
     [
      -122.338965,
      47.6091426
     ]
    ]
   },
   "properties": {
    "kind": "foot",
    "name": null,
    "inside": false,
    "level": null,
    "osm": "way/550806370"
   }
  },
  {
   "type": "Feature",
   "geometry": {
    "type": "LineString",
    "coordinates": [
     [
      -122.3420126,
      47.6096473
     ],
     [
      -122.3420066,
      47.6096581
     ],
     [
      -122.3419842,
      47.6096757
     ]
    ]
   },
   "properties": {
    "kind": "foot",
    "name": null,
    "inside": true,
    "level": null,
    "osm": "way/550807193"
   }
  },
  {
   "type": "Feature",
   "geometry": {
    "type": "LineString",
    "coordinates": [
     [
      -122.3418289,
      47.6095171
     ],
     [
      -122.3418295,
      47.6095228
     ],
     [
      -122.3418295,
      47.6095349
     ]
    ]
   },
   "properties": {
    "kind": "foot",
    "name": null,
    "inside": true,
    "level": null,
    "osm": "way/550807194"
   }
  },
  {
   "type": "Feature",
   "geometry": {
    "type": "LineString",
    "coordinates": [
     [
      -122.341737,
      47.6095698
     ],
     [
      -122.3418178,
      47.609536
     ],
     [
      -122.3418295,
      47.6095349
     ]
    ]
   },
   "properties": {
    "kind": "foot",
    "name": null,
    "inside": true,
    "level": null,
    "osm": "way/550807195"
   }
  },
  {
   "type": "Feature",
   "geometry": {
    "type": "LineString",
    "coordinates": [
     [
      -122.3414252,
      47.610157
     ],
     [
      -122.341408,
      47.6101568
     ],
     [
      -122.3413927,
      47.6101505
     ],
     [
      -122.3413654,
      47.6101213
     ],
     [
      -122.3411282,
      47.6098611
     ]
    ]
   },
   "properties": {
    "kind": "foot",
    "name": null,
    "inside": true,
    "level": null,
    "osm": "way/550807196"
   }
  },
  {
   "type": "Feature",
   "geometry": {
    "type": "LineString",
    "coordinates": [
     [
      -122.3418295,
      47.6095349
     ],
     [
      -122.3418409,
      47.6095372
     ],
     [
      -122.3420094,
      47.6096386
     ],
     [
      -122.3420126,
      47.6096473
     ]
    ]
   },
   "properties": {
    "kind": "foot",
    "name": null,
    "inside": true,
    "level": null,
    "osm": "way/550807197"
   }
  },
  {
   "type": "Feature",
   "geometry": {
    "type": "LineString",
    "coordinates": [
     [
      -122.3411282,
      47.6098611
     ],
     [
      -122.3411191,
      47.6098511
     ],
     [
      -122.3411151,
      47.6098388
     ],
     [
      -122.3411251,
      47.6098279
     ],
     [
      -122.3411372,
      47.6098227
     ],
     [
      -122.3413318,
      47.6097408
     ],
     [
      -122.3415463,
      47.6096505
     ],
     [
      -122.341737,
      47.6095698
     ]
    ]
   },
   "properties": {
    "kind": "foot",
    "name": null,
    "inside": true,
    "level": null,
    "osm": "way/550807198"
   }
  },
  {
   "type": "Feature",
   "geometry": {
    "type": "LineString",
    "coordinates": [
     [
      -122.3419842,
      47.6096757
     ],
     [
      -122.3417464,
      47.6098628
     ],
     [
      -122.3417216,
      47.6098824
     ],
     [
      -122.3417136,
      47.6099008
     ],
     [
      -122.3416941,
      47.6099497
     ],
     [
      -122.3416033,
      47.6100206
     ],
     [
      -122.3414252,
      47.610157
     ]
    ]
   },
   "properties": {
    "kind": "foot",
    "name": null,
    "inside": true,
    "level": null,
    "osm": "way/550807199"
   }
  },
  {
   "type": "Feature",
   "geometry": {
    "type": "LineString",
    "coordinates": [
     [
      -122.3418695,
      47.6093354
     ],
     [
      -122.3418286,
      47.6093563
     ]
    ]
   },
   "properties": {
    "kind": "foot",
    "name": null,
    "inside": true,
    "level": null,
    "osm": "way/550807200"
   }
  },
  {
   "type": "Feature",
   "geometry": {
    "type": "LineString",
    "coordinates": [
     [
      -122.3416706,
      47.6094366
     ],
     [
      -122.341758,
      47.6094817
     ],
     [
      -122.3418289,
      47.6095171
     ]
    ]
   },
   "properties": {
    "kind": "foot",
    "name": null,
    "inside": true,
    "level": null,
    "osm": "way/550807201"
   }
  },
  {
   "type": "Feature",
   "geometry": {
    "type": "LineString",
    "coordinates": [
     [
      -122.3418286,
      47.6093563
     ],
     [
      -122.341748,
      47.609397
     ],
     [
      -122.3416706,
      47.6094366
     ]
    ]
   },
   "properties": {
    "kind": "foot",
    "name": null,
    "inside": true,
    "level": null,
    "osm": "way/550807203"
   }
  },
  {
   "type": "Feature",
   "geometry": {
    "type": "LineString",
    "coordinates": [
     [
      -122.3416465,
      47.6094366
     ],
     [
      -122.3416706,
      47.6094366
     ]
    ]
   },
   "properties": {
    "kind": "foot",
    "name": null,
    "inside": true,
    "level": null,
    "osm": "way/550807204"
   }
  },
  {
   "type": "Feature",
   "geometry": {
    "type": "LineString",
    "coordinates": [
     [
      -122.342195,
      47.6097305
     ],
     [
      -122.342187,
      47.6097479
     ]
    ]
   },
   "properties": {
    "kind": "foot",
    "name": null,
    "inside": true,
    "level": null,
    "osm": "way/550808885"
   }
  },
  {
   "type": "Feature",
   "geometry": {
    "type": "LineString",
    "coordinates": [
     [
      -122.3420461,
      47.6096495
     ],
     [
      -122.342106,
      47.6096826
     ],
     [
      -122.342195,
      47.6097305
     ]
    ]
   },
   "properties": {
    "kind": "foot",
    "name": null,
    "inside": true,
    "level": null,
    "osm": "way/550808886"
   }
  },
  {
   "type": "Feature",
   "geometry": {
    "type": "LineString",
    "coordinates": [
     [
      -122.3423286,
      47.6096517
     ],
     [
      -122.3423685,
      47.6096281
     ]
    ]
   },
   "properties": {
    "kind": "foot",
    "name": null,
    "inside": true,
    "level": null,
    "osm": "way/550808887"
   }
  },
  {
   "type": "Feature",
   "geometry": {
    "type": "LineString",
    "coordinates": [
     [
      -122.342195,
      47.6097305
     ],
     [
      -122.342251,
      47.6096969
     ],
     [
      -122.3423286,
      47.6096517
     ]
    ]
   },
   "properties": {
    "kind": "foot",
    "name": null,
    "inside": true,
    "level": null,
    "osm": "way/550808888"
   }
  },
  {
   "type": "Feature",
   "geometry": {
    "type": "LineString",
    "coordinates": [
     [
      -122.3420126,
      47.6096473
     ],
     [
      -122.3420226,
      47.609648
     ],
     [
      -122.3420461,
      47.6096495
     ]
    ]
   },
   "properties": {
    "kind": "foot",
    "name": null,
    "inside": true,
    "level": null,
    "osm": "way/550808889"
   }
  },
  {
   "type": "Feature",
   "geometry": {
    "type": "LineString",
    "coordinates": [
     [
      -122.3427494,
      47.6100829
     ],
     [
      -122.3429252,
      47.6101845
     ],
     [
      -122.3431097,
      47.6102928
     ],
     [
      -122.3433009,
      47.610408
     ]
    ]
   },
   "properties": {
    "kind": "foot",
    "name": null,
    "inside": true,
    "level": null,
    "osm": "way/550808891"
   }
  },
  {
   "type": "Feature",
   "geometry": {
    "type": "LineString",
    "coordinates": [
     [
      -122.3432438,
      47.6104555
     ],
     [
      -122.3429581,
      47.6106789
     ],
     [
      -122.3426368,
      47.6109348
     ],
     [
      -122.3426184,
      47.610941
     ],
     [
      -122.3425908,
      47.610941
     ]
    ]
   },
   "properties": {
    "kind": "foot",
    "name": null,
    "inside": true,
    "level": null,
    "osm": "way/550808892"
   }
  },
  {
   "type": "Feature",
   "geometry": {
    "type": "LineString",
    "coordinates": [
     [
      -122.342187,
      47.6097479
     ],
     [
      -122.342204,
      47.6097576
     ]
    ]
   },
   "properties": {
    "kind": "foot",
    "name": null,
    "inside": true,
    "level": null,
    "osm": "way/550808893"
   }
  },
  {
   "type": "Feature",
   "geometry": {
    "type": "LineString",
    "coordinates": [
     [
      -122.3415199,
      47.6102614
     ],
     [
      -122.3415258,
      47.6102535
     ],
     [
      -122.3418293,
      47.6100208
     ],
     [
      -122.342187,
      47.6097479
     ]
    ]
   },
   "properties": {
    "kind": "foot",
    "name": null,
    "inside": true,
    "level": null,
    "osm": "way/550808894"
   }
  },
  {
   "type": "Feature",
   "geometry": {
    "type": "LineString",
    "coordinates": [
     [
      -122.3425908,
      47.610941
     ],
     [
      -122.3415496,
      47.6103159
     ],
     [
      -122.3415184,
      47.610292
     ],
     [
      -122.3415126,
      47.6102765
     ],
     [
      -122.3415199,
      47.6102614
     ]
    ]
   },
   "properties": {
    "kind": "foot",
    "name": null,
    "inside": true,
    "level": null,
    "osm": "way/550808895"
   }
  },
  {
   "type": "Feature",
   "geometry": {
    "type": "LineString",
    "coordinates": [
     [
      -122.3432273,
      47.6099166
     ],
     [
      -122.343249,
      47.6099004
     ]
    ]
   },
   "properties": {
    "kind": "foot",
    "name": null,
    "inside": true,
    "level": null,
    "osm": "way/550931291"
   }
  },
  {
   "type": "Feature",
   "geometry": {
    "type": "LineString",
    "coordinates": [
     [
      -122.3425369,
      47.6095114
     ],
     [
      -122.3424868,
      47.6094814
     ]
    ]
   },
   "properties": {
    "kind": "foot",
    "name": null,
    "inside": true,
    "level": null,
    "osm": "way/550931294"
   }
  },
  {
   "type": "Feature",
   "geometry": {
    "type": "LineString",
    "coordinates": [
     [
      -122.3427565,
      47.6096405
     ],
     [
      -122.342559,
      47.6095244
     ],
     [
      -122.3425369,
      47.6095114
     ]
    ]
   },
   "properties": {
    "kind": "foot",
    "name": null,
    "inside": true,
    "level": null,
    "osm": "way/550931296"
   }
  },
  {
   "type": "Feature",
   "geometry": {
    "type": "LineString",
    "coordinates": [
     [
      -122.342395,
      47.6094271
     ],
     [
      -122.3421771,
      47.6092992
     ],
     [
      -122.3421737,
      47.6092884
     ],
     [
      -122.3420506,
      47.6092166
     ],
     [
      -122.3419685,
      47.6091342
     ],
     [
      -122.3419634,
      47.6091284
     ]
    ]
   },
   "properties": {
    "kind": "foot",
    "name": null,
    "inside": true,
    "level": null,
    "osm": "way/550931298"
   }
  },
  {
   "type": "Feature",
   "geometry": {
    "type": "LineString",
    "coordinates": [
     [
      -122.3424868,
      47.6094814
     ],
     [
      -122.342395,
      47.6094271
     ]
    ]
   },
   "properties": {
    "kind": "foot",
    "name": null,
    "inside": true,
    "level": null,
    "osm": "way/550931300"
   }
  },
  {
   "type": "Feature",
   "geometry": {
    "type": "LineString",
    "coordinates": [
     [
      -122.3448351,
      47.6110979
     ],
     [
      -122.344818,
      47.6110924
     ],
     [
      -122.3445032,
      47.6109068
     ],
     [
      -122.3444261,
      47.610862
     ],
     [
      -122.3443544,
      47.6108213
     ],
     [
      -122.3443429,
      47.6107825
     ],
     [
      -122.3440489,
      47.6106103
     ],
     [
      -122.3440129,
      47.6105867
     ],
     [
      -122.3439498,
      47.6105317
     ],
     [
      -122.3438269,
      47.6103818
     ],
     [
      -122.3437104,
      47.6102395
     ],
     [
      -122.343653,
      47.6101685
     ],
     [
      -122.3436088,
      47.6101381
     ],
     [
      -122.3433965,
      47.6100074
     ],
     [
      -122.3433558,
      47.609983
     ],
     [
      -122.3432904,
      47.6099492
     ],
     [
      -122.3432273,
      47.6099166
     ],
     [
      -122.3427565,
      47.6096405
     ]
    ]
   },
   "properties": {
    "kind": "foot",
    "name": null,
    "inside": true,
    "level": null,
    "osm": "way/550931302"
   }
  },
  {
   "type": "Feature",
   "geometry": {
    "type": "LineString",
    "coordinates": [
     [
      -122.3449652,
      47.6090725
     ],
     [
      -122.3449321,
      47.6090986
     ]
    ]
   },
   "properties": {
    "kind": "foot",
    "name": "Waterfront Trail",
    "inside": false,
    "level": null,
    "osm": "way/550931987"
   }
  },
  {
   "type": "Feature",
   "geometry": {
    "type": "LineString",
    "coordinates": [
     [
      -122.3449817,
      47.6093122
     ],
     [
      -122.3449251,
      47.6093558
     ],
     [
      -122.3448874,
      47.6093855
     ]
    ]
   },
   "properties": {
    "kind": "foot",
    "name": null,
    "inside": false,
    "level": null,
    "osm": "way/550931988"
   }
  },
  {
   "type": "Feature",
   "geometry": {
    "type": "LineString",
    "coordinates": [
     [
      -122.3417065,
      47.6091403
     ],
     [
      -122.3417198,
      47.6091363
     ]
    ]
   },
   "properties": {
    "kind": "foot",
    "name": null,
    "inside": true,
    "level": null,
    "osm": "way/550935945"
   }
  },
  {
   "type": "Feature",
   "geometry": {
    "type": "LineString",
    "coordinates": [
     [
      -122.3425533,
      47.6099681
     ],
     [
      -122.3427494,
      47.6100829
     ]
    ]
   },
   "properties": {
    "kind": "foot",
    "name": null,
    "inside": true,
    "level": null,
    "osm": "way/550935946"
   }
  },
  {
   "type": "Feature",
   "geometry": {
    "type": "LineString",
    "coordinates": [
     [
      -122.342204,
      47.6097576
     ],
     [
      -122.3425533,
      47.6099681
     ]
    ]
   },
   "properties": {
    "kind": "foot",
    "name": null,
    "inside": true,
    "level": null,
    "osm": "way/550935947"
   }
  },
  {
   "type": "Feature",
   "geometry": {
    "type": "LineString",
    "coordinates": [
     [
      -122.3419854,
      47.6090674
     ],
     [
      -122.3420516,
      47.6090449
     ]
    ]
   },
   "properties": {
    "kind": "foot",
    "name": null,
    "inside": true,
    "level": null,
    "osm": "way/550935949"
   }
  },
  {
   "type": "Feature",
   "geometry": {
    "type": "LineString",
    "coordinates": [
     [
      -122.3419269,
      47.6090874
     ],
     [
      -122.3419585,
      47.6090766
     ]
    ]
   },
   "properties": {
    "kind": "foot",
    "name": null,
    "inside": true,
    "level": null,
    "osm": "way/550935951"
   }
  },
  {
   "type": "Feature",
   "geometry": {
    "type": "LineString",
    "coordinates": [
     [
      -122.3417274,
      47.6091295
     ],
     [
      -122.3417148,
      47.6091315
     ],
     [
      -122.3417067,
      47.6091327
     ]
    ]
   },
   "properties": {
    "kind": "foot",
    "name": null,
    "inside": true,
    "level": null,
    "osm": "way/550935952"
   }
  },
  {
   "type": "Feature",
   "geometry": {
    "type": "LineString",
    "coordinates": [
     [
      -122.341908,
      47.6091018
     ],
     [
      -122.3418236,
      47.6091147
     ],
     [
      -122.3417274,
      47.6091295
     ]
    ]
   },
   "properties": {
    "kind": "foot",
    "name": null,
    "inside": true,
    "level": null,
    "osm": "way/550935953"
   }
  },
  {
   "type": "Feature",
   "geometry": {
    "type": "LineString",
    "coordinates": [
     [
      -122.3419359,
      47.6090975
     ],
     [
      -122.341908,
      47.6091018
     ]
    ]
   },
   "properties": {
    "kind": "foot",
    "name": null,
    "inside": true,
    "level": null,
    "osm": "way/550935954"
   }
  },
  {
   "type": "Feature",
   "geometry": {
    "type": "LineString",
    "coordinates": [
     [
      -122.3412382,
      47.6086166
     ],
     [
      -122.3412668,
      47.6086477
     ],
     [
      -122.3415238,
      47.6089262
     ],
     [
      -122.3415332,
      47.6089369
     ]
    ]
   },
   "properties": {
    "kind": "foot",
    "name": null,
    "inside": true,
    "level": null,
    "osm": "way/550935955"
   }
  },
  {
   "type": "Feature",
   "geometry": {
    "type": "LineString",
    "coordinates": [
     [
      -122.3433123,
      47.6103996
     ],
     [
      -122.3433009,
      47.610408
     ]
    ]
   },
   "properties": {
    "kind": "foot",
    "name": null,
    "inside": true,
    "level": null,
    "osm": "way/550935956"
   }
  },
  {
   "type": "Feature",
   "geometry": {
    "type": "LineString",
    "coordinates": [
     [
      -122.3433979,
      47.6103405
     ],
     [
      -122.343362,
      47.6103651
     ],
     [
      -122.3433166,
      47.6103964
     ]
    ]
   },
   "properties": {
    "kind": "foot",
    "name": null,
    "inside": true,
    "level": null,
    "osm": "way/550935957"
   }
  },
  {
   "type": "Feature",
   "geometry": {
    "type": "LineString",
    "coordinates": [
     [
      -122.3434361,
      47.6103119
     ],
     [
      -122.3433979,
      47.6103405
     ]
    ]
   },
   "properties": {
    "kind": "foot",
    "name": null,
    "inside": true,
    "level": null,
    "osm": "way/550935958"
   }
  },
  {
   "type": "Feature",
   "geometry": {
    "type": "LineString",
    "coordinates": [
     [
      -122.3436804,
      47.6102502
     ],
     [
      -122.3437104,
      47.6102395
     ]
    ]
   },
   "properties": {
    "kind": "foot",
    "name": null,
    "inside": true,
    "level": null,
    "osm": "way/550935959"
   }
  },
  {
   "type": "Feature",
   "geometry": {
    "type": "LineString",
    "coordinates": [
     [
      -122.3435538,
      47.6102901
     ],
     [
      -122.343605,
      47.6102741
     ],
     [
      -122.3436804,
      47.6102502
     ]
    ]
   },
   "properties": {
    "kind": "foot",
    "name": null,
    "inside": true,
    "level": null,
    "osm": "way/550935960"
   }
  },
  {
   "type": "Feature",
   "geometry": {
    "type": "LineString",
    "coordinates": [
     [
      -122.3435218,
      47.6102895
     ],
     [
      -122.3435538,
      47.6102901
     ]
    ]
   },
   "properties": {
    "kind": "foot",
    "name": null,
    "inside": true,
    "level": null,
    "osm": "way/550935961"
   }
  },
  {
   "type": "Feature",
   "geometry": {
    "type": "LineString",
    "coordinates": [
     [
      -122.3415332,
      47.6089369
     ],
     [
      -122.3417067,
      47.6091327
     ],
     [
      -122.3417097,
      47.609136
     ],
     [
      -122.3417382,
      47.60917
     ],
     [
      -122.3417665,
      47.6092002
     ],
     [
      -122.3418879,
      47.6092815
     ],
     [
      -122.3421153,
      47.609409
     ],
     [
      -122.3421977,
      47.6094551
     ],
     [
      -122.342229,
      47.6094764
     ],
     [
      -122.3427499,
      47.6098303
     ],
     [
      -122.3429072,
      47.6099263
     ]
    ]
   },
   "properties": {
    "kind": "foot",
    "name": null,
    "inside": true,
    "level": null,
    "osm": "way/550935962"
   }
  },
  {
   "type": "Feature",
   "geometry": {
    "type": "LineString",
    "coordinates": [
     [
      -122.3434997,
      47.610323
     ],
     [
      -122.3434679,
      47.610325
     ],
     [
      -122.3434361,
      47.6103119
     ],
     [
      -122.3433916,
      47.6102855
     ],
     [
      -122.3433484,
      47.6102435
     ],
     [
      -122.343341,
      47.6102282
     ],
     [
      -122.34289,
      47.6099577
     ],
     [
      -122.342885,
      47.6099428
     ]
    ]
   },
   "properties": {
    "kind": "foot",
    "name": null,
    "inside": true,
    "level": null,
    "osm": "way/550935963"
   }
  },
  {
   "type": "Feature",
   "geometry": {
    "type": "LineString",
    "coordinates": [
     [
      -122.3410411,
      47.608403
     ],
     [
      -122.3411112,
      47.6084796
     ],
     [
      -122.3411157,
      47.6084847
     ],
     [
      -122.3412382,
      47.6086166
     ]
    ]
   },
   "properties": {
    "kind": "foot",
    "name": null,
    "inside": true,
    "level": null,
    "osm": "way/550935964"
   }
  },
  {
   "type": "Feature",
   "geometry": {
    "type": "LineString",
    "coordinates": [
     [
      -122.3397228,
      47.6076606
     ],
     [
      -122.339781,
      47.6076363
     ],
     [
      -122.3401853,
      47.6074678
     ]
    ]
   },
   "properties": {
    "kind": "foot",
    "name": null,
    "inside": false,
    "level": null,
    "osm": "way/550935965"
   }
  },
  {
   "type": "Feature",
   "geometry": {
    "type": "LineString",
    "coordinates": [
     [
      -122.3401654,
      47.6074555
     ],
     [
      -122.3401853,
      47.6074678
     ],
     [
      -122.3410356,
      47.6083972
     ],
     [
      -122.3410411,
      47.608403
     ]
    ]
   },
   "properties": {
    "kind": "foot",
    "name": null,
    "inside": true,
    "level": null,
    "osm": "way/550935966"
   }
  },
  {
   "type": "Feature",
   "geometry": {
    "type": "LineString",
    "coordinates": [
     [
      -122.3411681,
      47.6084629
     ],
     [
      -122.3411286,
      47.6084792
     ]
    ]
   },
   "properties": {
    "kind": "foot",
    "name": null,
    "inside": true,
    "level": null,
    "osm": "way/550935969"
   }
  },
  {
   "type": "Feature",
   "geometry": {
    "type": "LineString",
    "coordinates": [
     [
      -122.3412538,
      47.6084185
     ],
     [
      -122.3411953,
      47.6084485
     ],
     [
      -122.3411681,
      47.6084629
     ]
    ]
   },
   "properties": {
    "kind": "foot",
    "name": null,
    "inside": true,
    "level": null,
    "osm": "way/550935970"
   }
  },
  {
   "type": "Feature",
   "geometry": {
    "type": "LineString",
    "coordinates": [
     [
      -122.3413003,
      47.6083925
     ],
     [
      -122.3412538,
      47.6084185
     ]
    ]
   },
   "properties": {
    "kind": "foot",
    "name": null,
    "inside": false,
    "level": null,
    "osm": "way/550935971"
   }
  },
  {
   "type": "Feature",
   "geometry": {
    "type": "LineString",
    "coordinates": [
     [
      -122.340346,
      47.6073833
     ],
     [
      -122.340246,
      47.6074176
     ],
     [
      -122.3401698,
      47.607444
     ]
    ]
   },
   "properties": {
    "kind": "foot",
    "name": null,
    "inside": false,
    "level": null,
    "osm": "way/550935972"
   }
  },
  {
   "type": "Feature",
   "geometry": {
    "type": "LineString",
    "coordinates": [
     [
      -122.3403666,
      47.6073742
     ],
     [
      -122.340346,
      47.6073833
     ]
    ]
   },
   "properties": {
    "kind": "foot",
    "name": null,
    "inside": false,
    "level": null,
    "osm": "way/550935973"
   }
  },
  {
   "type": "Feature",
   "geometry": {
    "type": "LineString",
    "coordinates": [
     [
      -122.3419634,
      47.6091284
     ],
     [
      -122.3419359,
      47.6090975
     ],
     [
      -122.3419269,
      47.6090874
     ],
     [
      -122.3419203,
      47.6090799
     ]
    ]
   },
   "properties": {
    "kind": "foot",
    "name": null,
    "inside": true,
    "level": null,
    "osm": "way/550935975"
   }
  },
  {
   "type": "Feature",
   "geometry": {
    "type": "LineString",
    "coordinates": [
     [
      -122.3396872,
      47.6069261
     ],
     [
      -122.3392695,
      47.6064634
     ],
     [
      -122.3392579,
      47.6064512
     ],
     [
      -122.3392206,
      47.606412
     ],
     [
      -122.3391816,
      47.6063705
     ],
     [
      -122.339165,
      47.6063528
     ],
     [
      -122.3390776,
      47.6062587
     ],
     [
      -122.3387774,
      47.6059358
     ],
     [
      -122.338636,
      47.605781
     ]
    ]
   },
   "properties": {
    "kind": "foot",
    "name": null,
    "inside": false,
    "level": null,
    "osm": "way/550936588"
   }
  },
  {
   "type": "Feature",
   "geometry": {
    "type": "LineString",
    "coordinates": [
     [
      -122.3400497,
      47.6073252
     ],
     [
      -122.3396872,
      47.6069261
     ]
    ]
   },
   "properties": {
    "kind": "foot",
    "name": null,
    "inside": false,
    "level": null,
    "osm": "way/550936590"
   }
  },
  {
   "type": "Feature",
   "geometry": {
    "type": "LineString",
    "coordinates": [
     [
      -122.339781,
      47.6076363
     ],
     [
      -122.3397484,
      47.6075996
     ]
    ]
   },
   "properties": {
    "kind": "foot",
    "name": null,
    "inside": false,
    "level": null,
    "osm": "way/550936595"
   }
  },
  {
   "type": "Feature",
   "geometry": {
    "type": "LineString",
    "coordinates": [
     [
      -122.3397484,
      47.6075996
     ],
     [
      -122.339731,
      47.6075719
     ],
     [
      -122.3396983,
      47.607518
     ]
    ]
   },
   "properties": {
    "kind": "foot",
    "name": null,
    "inside": false,
    "level": null,
    "osm": "way/550936596"
   }
  },
  {
   "type": "Feature",
   "geometry": {
    "type": "LineString",
    "coordinates": [
     [
      -122.3400903,
      47.6073709
     ],
     [
      -122.340131,
      47.6074093
     ],
     [
      -122.3401698,
      47.607444
     ]
    ]
   },
   "properties": {
    "kind": "foot",
    "name": null,
    "inside": false,
    "level": null,
    "osm": "way/550936601"
   }
  },
  {
   "type": "Feature",
   "geometry": {
    "type": "LineString",
    "coordinates": [
     [
      -122.3400565,
      47.6073627
     ],
     [
      -122.3400903,
      47.6073709
     ]
    ]
   },
   "properties": {
    "kind": "foot",
    "name": null,
    "inside": false,
    "level": null,
    "osm": "way/550936604"
   }
  },
  {
   "type": "Feature",
   "geometry": {
    "type": "LineString",
    "coordinates": [
     [
      -122.3387687,
      47.6056228
     ],
     [
      -122.3387517,
      47.6056078
     ],
     [
      -122.3387311,
      47.6055896
     ]
    ]
   },
   "properties": {
    "kind": "foot",
    "name": null,
    "inside": false,
    "level": null,
    "osm": "way/550938504"
   }
  },
  {
   "type": "Feature",
   "geometry": {
    "type": "LineString",
    "coordinates": [
     [
      -122.338825,
      47.60569
     ],
     [
      -122.3387687,
      47.6056228
     ]
    ]
   },
   "properties": {
    "kind": "foot",
    "name": null,
    "inside": false,
    "level": null,
    "osm": "way/550938505"
   }
  },
  {
   "type": "Feature",
   "geometry": {
    "type": "LineString",
    "coordinates": [
     [
      -122.3386636,
      47.6055735
     ],
     [
      -122.338586,
      47.6055974
     ],
     [
      -122.3385193,
      47.6056134
     ]
    ]
   },
   "properties": {
    "kind": "foot",
    "name": null,
    "inside": false,
    "level": null,
    "osm": "way/550938506"
   }
  },
  {
   "type": "Feature",
   "geometry": {
    "type": "LineString",
    "coordinates": [
     [
      -122.3384762,
      47.605652
     ],
     [
      -122.3384924,
      47.6056655
     ]
    ]
   },
   "properties": {
    "kind": "foot",
    "name": null,
    "inside": false,
    "level": null,
    "osm": "way/550938507"
   }
  },
  {
   "type": "Feature",
   "geometry": {
    "type": "LineString",
    "coordinates": [
     [
      -122.3385024,
      47.6056173
     ],
     [
      -122.3384985,
      47.6056346
     ],
     [
      -122.3384762,
      47.605652
     ],
     [
      -122.3381217,
      47.6057983
     ],
     [
      -122.3381135,
      47.6058019
     ]
    ]
   },
   "properties": {
    "kind": "foot",
    "name": null,
    "inside": false,
    "level": null,
    "osm": "way/550938508"
   }
  },
  {
   "type": "Feature",
   "geometry": {
    "type": "LineString",
    "coordinates": [
     [
      -122.33804,
      47.6058438
     ],
     [
      -122.338105,
      47.6059133
     ],
     [
      -122.338123,
      47.6059252
     ],
     [
      -122.3381701,
      47.6059563
     ]
    ]
   },
   "properties": {
    "kind": "foot",
    "name": null,
    "inside": false,
    "level": null,
    "osm": "way/550938510"
   }
  },
  {
   "type": "Feature",
   "geometry": {
    "type": "LineString",
    "coordinates": [
     [
      -122.3385625,
      47.6057742
     ],
     [
      -122.338522,
      47.6057129
     ],
     [
      -122.3384924,
      47.6056655
     ]
    ]
   },
   "properties": {
    "kind": "foot",
    "name": null,
    "inside": false,
    "level": null,
    "osm": "way/550938511"
   }
  },
  {
   "type": "Feature",
   "geometry": {
    "type": "LineString",
    "coordinates": [
     [
      -122.3385751,
      47.6057871
     ],
     [
      -122.3385625,
      47.6057742
     ]
    ]
   },
   "properties": {
    "kind": "foot",
    "name": null,
    "inside": false,
    "level": null,
    "osm": "way/550938512"
   }
  },
  {
   "type": "Feature",
   "geometry": {
    "type": "LineString",
    "coordinates": [
     [
      -122.3387914,
      47.6057194
     ],
     [
      -122.3388176,
      47.605709
     ]
    ]
   },
   "properties": {
    "kind": "foot",
    "name": null,
    "inside": false,
    "level": null,
    "osm": "way/550938513"
   }
  },
  {
   "type": "Feature",
   "geometry": {
    "type": "LineString",
    "coordinates": [
     [
      -122.3386583,
      47.6057721
     ],
     [
      -122.338723,
      47.6057461
     ],
     [
      -122.3387914,
      47.6057194
     ]
    ]
   },
   "properties": {
    "kind": "foot",
    "name": null,
    "inside": false,
    "level": null,
    "osm": "way/550938515"
   }
  },
  {
   "type": "Feature",
   "geometry": {
    "type": "LineString",
    "coordinates": [
     [
      -122.338636,
      47.605781
     ],
     [
      -122.3386583,
      47.6057721
     ]
    ]
   },
   "properties": {
    "kind": "foot",
    "name": null,
    "inside": false,
    "level": null,
    "osm": "way/550938517"
   }
  },
  {
   "type": "Feature",
   "geometry": {
    "type": "LineString",
    "coordinates": [
     [
      -122.3392108,
      47.6063331
     ],
     [
      -122.339165,
      47.6063528
     ]
    ]
   },
   "properties": {
    "kind": "foot",
    "name": null,
    "inside": false,
    "level": null,
    "osm": "way/550938518"
   }
  },
  {
   "type": "Feature",
   "geometry": {
    "type": "LineString",
    "coordinates": [
     [
      -122.339296,
      47.6062643
     ],
     [
      -122.339248,
      47.6063026
     ],
     [
      -122.3392108,
      47.6063331
     ]
    ]
   },
   "properties": {
    "kind": "foot",
    "name": null,
    "inside": false,
    "level": null,
    "osm": "way/550938520"
   }
  },
  {
   "type": "Feature",
   "geometry": {
    "type": "LineString",
    "coordinates": [
     [
      -122.3393387,
      47.6062457
     ],
     [
      -122.339296,
      47.6062643
     ]
    ]
   },
   "properties": {
    "kind": "foot",
    "name": null,
    "inside": false,
    "level": null,
    "osm": "way/550938521"
   }
  },
  {
   "type": "Feature",
   "geometry": {
    "type": "LineString",
    "coordinates": [
     [
      -122.3399319,
      47.6060605
     ],
     [
      -122.3399607,
      47.606095
     ],
     [
      -122.339996,
      47.606136
     ]
    ]
   },
   "properties": {
    "kind": "foot",
    "name": null,
    "inside": false,
    "level": null,
    "osm": "way/550938522"
   }
  },
  {
   "type": "Feature",
   "geometry": {
    "type": "LineString",
    "coordinates": [
     [
      -122.33991,
      47.606047
     ],
     [
      -122.3399319,
      47.6060605
     ]
    ]
   },
   "properties": {
    "kind": "foot",
    "name": null,
    "inside": false,
    "level": null,
    "osm": "way/550938523"
   }
  },
  {
   "type": "Feature",
   "geometry": {
    "type": "LineString",
    "coordinates": [
     [
      -122.3393387,
      47.6062457
     ],
     [
      -122.3391701,
      47.6060663
     ],
     [
      -122.3388794,
      47.6057597
     ],
     [
      -122.3388442,
      47.605739
     ],
     [
      -122.3388176,
      47.605709
     ]
    ]
   },
   "properties": {
    "kind": "foot",
    "name": null,
    "inside": false,
    "level": null,
    "osm": "way/550938527"
   }
  },
  {
   "type": "Feature",
   "geometry": {
    "type": "LineString",
    "coordinates": [
     [
      -122.3394375,
      47.6062718
     ],
     [
      -122.3394198,
      47.6062531
     ]
    ]
   },
   "properties": {
    "kind": "foot",
    "name": null,
    "inside": false,
    "level": null,
    "osm": "way/550938528"
   }
  },
  {
   "type": "Feature",
   "geometry": {
    "type": "LineString",
    "coordinates": [
     [
      -122.3394883,
      47.6063536
     ],
     [
      -122.339458,
      47.606306
     ],
     [
      -122.3394375,
      47.6062718
     ]
    ]
   },
   "properties": {
    "kind": "foot",
    "name": null,
    "inside": false,
    "level": null,
    "osm": "way/550938529"
   }
  },
  {
   "type": "Feature",
   "geometry": {
    "type": "LineString",
    "coordinates": [
     [
      -122.3395198,
      47.6063877
     ],
     [
      -122.3394883,
      47.6063536
     ]
    ]
   },
   "properties": {
    "kind": "foot",
    "name": null,
    "inside": false,
    "level": null,
    "osm": "way/550938530"
   }
  },
  {
   "type": "Feature",
   "geometry": {
    "type": "LineString",
    "coordinates": [
     [
      -122.3393144,
      47.606445
     ],
     [
      -122.3392695,
      47.6064634
     ]
    ]
   },
   "properties": {
    "kind": "foot",
    "name": null,
    "inside": false,
    "level": null,
    "osm": "way/550938531"
   }
  },
  {
   "type": "Feature",
   "geometry": {
    "type": "LineString",
    "coordinates": [
     [
      -122.3394428,
      47.6064069
     ],
     [
      -122.339365,
      47.6064298
     ],
     [
      -122.3393144,
      47.606445
     ]
    ]
   },
   "properties": {
    "kind": "foot",
    "name": null,
    "inside": false,
    "level": null,
    "osm": "way/550938532"
   }
  },
  {
   "type": "Feature",
   "geometry": {
    "type": "LineString",
    "coordinates": [
     [
      -122.3394988,
      47.6064047
     ],
     [
      -122.3394428,
      47.6064069
     ]
    ]
   },
   "properties": {
    "kind": "foot",
    "name": null,
    "inside": false,
    "level": null,
    "osm": "way/550938533"
   }
  },
  {
   "type": "Feature",
   "geometry": {
    "type": "LineString",
    "coordinates": [
     [
      -122.3387031,
      47.6055585
     ],
     [
      -122.3382443,
      47.6050528
     ],
     [
      -122.3381743,
      47.6049758
     ],
     [
      -122.3381738,
      47.6049676
     ]
    ]
   },
   "properties": {
    "kind": "foot",
    "name": null,
    "inside": false,
    "level": null,
    "osm": "way/550940560"
   }
  },
  {
   "type": "Feature",
   "geometry": {
    "type": "LineString",
    "coordinates": [
     [
      -122.3401102,
      47.605921
     ],
     [
      -122.340026,
      47.6059529
     ],
     [
      -122.339947,
      47.6059829
     ]
    ]
   },
   "properties": {
    "kind": "foot",
    "name": null,
    "inside": false,
    "level": null,
    "osm": "way/550942142"
   }
  },
  {
   "type": "Feature",
   "geometry": {
    "type": "LineString",
    "coordinates": [
     [
      -122.339947,
      47.6059829
     ],
     [
      -122.3399081,
      47.6059984
     ]
    ]
   },
   "properties": {
    "kind": "foot",
    "name": null,
    "inside": false,
    "level": null,
    "osm": "way/550942143"
   }
  },
  {
   "type": "Feature",
   "geometry": {
    "type": "LineString",
    "coordinates": [
     [
      -122.3400942,
      47.6061507
     ],
     [
      -122.3401721,
      47.606109
     ],
     [
      -122.3402467,
      47.6060695
     ]
    ]
   },
   "properties": {
    "kind": "foot",
    "name": null,
    "inside": false,
    "level": null,
    "osm": "way/550942148"
   }
  },
  {
   "type": "Feature",
   "geometry": {
    "type": "LineString",
    "coordinates": [
     [
      -122.340317,
      47.60604
     ],
     [
      -122.3403962,
      47.6060079
     ],
     [
      -122.3405037,
      47.6059643
     ],
     [
      -122.3405956,
      47.6059273
     ]
    ]
   },
   "properties": {
    "kind": "foot",
    "name": null,
    "inside": false,
    "level": null,
    "osm": "way/550942149"
   }
  },
  {
   "type": "Feature",
   "geometry": {
    "type": "LineString",
    "coordinates": [
     [
      -122.3408937,
      47.6070155
     ],
     [
      -122.3409778,
      47.6069873
     ],
     [
      -122.3410647,
      47.6069583
     ]
    ]
   },
   "properties": {
    "kind": "foot",
    "name": null,
    "inside": false,
    "level": null,
    "osm": "way/550944197"
   }
  },
  {
   "type": "Feature",
   "geometry": {
    "type": "LineString",
    "coordinates": [
     [
      -122.3414105,
      47.6068172
     ],
     [
      -122.3412986,
      47.6068656
     ],
     [
      -122.3412003,
      47.6069037
     ],
     [
      -122.3411284,
      47.6069316
     ]
    ]
   },
   "properties": {
    "kind": "foot",
    "name": null,
    "inside": false,
    "level": null,
    "osm": "way/550944223"
   }
  },
  {
   "type": "Feature",
   "geometry": {
    "type": "LineString",
    "coordinates": [
     [
      -122.3407833,
      47.6097833
     ],
     [
      -122.3407515,
      47.6097949
     ]
    ]
   },
   "properties": {
    "kind": "foot",
    "name": null,
    "inside": false,
    "level": null,
    "osm": "way/550947955"
   }
  },
  {
   "type": "Feature",
   "geometry": {
    "type": "LineString",
    "coordinates": [
     [
      -122.3409641,
      47.6097137
     ],
     [
      -122.3408246,
      47.6097674
     ],
     [
      -122.3407833,
      47.6097833
     ]
    ]
   },
   "properties": {
    "kind": "foot",
    "name": null,
    "inside": true,
    "level": null,
    "osm": "way/550947956"
   }
  },
  {
   "type": "Feature",
   "geometry": {
    "type": "LineString",
    "coordinates": [
     [
      -122.3408429,
      47.609908
     ],
     [
      -122.3408762,
      47.6099436
     ]
    ]
   },
   "properties": {
    "kind": "foot",
    "name": null,
    "inside": false,
    "level": null,
    "osm": "way/550947957"
   }
  },
  {
   "type": "Feature",
   "geometry": {
    "type": "LineString",
    "coordinates": [
     [
      -122.3407799,
      47.6098335
     ],
     [
      -122.3408149,
      47.6098749
     ],
     [
      -122.3408429,
      47.609908
     ]
    ]
   },
   "properties": {
    "kind": "foot",
    "name": null,
    "inside": false,
    "level": null,
    "osm": "way/550947958"
   }
  },
  {
   "type": "Feature",
   "geometry": {
    "type": "LineString",
    "coordinates": [
     [
      -122.3411065,
      47.6098699
     ],
     [
      -122.3411282,
      47.6098611
     ]
    ]
   },
   "properties": {
    "kind": "foot",
    "name": null,
    "inside": true,
    "level": null,
    "osm": "way/550947959"
   }
  },
  {
   "type": "Feature",
   "geometry": {
    "type": "LineString",
    "coordinates": [
     [
      -122.3409028,
      47.6099219
     ],
     [
      -122.3409513,
      47.6099095
     ],
     [
      -122.3411065,
      47.6098699
     ]
    ]
   },
   "properties": {
    "kind": "foot",
    "name": null,
    "inside": true,
    "level": null,
    "osm": "way/550947960"
   }
  },
  {
   "type": "Feature",
   "geometry": {
    "type": "LineString",
    "coordinates": [
     [
      -122.3408762,
      47.6099436
     ],
     [
      -122.3409028,
      47.6099219
     ]
    ]
   },
   "properties": {
    "kind": "foot",
    "name": null,
    "inside": false,
    "level": null,
    "osm": "way/550947961"
   }
  },
  {
   "type": "Feature",
   "geometry": {
    "type": "LineString",
    "coordinates": [
     [
      -122.3407415,
      47.6098131
     ],
     [
      -122.3407799,
      47.6098335
     ]
    ]
   },
   "properties": {
    "kind": "foot",
    "name": null,
    "inside": false,
    "level": null,
    "osm": "way/550947962"
   }
  },
  {
   "type": "Feature",
   "geometry": {
    "type": "LineString",
    "coordinates": [
     [
      -122.3410039,
      47.6096973
     ],
     [
      -122.3409942,
      47.6097017
     ]
    ]
   },
   "properties": {
    "kind": "foot",
    "name": null,
    "inside": true,
    "level": null,
    "osm": "way/550947963"
   }
  },
  {
   "type": "Feature",
   "geometry": {
    "type": "LineString",
    "coordinates": [
     [
      -122.3410128,
      47.6097042
     ],
     [
      -122.3410039,
      47.6096973
     ]
    ]
   },
   "properties": {
    "kind": "foot",
    "name": null,
    "inside": true,
    "level": null,
    "osm": "way/550947964"
   }
  },
  {
   "type": "Feature",
   "geometry": {
    "type": "LineString",
    "coordinates": [
     [
      -122.3411114,
      47.6097965
     ],
     [
      -122.3410798,
      47.6097649
     ],
     [
      -122.3410406,
      47.6097256
     ]
    ]
   },
   "properties": {
    "kind": "foot",
    "name": null,
    "inside": true,
    "level": null,
    "osm": "way/550947965"
   }
  },
  {
   "type": "Feature",
   "geometry": {
    "type": "LineString",
    "coordinates": [
     [
      -122.3411372,
      47.6098227
     ],
     [
      -122.3411114,
      47.6097965
     ]
    ]
   },
   "properties": {
    "kind": "foot",
    "name": null,
    "inside": true,
    "level": null,
    "osm": "way/550947966"
   }
  },
  {
   "type": "Feature",
   "geometry": {
    "type": "LineString",
    "coordinates": [
     [
      -122.3408762,
      47.6099436
     ],
     [
      -122.3408946,
      47.60995
     ],
     [
      -122.3411914,
      47.6102805
     ],
     [
      -122.3411869,
      47.6103013
     ],
     [
      -122.3411687,
      47.610316
     ]
    ]
   },
   "properties": {
    "kind": "foot",
    "name": null,
    "inside": false,
    "level": null,
    "osm": "way/550947967"
   }
  },
  {
   "type": "Feature",
   "geometry": {
    "type": "LineString",
    "coordinates": [
     [
      -122.3399753,
      47.6089419
     ],
     [
      -122.340307,
      47.6093066
     ],
     [
      -122.3404247,
      47.6094361
     ],
     [
      -122.3407515,
      47.6097949
     ]
    ]
   },
   "properties": {
    "kind": "foot",
    "name": null,
    "inside": false,
    "level": null,
    "osm": "way/550947969"
   }
  },
  {
   "type": "Feature",
   "geometry": {
    "type": "LineString",
    "coordinates": [
     [
      -122.3413006,
      47.6104219
     ],
     [
      -122.3413065,
      47.6104361
     ]
    ]
   },
   "properties": {
    "kind": "foot",
    "name": null,
    "inside": false,
    "level": null,
    "osm": "way/550948307"
   }
  },
  {
   "type": "Feature",
   "geometry": {
    "type": "LineString",
    "coordinates": [
     [
      -122.3411845,
      47.6103254
     ],
     [
      -122.3412389,
      47.6103707
     ],
     [
      -122.3413006,
      47.6104219
     ]
    ]
   },
   "properties": {
    "kind": "foot",
    "name": null,
    "inside": false,
    "level": null,
    "osm": "way/550948308"
   }
  },
  {
   "type": "Feature",
   "geometry": {
    "type": "LineString",
    "coordinates": [
     [
      -122.3414983,
      47.6103002
     ],
     [
      -122.3415184,
      47.610292
     ]
    ]
   },
   "properties": {
    "kind": "foot",
    "name": null,
    "inside": true,
    "level": null,
    "osm": "way/550948309"
   }
  },
  {
   "type": "Feature",
   "geometry": {
    "type": "LineString",
    "coordinates": [
     [
      -122.3413401,
      47.6104189
     ],
     [
      -122.3414096,
      47.6103668
     ],
     [
      -122.3414983,
      47.6103002
     ]
    ]
   },
   "properties": {
    "kind": "foot",
    "name": null,
    "inside": true,
    "level": null,
    "osm": "way/550948310"
   }
  },
  {
   "type": "Feature",
   "geometry": {
    "type": "LineString",
    "coordinates": [
     [
      -122.341426,
      47.6101692
     ],
     [
      -122.3414252,
      47.610157
     ]
    ]
   },
   "properties": {
    "kind": "foot",
    "name": null,
    "inside": true,
    "level": null,
    "osm": "way/550948311"
   }
  },
  {
   "type": "Feature",
   "geometry": {
    "type": "LineString",
    "coordinates": [
     [
      -122.341504,
      47.6102531
     ],
     [
      -122.3414552,
      47.6102006
     ],
     [
      -122.341426,
      47.6101692
     ]
    ]
   },
   "properties": {
    "kind": "foot",
    "name": null,
    "inside": true,
    "level": null,
    "osm": "way/550948312"
   }
  },
  {
   "type": "Feature",
   "geometry": {
    "type": "LineString",
    "coordinates": [
     [
      -122.341222,
      47.6102653
     ],
     [
      -122.3411914,
      47.6102805
     ]
    ]
   },
   "properties": {
    "kind": "foot",
    "name": null,
    "inside": false,
    "level": null,
    "osm": "way/550948313"
   }
  },
  {
   "type": "Feature",
   "geometry": {
    "type": "LineString",
    "coordinates": [
     [
      -122.3413446,
      47.6101297
     ],
     [
      -122.3412486,
      47.6102359
     ],
     [
      -122.341222,
      47.6102653
     ]
    ]
   },
   "properties": {
    "kind": "foot",
    "name": null,
    "inside": true,
    "level": null,
    "osm": "way/550948314"
   }
  },
  {
   "type": "Feature",
   "geometry": {
    "type": "LineString",
    "coordinates": [
     [
      -122.3413382,
      47.6104347
     ],
     [
      -122.3413401,
      47.6104189
     ]
    ]
   },
   "properties": {
    "kind": "foot",
    "name": null,
    "inside": false,
    "level": null,
    "osm": "way/550948315"
   }
  },
  {
   "type": "Feature",
   "geometry": {
    "type": "LineString",
    "coordinates": [
     [
      -122.3415199,
      47.6102614
     ],
     [
      -122.341504,
      47.6102531
     ]
    ]
   },
   "properties": {
    "kind": "foot",
    "name": null,
    "inside": true,
    "level": null,
    "osm": "way/550948316"
   }
  },
  {
   "type": "Feature",
   "geometry": {
    "type": "LineString",
    "coordinates": [
     [
      -122.3411687,
      47.610316
     ],
     [
      -122.3411845,
      47.6103254
     ]
    ]
   },
   "properties": {
    "kind": "foot",
    "name": null,
    "inside": false,
    "level": null,
    "osm": "way/550948317"
   }
  },
  {
   "type": "Feature",
   "geometry": {
    "type": "LineString",
    "coordinates": [
     [
      -122.3413654,
      47.6101213
     ],
     [
      -122.3413446,
      47.6101297
     ]
    ]
   },
   "properties": {
    "kind": "foot",
    "name": null,
    "inside": true,
    "level": null,
    "osm": "way/550948318"
   }
  },
  {
   "type": "Feature",
   "geometry": {
    "type": "LineString",
    "coordinates": [
     [
      -122.3413065,
      47.6104361
     ],
     [
      -122.3413382,
      47.6104347
     ],
     [
      -122.342427,
      47.611073
     ],
     [
      -122.3424384,
      47.6110885
     ]
    ]
   },
   "properties": {
    "kind": "foot",
    "name": null,
    "inside": false,
    "level": null,
    "osm": "way/550948319"
   }
  },
  {
   "type": "Feature",
   "geometry": {
    "type": "LineString",
    "coordinates": [
     [
      -122.3404144,
      47.6110977
     ],
     [
      -122.3404294,
      47.611107
     ]
    ]
   },
   "properties": {
    "kind": "foot",
    "name": null,
    "inside": false,
    "level": null,
    "osm": "way/550959107"
   }
  },
  {
   "type": "Feature",
   "geometry": {
    "type": "LineString",
    "coordinates": [
     [
      -122.3402905,
      47.6110155
     ],
     [
      -122.3403471,
      47.611053
     ],
     [
      -122.3404144,
      47.6110977
     ]
    ]
   },
   "properties": {
    "kind": "foot",
    "name": null,
    "inside": false,
    "level": null,
    "osm": "way/550959108"
   }
  },
  {
   "type": "Feature",
   "geometry": {
    "type": "LineString",
    "coordinates": [
     [
      -122.3405411,
      47.6108455
     ],
     [
      -122.340514,
      47.6108293
     ]
    ]
   },
   "properties": {
    "kind": "foot",
    "name": null,
    "inside": false,
    "level": null,
    "osm": "way/550959109"
   }
  },
  {
   "type": "Feature",
   "geometry": {
    "type": "LineString",
    "coordinates": [
     [
      -122.3406612,
      47.6109042
     ],
     [
      -122.340588,
      47.6108685
     ],
     [
      -122.3405411,
      47.6108455
     ]
    ]
   },
   "properties": {
    "kind": "foot",
    "name": null,
    "inside": false,
    "level": null,
    "osm": "way/550959110"
   }
  },
  {
   "type": "Feature",
   "geometry": {
    "type": "LineString",
    "coordinates": [
     [
      -122.3406369,
      47.6109625
     ],
     [
      -122.3406552,
      47.6109479
     ]
    ]
   },
   "properties": {
    "kind": "foot",
    "name": null,
    "inside": false,
    "level": null,
    "osm": "way/550959111"
   }
  },
  {
   "type": "Feature",
   "geometry": {
    "type": "LineString",
    "coordinates": [
     [
      -122.3404741,
      47.61108
     ],
     [
      -122.3404861,
      47.6110714
     ],
     [
      -122.3405676,
      47.6110125
     ],
     [
      -122.3406369,
      47.6109625
     ]
    ]
   },
   "properties": {
    "kind": "foot",
    "name": null,
    "inside": false,
    "level": null,
    "osm": "way/550959112"
   }
  },
  {
   "type": "Feature",
   "geometry": {
    "type": "LineString",
    "coordinates": [
     [
      -122.3403177,
      47.6109728
     ],
     [
      -122.3402843,
      47.6109872
     ]
    ]
   },
   "properties": {
    "kind": "foot",
    "name": null,
    "inside": false,
    "level": null,
    "osm": "way/550959113"
   }
  },
  {
   "type": "Feature",
   "geometry": {
    "type": "LineString",
    "coordinates": [
     [
      -122.3404834,
      47.6108441
     ],
     [
      -122.3404062,
      47.610904
     ],
     [
      -122.3403326,
      47.6109612
     ],
     [
      -122.3403177,
      47.6109728
     ]
    ]
   },
   "properties": {
    "kind": "foot",
    "name": null,
    "inside": false,
    "level": null,
    "osm": "way/550959114"
   }
  },
  {
   "type": "Feature",
   "geometry": {
    "type": "LineString",
    "coordinates": [
     [
      -122.3404569,
      47.6110935
     ],
     [
      -122.3404741,
      47.61108
     ]
    ]
   },
   "properties": {
    "kind": "foot",
    "name": null,
    "inside": false,
    "level": null,
    "osm": "way/550959115"
   }
  },
  {
   "type": "Feature",
   "geometry": {
    "type": "LineString",
    "coordinates": [
     [
      -122.3402733,
      47.6110053
     ],
     [
      -122.3402905,
      47.6110155
     ]
    ]
   },
   "properties": {
    "kind": "foot",
    "name": null,
    "inside": false,
    "level": null,
    "osm": "way/550959116"
   }
  },
  {
   "type": "Feature",
   "geometry": {
    "type": "LineString",
    "coordinates": [
     [
      -122.3405012,
      47.6108332
     ],
     [
      -122.3404834,
      47.6108441
     ]
    ]
   },
   "properties": {
    "kind": "foot",
    "name": null,
    "inside": false,
    "level": null,
    "osm": "way/550959117"
   }
  },
  {
   "type": "Feature",
   "geometry": {
    "type": "LineString",
    "coordinates": [
     [
      -122.3406784,
      47.6109136
     ],
     [
      -122.3406612,
      47.6109042
     ]
    ]
   },
   "properties": {
    "kind": "foot",
    "name": null,
    "inside": false,
    "level": null,
    "osm": "way/550959118"
   }
  },
  {
   "type": "Feature",
   "geometry": {
    "type": "LineString",
    "coordinates": [
     [
      -122.3404569,
      47.6110935
     ],
     [
      -122.3415775,
      47.6117556
     ],
     [
      -122.3415707,
      47.6117703
     ]
    ]
   },
   "properties": {
    "kind": "foot",
    "name": null,
    "inside": false,
    "level": null,
    "osm": "way/550959119"
   }
  },
  {
   "type": "Feature",
   "geometry": {
    "type": "LineString",
    "coordinates": [
     [
      -122.3397663,
      47.6104182
     ],
     [
      -122.3402843,
      47.6109872
     ]
    ]
   },
   "properties": {
    "kind": "foot",
    "name": null,
    "inside": false,
    "level": null,
    "osm": "way/550959120"
   }
  },
  {
   "type": "Feature",
   "geometry": {
    "type": "LineString",
    "coordinates": [
     [
      -122.3399292,
      47.6101868
     ],
     [
      -122.3399077,
      47.6101648
     ]
    ]
   },
   "properties": {
    "kind": "foot",
    "name": null,
    "inside": false,
    "level": null,
    "osm": "way/550959647"
   }
  },
  {
   "type": "Feature",
   "geometry": {
    "type": "LineString",
    "coordinates": [
     [
      -122.3399963,
      47.6102633
     ],
     [
      -122.3399657,
      47.6102283
     ],
     [
      -122.3399292,
      47.6101868
     ]
    ]
   },
   "properties": {
    "kind": "foot",
    "name": null,
    "inside": false,
    "level": null,
    "osm": "way/550959648"
   }
  },
  {
   "type": "Feature",
   "geometry": {
    "type": "LineString",
    "coordinates": [
     [
      -122.3396662,
      47.6102701
     ],
     [
      -122.339636,
      47.6102731
     ]
    ]
   },
   "properties": {
    "kind": "foot",
    "name": null,
    "inside": false,
    "level": null,
    "osm": "way/550959649"
   }
  },
  {
   "type": "Feature",
   "geometry": {
    "type": "LineString",
    "coordinates": [
     [
      -122.3398736,
      47.6101753
     ],
     [
      -122.3397829,
      47.6102168
     ],
     [
      -122.3396855,
      47.6102613
     ],
     [
      -122.3396662,
      47.6102701
     ]
    ]
   },
   "properties": {
    "kind": "foot",
    "name": null,
    "inside": false,
    "level": null,
    "osm": "way/550959650"
   }
  },
  {
   "type": "Feature",
   "geometry": {
    "type": "LineString",
    "coordinates": [
     [
      -122.3397174,
      47.6103819
     ],
     [
      -122.3397421,
      47.6104077
     ]
    ]
   },
   "properties": {
    "kind": "foot",
    "name": null,
    "inside": false,
    "level": null,
    "osm": "way/550959651"
   }
  },
  {
   "type": "Feature",
   "geometry": {
    "type": "LineString",
    "coordinates": [
     [
      -122.3396485,
      47.6103092
     ],
     [
      -122.3396826,
      47.6103452
     ],
     [
      -122.3397174,
      47.6103819
     ]
    ]
   },
   "properties": {
    "kind": "foot",
    "name": null,
    "inside": false,
    "level": null,
    "osm": "way/550959652"
   }
  },
  {
   "type": "Feature",
   "geometry": {
    "type": "LineString",
    "coordinates": [
     [
      -122.3399969,
      47.6103171
     ],
     [
      -122.3400188,
      47.6103077
     ]
    ]
   },
   "properties": {
    "kind": "foot",
    "name": null,
    "inside": false,
    "level": null,
    "osm": "way/550959653"
   }
  },
  {
   "type": "Feature",
   "geometry": {
    "type": "LineString",
    "coordinates": [
     [
      -122.3397863,
      47.6103975
     ],
     [
      -122.339805,
      47.6103903
     ],
     [
      -122.3399057,
      47.6103519
     ],
     [
      -122.3399969,
      47.6103171
     ]
    ]
   },
   "properties": {
    "kind": "foot",
    "name": null,
    "inside": false,
    "level": null,
    "osm": "way/550959654"
   }
  },
  {
   "type": "Feature",
   "geometry": {
    "type": "LineString",
    "coordinates": [
     [
      -122.3400261,
      47.6102946
     ],
     [
      -122.3399963,
      47.6102633
     ]
    ]
   },
   "properties": {
    "kind": "foot",
    "name": null,
    "inside": false,
    "level": null,
    "osm": "way/550959655"
   }
  },
  {
   "type": "Feature",
   "geometry": {
    "type": "LineString",
    "coordinates": [
     [
      -122.3397663,
      47.6104182
     ],
     [
      -122.3397863,
      47.6103975
     ]
    ]
   },
   "properties": {
    "kind": "foot",
    "name": null,
    "inside": false,
    "level": null,
    "osm": "way/550959656"
   }
  },
  {
   "type": "Feature",
   "geometry": {
    "type": "LineString",
    "coordinates": [
     [
      -122.3396219,
      47.6102793
     ],
     [
      -122.3396485,
      47.6103092
     ]
    ]
   },
   "properties": {
    "kind": "foot",
    "name": null,
    "inside": false,
    "level": null,
    "osm": "way/550959657"
   }
  },
  {
   "type": "Feature",
   "geometry": {
    "type": "LineString",
    "coordinates": [
     [
      -122.3398929,
      47.6101671
     ],
     [
      -122.3398736,
      47.6101753
     ]
    ]
   },
   "properties": {
    "kind": "foot",
    "name": null,
    "inside": false,
    "level": null,
    "osm": "way/550959658"
   }
  },
  {
   "type": "Feature",
   "geometry": {
    "type": "LineString",
    "coordinates": [
     [
      -122.339636,
      47.6102731
     ],
     [
      -122.3396315,
      47.6102607
     ],
     [
      -122.3394351,
      47.6100473
     ],
     [
      -122.3390541,
      47.6096323
     ],
     [
      -122.3388821,
      47.6094449
     ]
    ]
   },
   "properties": {
    "kind": "foot",
    "name": null,
    "inside": false,
    "level": null,
    "osm": "way/550959659"
   }
  },
  {
   "type": "Feature",
   "geometry": {
    "type": "LineString",
    "coordinates": [
     [
      -122.3390664,
      47.6091816
     ],
     [
      -122.3390453,
      47.6091586
     ]
    ]
   },
   "properties": {
    "kind": "foot",
    "name": null,
    "inside": false,
    "level": null,
    "osm": "way/550960242"
   }
  },
  {
   "type": "Feature",
   "geometry": {
    "type": "LineString",
    "coordinates": [
     [
      -122.3391215,
      47.6092395
     ],
     [
      -122.3391014,
      47.6092183
     ],
     [
      -122.3390664,
      47.6091816
     ]
    ]
   },
   "properties": {
    "kind": "foot",
    "name": null,
    "inside": false,
    "level": null,
    "osm": "way/550960243"
   }
  },
  {
   "type": "Feature",
   "geometry": {
    "type": "LineString",
    "coordinates": [
     [
      -122.3391078,
      47.6093458
     ],
     [
      -122.3391355,
      47.6093339
     ]
    ]
   },
   "properties": {
    "kind": "foot",
    "name": null,
    "inside": false,
    "level": null,
    "osm": "way/550960244"
   }
  },
  {
   "type": "Feature",
   "geometry": {
    "type": "LineString",
    "coordinates": [
     [
      -122.3389098,
      47.6094325
     ],
     [
      -122.3389235,
      47.6094265
     ],
     [
      -122.3390192,
      47.6093846
     ],
     [
      -122.3391078,
      47.6093458
     ]
    ]
   },
   "properties": {
    "kind": "foot",
    "name": null,
    "inside": false,
    "level": null,
    "osm": "way/550960245"
   }
  },
  {
   "type": "Feature",
   "geometry": {
    "type": "LineString",
    "coordinates": [
     [
      -122.3387687,
      47.6094101
     ],
     [
      -122.338787,
      47.6094287
     ]
    ]
   },
   "properties": {
    "kind": "foot",
    "name": null,
    "inside": false,
    "level": null,
    "osm": "way/550960246"
   }
  },
  {
   "type": "Feature",
   "geometry": {
    "type": "LineString",
    "coordinates": [
     [
      -122.3387018,
      47.6093311
     ],
     [
      -122.338743,
      47.6093798
     ],
     [
      -122.3387687,
      47.6094101
     ]
    ]
   },
   "properties": {
    "kind": "foot",
    "name": null,
    "inside": false,
    "level": null,
    "osm": "way/550960247"
   }
  },
  {
   "type": "Feature",
   "geometry": {
    "type": "LineString",
    "coordinates": [
     [
      -122.3387593,
      47.6092602
     ],
     [
      -122.3387358,
      47.6092702
     ]
    ]
   },
   "properties": {
    "kind": "foot",
    "name": null,
    "inside": false,
    "level": null,
    "osm": "way/550960248"
   }
  },
  {
   "type": "Feature",
   "geometry": {
    "type": "LineString",
    "coordinates": [
     [
      -122.3389273,
      47.6091582
     ],
     [
      -122.3388528,
      47.6092034
     ],
     [
      -122.3387699,
      47.6092538
     ],
     [
      -122.3387593,
      47.6092602
     ]
    ]
   },
   "properties": {
    "kind": "foot",
    "name": null,
    "inside": false,
    "level": null,
    "osm": "way/550960249"
   }
  },
  {
   "type": "Feature",
   "geometry": {
    "type": "LineString",
    "coordinates": [
     [
      -122.3391448,
      47.6092641
     ],
     [
      -122.3391215,
      47.6092395
     ]
    ]
   },
   "properties": {
    "kind": "foot",
    "name": null,
    "inside": false,
    "level": null,
    "osm": "way/550960250"
   }
  },
  {
   "type": "Feature",
   "geometry": {
    "type": "LineString",
    "coordinates": [
     [
      -122.3388821,
      47.6094449
     ],
     [
      -122.3389098,
      47.6094325
     ]
    ]
   },
   "properties": {
    "kind": "foot",
    "name": null,
    "inside": false,
    "level": null,
    "osm": "way/550960251"
   }
  },
  {
   "type": "Feature",
   "geometry": {
    "type": "LineString",
    "coordinates": [
     [
      -122.3386773,
      47.6093052
     ],
     [
      -122.3387018,
      47.6093311
     ]
    ]
   },
   "properties": {
    "kind": "foot",
    "name": null,
    "inside": false,
    "level": null,
    "osm": "way/550960252"
   }
  },
  {
   "type": "Feature",
   "geometry": {
    "type": "LineString",
    "coordinates": [
     [
      -122.338965,
      47.6091426
     ],
     [
      -122.3389273,
      47.6091582
     ]
    ]
   },
   "properties": {
    "kind": "foot",
    "name": null,
    "inside": false,
    "level": null,
    "osm": "way/550960253"
   }
  },
  {
   "type": "Feature",
   "geometry": {
    "type": "LineString",
    "coordinates": [
     [
      -122.3387358,
      47.6092702
     ],
     [
      -122.3379493,
      47.6084127
     ]
    ]
   },
   "properties": {
    "kind": "foot",
    "name": null,
    "inside": false,
    "level": null,
    "osm": "way/550960254"
   }
  },
  {
   "type": "Feature",
   "geometry": {
    "type": "LineString",
    "coordinates": [
     [
      -122.3380351,
      47.608181
     ],
     [
      -122.3379486,
      47.6082227
     ],
     [
      -122.3378632,
      47.608264
     ],
     [
      -122.3378522,
      47.6082693
     ]
    ]
   },
   "properties": {
    "kind": "foot",
    "name": null,
    "inside": false,
    "level": null,
    "osm": "way/550960697"
   }
  },
  {
   "type": "Feature",
   "geometry": {
    "type": "LineString",
    "coordinates": [
     [
      -122.3380942,
      47.6081902
     ],
     [
      -122.3380882,
      47.6081739
     ]
    ]
   },
   "properties": {
    "kind": "foot",
    "name": null,
    "inside": false,
    "level": null,
    "osm": "way/550960698"
   }
  },
  {
   "type": "Feature",
   "geometry": {
    "type": "LineString",
    "coordinates": [
     [
      -122.3381945,
      47.6082835
     ],
     [
      -122.3381412,
      47.6082342
     ],
     [
      -122.3380942,
      47.6081902
     ]
    ]
   },
   "properties": {
    "kind": "foot",
    "name": null,
    "inside": false,
    "level": null,
    "osm": "way/550960699"
   }
  },
  {
   "type": "Feature",
   "geometry": {
    "type": "LineString",
    "coordinates": [
     [
      -122.338171,
      47.6083251
     ],
     [
      -122.3382058,
      47.6083113
     ]
    ]
   },
   "properties": {
    "kind": "foot",
    "name": null,
    "inside": false,
    "level": null,
    "osm": "way/550960700"
   }
  },
  {
   "type": "Feature",
   "geometry": {
    "type": "LineString",
    "coordinates": [
     [
      -122.3379749,
      47.6084022
     ],
     [
      -122.3379855,
      47.608398
     ],
     [
      -122.3380772,
      47.608362
     ],
     [
      -122.338171,
      47.6083251
     ]
    ]
   },
   "properties": {
    "kind": "foot",
    "name": null,
    "inside": false,
    "level": null,
    "osm": "way/550960701"
   }
  },
  {
   "type": "Feature",
   "geometry": {
    "type": "LineString",
    "coordinates": [
     [
      -122.338211,
      47.6082993
     ],
     [
      -122.3381945,
      47.6082835
     ]
    ]
   },
   "properties": {
    "kind": "foot",
    "name": null,
    "inside": false,
    "level": null,
    "osm": "way/550960704"
   }
  },
  {
   "type": "Feature",
   "geometry": {
    "type": "LineString",
    "coordinates": [
     [
      -122.3380606,
      47.6081668
     ],
     [
      -122.3380351,
      47.608181
     ]
    ]
   },
   "properties": {
    "kind": "foot",
    "name": null,
    "inside": false,
    "level": null,
    "osm": "way/550960707"
   }
  },
  {
   "type": "Feature",
   "geometry": {
    "type": "LineString",
    "coordinates": [
     [
      -122.3388129,
      47.6110137
     ],
     [
      -122.3387562,
      47.6110367
     ]
    ]
   },
   "properties": {
    "kind": "foot",
    "name": null,
    "inside": false,
    "level": null,
    "osm": "way/550963169"
   }
  },
  {
   "type": "Feature",
   "geometry": {
    "type": "LineString",
    "coordinates": [
     [
      -122.3381816,
      47.6108682
     ],
     [
      -122.338154,
      47.6108386
     ]
    ]
   },
   "properties": {
    "kind": "foot",
    "name": null,
    "inside": false,
    "level": null,
    "osm": "way/550963170"
   }
  },
  {
   "type": "Feature",
   "geometry": {
    "type": "LineString",
    "coordinates": [
     [
      -122.3386162,
      47.6108491
     ],
     [
      -122.3386347,
      47.6108722
     ]
    ]
   },
   "properties": {
    "kind": "foot",
    "name": null,
    "inside": false,
    "level": null,
    "osm": "way/550963171"
   }
  },
  {
   "type": "Feature",
   "geometry": {
    "type": "LineString",
    "coordinates": [
     [
      -122.3385461,
      47.610727
     ],
     [
      -122.3385884,
      47.6108006
     ],
     [
      -122.3386162,
      47.6108491
     ]
    ]
   },
   "properties": {
    "kind": "foot",
    "name": null,
    "inside": false,
    "level": null,
    "osm": "way/550963172"
   }
  },
  {
   "type": "Feature",
   "geometry": {
    "type": "LineString",
    "coordinates": [
     [
      -122.3385241,
      47.6107199
     ],
     [
      -122.3385461,
      47.610727
     ]
    ]
   },
   "properties": {
    "kind": "foot",
    "name": null,
    "inside": false,
    "level": null,
    "osm": "way/550963174"
   }
  },
  {
   "type": "Feature",
   "geometry": {
    "type": "LineString",
    "coordinates": [
     [
      -122.3377475,
      47.6098712
     ],
     [
      -122.3385187,
      47.6106913
     ],
     [
      -122.3385259,
      47.6107068
     ],
     [
      -122.3385241,
      47.6107199
     ]
    ]
   },
   "properties": {
    "kind": "foot",
    "name": null,
    "inside": false,
    "level": null,
    "osm": "way/550963175"
   }
  },
  {
   "type": "Feature",
   "geometry": {
    "type": "LineString",
    "coordinates": [
     [
      -122.338361,
      47.6109867
     ],
     [
      -122.338384,
      47.6110112
     ]
    ]
   },
   "properties": {
    "kind": "foot",
    "name": null,
    "inside": false,
    "level": null,
    "osm": "way/550963176"
   }
  },
  {
   "type": "Feature",
   "geometry": {
    "type": "LineString",
    "coordinates": [
     [
      -122.339636,
      47.6115227
     ],
     [
      -122.3396109,
      47.6115073
     ]
    ]
   },
   "properties": {
    "kind": "foot",
    "name": null,
    "inside": false,
    "level": null,
    "osm": "way/550963177"
   }
  },
  {
   "type": "Feature",
   "geometry": {
    "type": "LineString",
    "coordinates": [
     [
      -122.3397851,
      47.6115831
     ],
     [
      -122.3397057,
      47.6115509
     ],
     [
      -122.339636,
      47.6115227
     ]
    ]
   },
   "properties": {
    "kind": "foot",
    "name": null,
    "inside": false,
    "level": null,
    "osm": "way/550963178"
   }
  },
  {
   "type": "Feature",
   "geometry": {
    "type": "LineString",
    "coordinates": [
     [
      -122.3397887,
      47.6116449
     ],
     [
      -122.3398122,
      47.611626
     ]
    ]
   },
   "properties": {
    "kind": "foot",
    "name": null,
    "inside": false,
    "level": null,
    "osm": "way/550963179"
   }
  },
  {
   "type": "Feature",
   "geometry": {
    "type": "LineString",
    "coordinates": [
     [
      -122.3396362,
      47.6117547
     ],
     [
      -122.3397116,
      47.6117003
     ],
     [
      -122.3397887,
      47.6116449
     ]
    ]
   },
   "properties": {
    "kind": "foot",
    "name": null,
    "inside": false,
    "level": null,
    "osm": "way/550963180"
   }
  },
  {
   "type": "Feature",
   "geometry": {
    "type": "LineString",
    "coordinates": [
     [
      -122.3395632,
      47.6117629
     ],
     [
      -122.3395802,
      47.6117713
     ]
    ]
   },
   "properties": {
    "kind": "foot",
    "name": null,
    "inside": false,
    "level": null,
    "osm": "way/550963181"
   }
  },
  {
   "type": "Feature",
   "geometry": {
    "type": "LineString",
    "coordinates": [
     [
      -122.3394037,
      47.611679
     ],
     [
      -122.3394909,
      47.6117249
     ],
     [
      -122.3395632,
      47.6117629
     ]
    ]
   },
   "properties": {
    "kind": "foot",
    "name": null,
    "inside": false,
    "level": null,
    "osm": "way/550963182"
   }
  },
  {
   "type": "Feature",
   "geometry": {
    "type": "LineString",
    "coordinates": [
     [
      -122.3394021,
      47.6116144
     ],
     [
      -122.339373,
      47.6116191
     ]
    ]
   },
   "properties": {
    "kind": "foot",
    "name": null,
    "inside": false,
    "level": null,
    "osm": "way/550963184"
   }
  },
  {
   "type": "Feature",
   "geometry": {
    "type": "LineString",
    "coordinates": [
     [
      -122.3395599,
      47.6115056
     ],
     [
      -122.3394844,
      47.6115576
     ],
     [
      -122.3394021,
      47.6116144
     ]
    ]
   },
   "properties": {
    "kind": "foot",
    "name": null,
    "inside": false,
    "level": null,
    "osm": "way/550963185"
   }
  },
  {
   "type": "Feature",
   "geometry": {
    "type": "LineString",
    "coordinates": [
     [
      -122.3398043,
      47.6115938
     ],
     [
      -122.3397851,
      47.6115831
     ]
    ]
   },
   "properties": {
    "kind": "foot",
    "name": null,
    "inside": false,
    "level": null,
    "osm": "way/550963186"
   }
  },
  {
   "type": "Feature",
   "geometry": {
    "type": "LineString",
    "coordinates": [
     [
      -122.3393844,
      47.6116748
     ],
     [
      -122.3394037,
      47.611679
     ]
    ]
   },
   "properties": {
    "kind": "foot",
    "name": null,
    "inside": false,
    "level": null,
    "osm": "way/550963188"
   }
  },
  {
   "type": "Feature",
   "geometry": {
    "type": "LineString",
    "coordinates": [
     [
      -122.3395816,
      47.6114894
     ],
     [
      -122.3395599,
      47.6115056
     ]
    ]
   },
   "properties": {
    "kind": "foot",
    "name": null,
    "inside": false,
    "level": null,
    "osm": "way/550963189"
   }
  },
  {
   "type": "Feature",
   "geometry": {
    "type": "LineString",
    "coordinates": [
     [
      -122.339623,
      47.6117643
     ],
     [
      -122.3402305,
      47.6121305
     ],
     [
      -122.3406982,
      47.6124122
     ],
     [
      -122.3407072,
      47.6124348
     ]
    ]
   },
   "properties": {
    "kind": "foot",
    "name": null,
    "inside": false,
    "level": null,
    "osm": "way/550963191"
   }
  },
  {
   "type": "Feature",
   "geometry": {
    "type": "LineString",
    "coordinates": [
     [
      -122.3385735,
      47.6120721
     ],
     [
      -122.3380893,
      47.611555
     ]
    ]
   },
   "properties": {
    "kind": "foot",
    "name": null,
    "inside": false,
    "level": null,
    "osm": "way/550963192"
   }
  },
  {
   "type": "Feature",
   "geometry": {
    "type": "LineString",
    "coordinates": [
     [
      -122.3388849,
      47.6107944
     ],
     [
      -122.3389187,
      47.6107806
     ]
    ]
   },
   "properties": {
    "kind": "foot",
    "name": null,
    "inside": false,
    "level": null,
    "osm": "way/550963337"
   }
  },
  {
   "type": "Feature",
   "geometry": {
    "type": "LineString",
    "coordinates": [
     [
      -122.3387286,
      47.6108683
     ],
     [
      -122.338802,
      47.6108336
     ],
     [
      -122.3388849,
      47.6107944
     ]
    ]
   },
   "properties": {
    "kind": "foot",
    "name": null,
    "inside": false,
    "level": null,
    "osm": "way/550963338"
   }
  },
  {
   "type": "Feature",
   "geometry": {
    "type": "LineString",
    "coordinates": [
     [
      -122.3387212,
      47.6106321
     ],
     [
      -122.3386515,
      47.6106699
     ],
     [
      -122.3385461,
      47.610727
     ]
    ]
   },
   "properties": {
    "kind": "foot",
    "name": null,
    "inside": false,
    "level": null,
    "osm": "way/550963340"
   }
  },
  {
   "type": "Feature",
   "geometry": {
    "type": "LineString",
    "coordinates": [
     [
      -122.3388283,
      47.6106569
     ],
     [
      -122.3387957,
      47.6106225
     ]
    ]
   },
   "properties": {
    "kind": "foot",
    "name": null,
    "inside": false,
    "level": null,
    "osm": "way/550963341"
   }
  },
  {
   "type": "Feature",
   "geometry": {
    "type": "LineString",
    "coordinates": [
     [
      -122.3388933,
      47.6107169
     ],
     [
      -122.3388606,
      47.6106868
     ],
     [
      -122.3388283,
      47.6106569
     ]
    ]
   },
   "properties": {
    "kind": "foot",
    "name": null,
    "inside": false,
    "level": null,
    "osm": "way/550963342"
   }
  },
  {
   "type": "Feature",
   "geometry": {
    "type": "LineString",
    "coordinates": [
     [
      -122.3387549,
      47.6106167
     ],
     [
      -122.3387212,
      47.6106321
     ]
    ]
   },
   "properties": {
    "kind": "foot",
    "name": null,
    "inside": false,
    "level": null,
    "osm": "way/550963344"
   }
  },
  {
   "type": "Feature",
   "geometry": {
    "type": "LineString",
    "coordinates": [
     [
      -122.3389255,
      47.6107484
     ],
     [
      -122.3388933,
      47.6107169
     ]
    ]
   },
   "properties": {
    "kind": "foot",
    "name": null,
    "inside": false,
    "level": null,
    "osm": "way/550963345"
   }
  },
  {
   "type": "Feature",
   "geometry": {
    "type": "LineString",
    "coordinates": [
     [
      -122.3386939,
      47.6108827
     ],
     [
      -122.3387286,
      47.6108683
     ]
    ]
   },
   "properties": {
    "kind": "foot",
    "name": null,
    "inside": false,
    "level": null,
    "osm": "way/550963346"
   }
  },
  {
   "type": "Feature",
   "geometry": {
    "type": "LineString",
    "coordinates": [
     [
      -122.3389275,
      47.6123025
     ],
     [
      -122.3389468,
      47.6122884
     ]
    ]
   },
   "properties": {
    "kind": "foot",
    "name": null,
    "inside": false,
    "level": null,
    "osm": "way/550964474"
   }
  },
  {
   "type": "Feature",
   "geometry": {
    "type": "LineString",
    "coordinates": [
     [
      -122.3387575,
      47.6124132
     ],
     [
      -122.33883,
      47.612366
     ],
     [
      -122.3388911,
      47.6123262
     ],
     [
      -122.3389275,
      47.6123025
     ]
    ]
   },
   "properties": {
    "kind": "foot",
    "name": null,
    "inside": false,
    "level": null,
    "osm": "way/550964475"
   }
  },
  {
   "type": "Feature",
   "geometry": {
    "type": "LineString",
    "coordinates": [
     [
      -122.3387062,
      47.6124253
     ],
     [
      -122.3387264,
      47.6124375
     ]
    ]
   },
   "properties": {
    "kind": "foot",
    "name": null,
    "inside": false,
    "level": null,
    "osm": "way/550964476"
   }
  },
  {
   "type": "Feature",
   "geometry": {
    "type": "LineString",
    "coordinates": [
     [
      -122.3385684,
      47.612336
     ],
     [
      -122.3386442,
      47.6123852
     ],
     [
      -122.3387062,
      47.6124253
     ]
    ]
   },
   "properties": {
    "kind": "foot",
    "name": null,
    "inside": false,
    "level": null,
    "osm": "way/550964477"
   }
  },
  {
   "type": "Feature",
   "geometry": {
    "type": "LineString",
    "coordinates": [
     [
      -122.3384926,
      47.6122889
     ],
     [
      -122.3385113,
      47.6123007
     ]
    ]
   },
   "properties": {
    "kind": "foot",
    "name": null,
    "inside": false,
    "level": null,
    "osm": "way/550964478"
   }
  },
  {
   "type": "Feature",
   "geometry": {
    "type": "LineString",
    "coordinates": [
     [
      -122.338342,
      47.6122002
     ],
     [
      -122.3384183,
      47.6122452
     ],
     [
      -122.3384926,
      47.6122889
     ]
    ]
   },
   "properties": {
    "kind": "foot",
    "name": null,
    "inside": false,
    "level": null,
    "osm": "way/550964479"
   }
  },
  {
   "type": "Feature",
   "geometry": {
    "type": "LineString",
    "coordinates": [
     [
      -122.3383424,
      47.6121552
     ],
     [
      -122.3383085,
      47.6121645
     ]
    ]
   },
   "properties": {
    "kind": "foot",
    "name": null,
    "inside": false,
    "level": null,
    "osm": "way/550964480"
   }
  },
  {
   "type": "Feature",
   "geometry": {
    "type": "LineString",
    "coordinates": [
     [
      -122.3385517,
      47.6120836
     ],
     [
      -122.3385305,
      47.6120908
     ],
     [
      -122.3384682,
      47.6121122
     ],
     [
      -122.3383424,
      47.6121552
     ]
    ]
   },
   "properties": {
    "kind": "foot",
    "name": null,
    "inside": false,
    "level": null,
    "osm": "way/550964481"
   }
  },
  {
   "type": "Feature",
   "geometry": {
    "type": "LineString",
    "coordinates": [
     [
      -122.3387408,
      47.6124262
     ],
     [
      -122.3387575,
      47.6124132
     ]
    ]
   },
   "properties": {
    "kind": "foot",
    "name": null,
    "inside": false,
    "level": null,
    "osm": "way/550964482"
   }
  },
  {
   "type": "Feature",
   "geometry": {
    "type": "LineString",
    "coordinates": [
     [
      -122.3385457,
      47.6123221
     ],
     [
      -122.3385684,
      47.612336
     ]
    ]
   },
   "properties": {
    "kind": "foot",
    "name": null,
    "inside": false,
    "level": null,
    "osm": "way/550964483"
   }
  },
  {
   "type": "Feature",
   "geometry": {
    "type": "LineString",
    "coordinates": [
     [
      -122.338318,
      47.6121896
     ],
     [
      -122.338342,
      47.6122002
     ]
    ]
   },
   "properties": {
    "kind": "foot",
    "name": null,
    "inside": false,
    "level": null,
    "osm": "way/550964484"
   }
  },
  {
   "type": "Feature",
   "geometry": {
    "type": "LineString",
    "coordinates": [
     [
      -122.3385735,
      47.6120721
     ],
     [
      -122.3385517,
      47.6120836
     ]
    ]
   },
   "properties": {
    "kind": "foot",
    "name": null,
    "inside": false,
    "level": null,
    "osm": "way/550964485"
   }
  },
  {
   "type": "Feature",
   "geometry": {
    "type": "LineString",
    "coordinates": [
     [
      -122.3389635,
      47.6122449
     ],
     [
      -122.3389462,
      47.6122344
     ]
    ]
   },
   "properties": {
    "kind": "foot",
    "name": null,
    "inside": false,
    "level": null,
    "osm": "way/550964486"
   }
  },
  {
   "type": "Feature",
   "geometry": {
    "type": "LineString",
    "coordinates": [
     [
      -122.3386289,
      47.6120838
     ],
     [
      -122.3386193,
      47.612074
     ]
    ]
   },
   "properties": {
    "kind": "foot",
    "name": null,
    "inside": false,
    "level": null,
    "osm": "way/550964487"
   }
  },
  {
   "type": "Feature",
   "geometry": {
    "type": "LineString",
    "coordinates": [
     [
      -122.338711,
      47.612133
     ],
     [
      -122.338685,
      47.6121174
     ],
     [
      -122.3386289,
      47.6120838
     ]
    ]
   },
   "properties": {
    "kind": "foot",
    "name": null,
    "inside": false,
    "level": null,
    "osm": "way/550964488"
   }
  },
  {
   "type": "Feature",
   "geometry": {
    "type": "LineString",
    "coordinates": [
     [
      -122.3387952,
      47.6121826
     ],
     [
      -122.338711,
      47.612133
     ]
    ]
   },
   "properties": {
    "kind": "foot",
    "name": null,
    "inside": false,
    "level": null,
    "osm": "way/550964489"
   }
  },
  {
   "type": "Feature",
   "geometry": {
    "type": "LineString",
    "coordinates": [
     [
      -122.3391959,
      47.6136017
     ],
     [
      -122.3391727,
      47.6135947
     ],
     [
      -122.338574,
      47.6132427
     ],
     [
      -122.3383616,
      47.6131179
     ],
     [
      -122.3381804,
      47.6130114
     ],
     [
      -122.3380664,
      47.6129429
     ]
    ]
   },
   "properties": {
    "kind": "foot",
    "name": null,
    "inside": false,
    "level": null,
    "osm": "way/550964490"
   }
  },
  {
   "type": "Feature",
   "geometry": {
    "type": "LineString",
    "coordinates": [
     [
      -122.3380664,
      47.6129429
     ],
     [
      -122.3380549,
      47.6129264
     ]
    ]
   },
   "properties": {
    "kind": "foot",
    "name": null,
    "inside": false,
    "level": null,
    "osm": "way/550966014"
   }
  },
  {
   "type": "Feature",
   "geometry": {
    "type": "LineString",
    "coordinates": [
     [
      -122.3380568,
      47.6129565
     ],
     [
      -122.3380664,
      47.6129429
     ]
    ]
   },
   "properties": {
    "kind": "foot",
    "name": null,
    "inside": false,
    "level": null,
    "osm": "way/550966017"
   }
  },
  {
   "type": "Feature",
   "geometry": {
    "type": "LineString",
    "coordinates": [
     [
      -122.3380549,
      47.6129264
     ],
     [
      -122.3379891,
      47.6128881
     ],
     [
      -122.3379023,
      47.612835
     ]
    ]
   },
   "properties": {
    "kind": "foot",
    "name": null,
    "inside": false,
    "level": null,
    "osm": "way/550966020"
   }
  },
  {
   "type": "Feature",
   "geometry": {
    "type": "LineString",
    "coordinates": [
     [
      -122.3378917,
      47.6130756
     ],
     [
      -122.337928,
      47.6130494
     ],
     [
      -122.3380364,
      47.6129712
     ],
     [
      -122.3380568,
      47.6129565
     ]
    ]
   },
   "properties": {
    "kind": "foot",
    "name": null,
    "inside": false,
    "level": null,
    "osm": "way/550966022"
   }
  },
  {
   "type": "Feature",
   "geometry": {
    "type": "LineString",
    "coordinates": [
     [
      -122.3400801,
      47.6129458
     ],
     [
      -122.3401489,
      47.6129841
     ],
     [
      -122.3402284,
      47.6130283
     ]
    ]
   },
   "properties": {
    "kind": "foot",
    "name": null,
    "inside": false,
    "level": null,
    "osm": "way/609005087"
   }
  },
  {
   "type": "Feature",
   "geometry": {
    "type": "LineString",
    "coordinates": [
     [
      -122.3400255,
      47.6129495
     ],
     [
      -122.3399999,
      47.6129692
     ],
     [
      -122.3399505,
      47.613007
     ],
     [
      -122.3398677,
      47.6130706
     ]
    ]
   },
   "properties": {
    "kind": "foot",
    "name": null,
    "inside": false,
    "level": null,
    "osm": "way/609005096"
   }
  },
  {
   "type": "Feature",
   "geometry": {
    "type": "LineString",
    "coordinates": [
     [
      -122.3400602,
      47.6129347
     ],
     [
      -122.3400419,
      47.6129364
     ],
     [
      -122.3389468,
      47.6122884
     ]
    ]
   },
   "properties": {
    "kind": "foot",
    "name": null,
    "inside": false,
    "level": null,
    "osm": "way/609005097"
   }
  },
  {
   "type": "Feature",
   "geometry": {
    "type": "LineString",
    "coordinates": [
     [
      -122.3400419,
      47.6129364
     ],
     [
      -122.3400255,
      47.6129495
     ]
    ]
   },
   "properties": {
    "kind": "foot",
    "name": null,
    "inside": false,
    "level": null,
    "osm": "way/609005098"
   }
  },
  {
   "type": "Feature",
   "geometry": {
    "type": "LineString",
    "coordinates": [
     [
      -122.3410759,
      47.6123645
     ],
     [
      -122.3410941,
      47.6123748
     ]
    ]
   },
   "properties": {
    "kind": "foot",
    "name": null,
    "inside": false,
    "level": null,
    "osm": "way/609005367"
   }
  },
  {
   "type": "Feature",
   "geometry": {
    "type": "LineString",
    "coordinates": [
     [
      -122.3409406,
      47.6122846
     ],
     [
      -122.3410068,
      47.6123238
     ],
     [
      -122.3410759,
      47.6123645
     ]
    ]
   },
   "properties": {
    "kind": "foot",
    "name": null,
    "inside": false,
    "level": null,
    "osm": "way/609005369"
   }
  },
  {
   "type": "Feature",
   "geometry": {
    "type": "LineString",
    "coordinates": [
     [
      -122.3408765,
      47.6122857
     ],
     [
      -122.3407911,
      47.6123461
     ],
     [
      -122.3407289,
      47.6123938
     ]
    ]
   },
   "properties": {
    "kind": "foot",
    "name": null,
    "inside": false,
    "level": null,
    "osm": "way/609005373"
   }
  },
  {
   "type": "Feature",
   "geometry": {
    "type": "LineString",
    "coordinates": [
     [
      -122.3409185,
      47.6122713
     ],
     [
      -122.3409048,
      47.6122636
     ],
     [
      -122.3398122,
      47.611626
     ],
     [
      -122.3397961,
      47.6116093
     ],
     [
      -122.3398043,
      47.6115938
     ]
    ]
   },
   "properties": {
    "kind": "foot",
    "name": null,
    "inside": false,
    "level": null,
    "osm": "way/609005381"
   }
  },
  {
   "type": "Feature",
   "geometry": {
    "type": "LineString",
    "coordinates": [
     [
      -122.3407072,
      47.6124348
     ],
     [
      -122.3407008,
      47.612447
     ],
     [
      -122.3400791,
      47.6129294
     ],
     [
      -122.3400602,
      47.6129347
     ]
    ]
   },
   "properties": {
    "kind": "foot",
    "name": null,
    "inside": false,
    "level": null,
    "osm": "way/609018018"
   }
  },
  {
   "type": "Feature",
   "geometry": {
    "type": "LineString",
    "coordinates": [
     [
      -122.3408895,
      47.6125305
     ],
     [
      -122.3409161,
      47.6125104
     ],
     [
      -122.3420029,
      47.6131669
     ],
     [
      -122.3420247,
      47.613188
     ],
     [
      -122.3420078,
      47.6132124
     ]
    ]
   },
   "properties": {
    "kind": "foot",
    "name": null,
    "inside": false,
    "level": null,
    "osm": "way/609018019"
   }
  },
  {
   "type": "Feature",
   "geometry": {
    "type": "LineString",
    "coordinates": [
     [
      -122.3402432,
      47.6130377
     ],
     [
      -122.3402517,
      47.6130231
     ],
     [
      -122.3405473,
      47.6127907
     ],
     [
      -122.3408719,
      47.6125428
     ],
     [
      -122.3408895,
      47.6125305
     ]
    ]
   },
   "properties": {
    "kind": "foot",
    "name": null,
    "inside": false,
    "level": null,
    "osm": "way/609018020"
   }
  },
  {
   "type": "Feature",
   "geometry": {
    "type": "LineString",
    "coordinates": [
     [
      -122.3410941,
      47.6123748
     ],
     [
      -122.3421736,
      47.6130129
     ],
     [
      -122.3422186,
      47.6130398
     ],
     [
      -122.3422294,
      47.613041
     ]
    ]
   },
   "properties": {
    "kind": "foot",
    "name": null,
    "inside": false,
    "level": null,
    "osm": "way/609018021"
   }
  },
  {
   "type": "Feature",
   "geometry": {
    "type": "LineString",
    "coordinates": [
     [
      -122.3417403,
      47.6118723
     ],
     [
      -122.3414124,
      47.6121273
     ],
     [
      -122.3410941,
      47.6123748
     ]
    ]
   },
   "properties": {
    "kind": "foot",
    "name": null,
    "inside": false,
    "level": null,
    "osm": "way/609018022"
   }
  },
  {
   "type": "Feature",
   "geometry": {
    "type": "LineString",
    "coordinates": [
     [
      -122.3410594,
      47.6124018
     ],
     [
      -122.3410941,
      47.6123748
     ]
    ]
   },
   "properties": {
    "kind": "foot",
    "name": null,
    "inside": false,
    "level": null,
    "osm": "way/609018023"
   }
  },
  {
   "type": "Feature",
   "geometry": {
    "type": "LineString",
    "coordinates": [
     [
      -122.3409255,
      47.6125032
     ],
     [
      -122.3409835,
      47.6124593
     ],
     [
      -122.3410594,
      47.6124018
     ]
    ]
   },
   "properties": {
    "kind": "foot",
    "name": null,
    "inside": false,
    "level": null,
    "osm": "way/609018024"
   }
  },
  {
   "type": "Feature",
   "geometry": {
    "type": "LineString",
    "coordinates": [
     [
      -122.3409161,
      47.6125104
     ],
     [
      -122.3409255,
      47.6125032
     ]
    ]
   },
   "properties": {
    "kind": "foot",
    "name": null,
    "inside": false,
    "level": null,
    "osm": "way/609018025"
   }
  },
  {
   "type": "Feature",
   "geometry": {
    "type": "LineString",
    "coordinates": [
     [
      -122.3408736,
      47.6125205
     ],
     [
      -122.3408895,
      47.6125305
     ]
    ]
   },
   "properties": {
    "kind": "foot",
    "name": null,
    "inside": false,
    "level": null,
    "osm": "way/609018026"
   }
  },
  {
   "type": "Feature",
   "geometry": {
    "type": "LineString",
    "coordinates": [
     [
      -122.3407349,
      47.6124413
     ],
     [
      -122.3408035,
      47.6124805
     ],
     [
      -122.3408736,
      47.6125205
     ]
    ]
   },
   "properties": {
    "kind": "foot",
    "name": null,
    "inside": false,
    "level": null,
    "osm": "way/609018027"
   }
  },
  {
   "type": "Feature",
   "geometry": {
    "type": "LineString",
    "coordinates": [
     [
      -122.3376436,
      47.6126575
     ],
     [
      -122.3376584,
      47.612646
     ],
     [
      -122.3384719,
      47.6123073
     ],
     [
      -122.3385113,
      47.6123007
     ],
     [
      -122.3385457,
      47.6123221
     ]
    ]
   },
   "properties": {
    "kind": "foot",
    "name": null,
    "inside": false,
    "level": null,
    "osm": "way/609019470"
   }
  },
  {
   "type": "Feature",
   "geometry": {
    "type": "LineString",
    "coordinates": [
     [
      -122.3385457,
      47.6123221
     ],
     [
      -122.3385365,
      47.612343
     ],
     [
      -122.3385222,
      47.6123633
     ],
     [
      -122.3379202,
      47.6128274
     ],
     [
      -122.3379023,
      47.612835
     ]
    ]
   },
   "properties": {
    "kind": "foot",
    "name": null,
    "inside": false,
    "level": null,
    "osm": "way/609019471"
   }
  },
  {
   "type": "Feature",
   "geometry": {
    "type": "LineString",
    "coordinates": [
     [
      -122.3387408,
      47.6124262
     ],
     [
      -122.3398415,
      47.6130769
     ],
     [
      -122.3398383,
      47.6131043
     ]
    ]
   },
   "properties": {
    "kind": "foot",
    "name": null,
    "inside": false,
    "level": null,
    "osm": "way/609019472"
   }
  },
  {
   "type": "Feature",
   "geometry": {
    "type": "LineString",
    "coordinates": [
     [
      -122.3435032,
      47.6104832
     ],
     [
      -122.3435195,
      47.6104919
     ]
    ]
   },
   "properties": {
    "kind": "foot",
    "name": null,
    "inside": false,
    "level": null,
    "osm": "way/609020874"
   }
  },
  {
   "type": "Feature",
   "geometry": {
    "type": "LineString",
    "coordinates": [
     [
      -122.3433166,
      47.6103964
     ],
     [
      -122.343417,
      47.6104453
     ],
     [
      -122.3435032,
      47.6104832
     ]
    ]
   },
   "properties": {
    "kind": "foot",
    "name": null,
    "inside": true,
    "level": null,
    "osm": "way/609020875"
   }
  },
  {
   "type": "Feature",
   "geometry": {
    "type": "LineString",
    "coordinates": [
     [
      -122.3436647,
      47.6104391
     ],
     [
      -122.3436546,
      47.6104542
     ]
    ]
   },
   "properties": {
    "kind": "foot",
    "name": null,
    "inside": true,
    "level": null,
    "osm": "way/609020877"
   }
  },
  {
   "type": "Feature",
   "geometry": {
    "type": "LineString",
    "coordinates": [
     [
      -122.3438065,
      47.6103895
     ],
     [
      -122.343729,
      47.6104163
     ],
     [
      -122.3436647,
      47.6104391
     ]
    ]
   },
   "properties": {
    "kind": "foot",
    "name": null,
    "inside": true,
    "level": null,
    "osm": "way/609020878"
   }
  },
  {
   "type": "Feature",
   "geometry": {
    "type": "LineString",
    "coordinates": [
     [
      -122.3438269,
      47.6103818
     ],
     [
      -122.3438065,
      47.6103895
     ]
    ]
   },
   "properties": {
    "kind": "foot",
    "name": null,
    "inside": true,
    "level": null,
    "osm": "way/609020879"
   }
  },
  {
   "type": "Feature",
   "geometry": {
    "type": "LineString",
    "coordinates": [
     [
      -122.3429072,
      47.6099263
     ],
     [
      -122.3432744,
      47.6101442
     ],
     [
      -122.3434298,
      47.6102135
     ],
     [
      -122.3435075,
      47.6102622
     ],
     [
      -122.3435218,
      47.6102895
     ],
     [
      -122.3435186,
      47.6103116
     ],
     [
      -122.3434997,
      47.610323
     ]
    ]
   },
   "properties": {
    "kind": "foot",
    "name": null,
    "inside": true,
    "level": null,
    "osm": "way/609020880"
   }
  },
  {
   "type": "Feature",
   "geometry": {
    "type": "LineString",
    "coordinates": [
     [
      -122.3426531,
      47.6109454
     ],
     [
      -122.3427011,
      47.6109882
     ],
     [
      -122.3427743,
      47.6110535
     ]
    ]
   },
   "properties": {
    "kind": "foot",
    "name": null,
    "inside": true,
    "level": null,
    "osm": "way/609020882"
   }
  },
  {
   "type": "Feature",
   "geometry": {
    "type": "LineString",
    "coordinates": [
     [
      -122.3426368,
      47.6109348
     ],
     [
      -122.3426531,
      47.6109454
     ]
    ]
   },
   "properties": {
    "kind": "foot",
    "name": null,
    "inside": true,
    "level": null,
    "osm": "way/609020883"
   }
  },
  {
   "type": "Feature",
   "geometry": {
    "type": "LineString",
    "coordinates": [
     [
      -122.3425784,
      47.6109509
     ],
     [
      -122.3425908,
      47.610941
     ]
    ]
   },
   "properties": {
    "kind": "foot",
    "name": null,
    "inside": true,
    "level": null,
    "osm": "way/609020884"
   }
  },
  {
   "type": "Feature",
   "geometry": {
    "type": "LineString",
    "coordinates": [
     [
      -122.3424416,
      47.6110649
     ],
     [
      -122.3425066,
      47.6110108
     ],
     [
      -122.3425784,
      47.6109509
     ]
    ]
   },
   "properties": {
    "kind": "foot",
    "name": null,
    "inside": true,
    "level": null,
    "osm": "way/609020885"
   }
  },
  {
   "type": "Feature",
   "geometry": {
    "type": "LineString",
    "coordinates": [
     [
      -122.3424384,
      47.6110885
     ],
     [
      -122.3424416,
      47.6110649
     ]
    ]
   },
   "properties": {
    "kind": "foot",
    "name": null,
    "inside": false,
    "level": null,
    "osm": "way/609020886"
   }
  },
  {
   "type": "Feature",
   "geometry": {
    "type": "LineString",
    "coordinates": [
     [
      -122.3426135,
      47.6111695
     ],
     [
      -122.3426235,
      47.6111936
     ]
    ]
   },
   "properties": {
    "kind": "foot",
    "name": null,
    "inside": false,
    "level": null,
    "osm": "way/609020887"
   }
  },
  {
   "type": "Feature",
   "geometry": {
    "type": "LineString",
    "coordinates": [
     [
      -122.3424488,
      47.6111023
     ],
     [
      -122.3425261,
      47.6111338
     ],
     [
      -122.3426135,
      47.6111695
     ]
    ]
   },
   "properties": {
    "kind": "foot",
    "name": null,
    "inside": false,
    "level": null,
    "osm": "way/609020888"
   }
  },
  {
   "type": "Feature",
   "geometry": {
    "type": "LineString",
    "coordinates": [
     [
      -122.3424403,
      47.6110999
     ],
     [
      -122.3424488,
      47.6111023
     ]
    ]
   },
   "properties": {
    "kind": "foot",
    "name": null,
    "inside": false,
    "level": null,
    "osm": "way/609020889"
   }
  },
  {
   "type": "Feature",
   "geometry": {
    "type": "LineString",
    "coordinates": [
     [
      -122.3417569,
      47.6116245
     ],
     [
      -122.3416873,
      47.6116753
     ],
     [
      -122.3416058,
      47.6117347
     ],
     [
      -122.3415948,
      47.6117427
     ]
    ]
   },
   "properties": {
    "kind": "foot",
    "name": null,
    "inside": false,
    "level": null,
    "osm": "way/609020890"
   }
  },
  {
   "type": "Feature",
   "geometry": {
    "type": "LineString",
    "coordinates": [
     [
      -122.341725,
      47.6118634
     ],
     [
      -122.3417403,
      47.6118723
     ]
    ]
   },
   "properties": {
    "kind": "foot",
    "name": null,
    "inside": false,
    "level": null,
    "osm": "way/609020891"
   }
  },
  {
   "type": "Feature",
   "geometry": {
    "type": "LineString",
    "coordinates": [
     [
      -122.3415948,
      47.6117427
     ],
     [
      -122.3415775,
      47.6117556
     ]
    ]
   },
   "properties": {
    "kind": "foot",
    "name": null,
    "inside": false,
    "level": null,
    "osm": "way/609020893"
   }
  },
  {
   "type": "Feature",
   "geometry": {
    "type": "LineString",
    "coordinates": [
     [
      -122.3419308,
      47.611704
     ],
     [
      -122.3418663,
      47.6116612
     ],
     [
      -122.3418055,
      47.6116208
     ]
    ]
   },
   "properties": {
    "kind": "foot",
    "name": null,
    "inside": false,
    "level": null,
    "osm": "way/609020894"
   }
  },
  {
   "type": "Feature",
   "geometry": {
    "type": "LineString",
    "coordinates": [
     [
      -122.3415898,
      47.6117815
     ],
     [
      -122.3416578,
      47.6118227
     ],
     [
      -122.341725,
      47.6118634
     ]
    ]
   },
   "properties": {
    "kind": "foot",
    "name": null,
    "inside": false,
    "level": null,
    "osm": "way/609020895"
   }
  },
  {
   "type": "Feature",
   "geometry": {
    "type": "LineString",
    "coordinates": [
     [
      -122.3418055,
      47.6116208
     ],
     [
      -122.3417851,
      47.6116089
     ]
    ]
   },
   "properties": {
    "kind": "foot",
    "name": null,
    "inside": false,
    "level": null,
    "osm": "way/609020896"
   }
  },
  {
   "type": "Feature",
   "geometry": {
    "type": "LineString",
    "coordinates": [
     [
      -122.3415707,
      47.6117703
     ],
     [
      -122.3412388,
      47.6120251
     ],
     [
      -122.3409185,
      47.6122713
     ]
    ]
   },
   "properties": {
    "kind": "foot",
    "name": null,
    "inside": false,
    "level": null,
    "osm": "way/609020897"
   }
  },
  {
   "type": "Feature",
   "geometry": {
    "type": "LineString",
    "coordinates": [
     [
      -122.3438064,
      47.6099886
     ],
     [
      -122.3436934,
      47.6099157
     ],
     [
      -122.3436723,
      47.6099305
     ],
     [
      -122.3435883,
      47.6098763
     ],
     [
      -122.3433965,
      47.6100074
     ]
    ]
   },
   "properties": {
    "kind": "foot",
    "name": null,
    "inside": true,
    "level": null,
    "osm": "way/609021230"
   }
  },
  {
   "type": "Feature",
   "geometry": {
    "type": "LineString",
    "coordinates": [
     [
      -122.3436088,
      47.6101381
     ],
     [
      -122.3438064,
      47.6099886
     ],
     [
      -122.3443594,
      47.6103162
     ],
     [
      -122.3440129,
      47.6105867
     ]
    ]
   },
   "properties": {
    "kind": "foot",
    "name": null,
    "inside": true,
    "level": null,
    "osm": "way/609021231"
   }
  },
  {
   "type": "Feature",
   "geometry": {
    "type": "LineString",
    "coordinates": [
     [
      -122.3402995,
      47.6088925
     ],
     [
      -122.3402803,
      47.6089065
     ],
     [
      -122.3404807,
      47.6091282
     ],
     [
      -122.3410039,
      47.6096973
     ]
    ]
   },
   "properties": {
    "kind": "foot",
    "name": null,
    "inside": true,
    "level": null,
    "osm": "way/609021643"
   }
  },
  {
   "type": "Feature",
   "geometry": {
    "type": "LineString",
    "coordinates": [
     [
      -122.3416314,
      47.6094204
     ],
     [
      -122.3415596,
      47.609378
     ],
     [
      -122.3414284,
      47.6093006
     ],
     [
      -122.3411017,
      47.6091035
     ]
    ]
   },
   "properties": {
    "kind": "foot",
    "name": null,
    "inside": true,
    "level": null,
    "osm": "way/609021644"
   }
  },
  {
   "type": "Feature",
   "geometry": {
    "type": "LineString",
    "coordinates": [
     [
      -122.3408713,
      47.6089656
     ],
     [
      -122.3406413,
      47.608824
     ],
     [
      -122.3406054,
      47.608802
     ]
    ]
   },
   "properties": {
    "kind": "foot",
    "name": null,
    "inside": true,
    "level": null,
    "osm": "way/609021645"
   }
  },
  {
   "type": "Feature",
   "geometry": {
    "type": "LineString",
    "coordinates": [
     [
      -122.3406054,
      47.608802
     ],
     [
      -122.3405651,
      47.608781
     ]
    ]
   },
   "properties": {
    "kind": "foot",
    "name": null,
    "inside": true,
    "level": null,
    "osm": "way/609021646"
   }
  },
  {
   "type": "Feature",
   "geometry": {
    "type": "LineString",
    "coordinates": [
     [
      -122.3405651,
      47.608781
     ],
     [
      -122.3405475,
      47.6087874
     ],
     [
      -122.3402995,
      47.6088925
     ]
    ]
   },
   "properties": {
    "kind": "foot",
    "name": null,
    "inside": true,
    "level": null,
    "osm": "way/609021647"
   }
  },
  {
   "type": "Feature",
   "geometry": {
    "type": "LineString",
    "coordinates": [
     [
      -122.3428944,
      47.6125238
     ],
     [
      -122.3418041,
      47.6118771
     ],
     [
      -122.3417799,
      47.6118667
     ],
     [
      -122.3417603,
      47.6118641
     ],
     [
      -122.3417403,
      47.6118723
     ]
    ]
   },
   "properties": {
    "kind": "foot",
    "name": null,
    "inside": false,
    "level": null,
    "osm": "way/609364651"
   }
  },
  {
   "type": "Feature",
   "geometry": {
    "type": "LineString",
    "coordinates": [
     [
      -122.3422294,
      47.613041
     ],
     [
      -122.342535,
      47.612811
     ],
     [
      -122.3425622,
      47.6128027
     ],
     [
      -122.3425945,
      47.6127929
     ],
     [
      -122.342897,
      47.6125631
     ],
     [
      -122.3429071,
      47.6125464
     ],
     [
      -122.3428944,
      47.6125238
     ]
    ]
   },
   "properties": {
    "kind": "foot",
    "name": null,
    "inside": false,
    "level": null,
    "osm": "way/609364652"
   }
  },
  {
   "type": "Feature",
   "geometry": {
    "type": "LineString",
    "coordinates": [
     [
      -122.3419795,
      47.6117135
     ],
     [
      -122.3419308,
      47.611704
     ]
    ]
   },
   "properties": {
    "kind": "foot",
    "name": null,
    "inside": false,
    "level": null,
    "osm": "way/609364653"
   }
  },
  {
   "type": "Feature",
   "geometry": {
    "type": "LineString",
    "coordinates": [
     [
      -122.3419795,
      47.6117135
     ],
     [
      -122.3419433,
      47.6117409
     ]
    ]
   },
   "properties": {
    "kind": "foot",
    "name": null,
    "inside": false,
    "level": null,
    "osm": "way/609364654"
   }
  },
  {
   "type": "Feature",
   "geometry": {
    "type": "LineString",
    "coordinates": [
     [
      -122.3419433,
      47.6117409
     ],
     [
      -122.3418905,
      47.611794
     ],
     [
      -122.3418242,
      47.6118607
     ],
     [
      -122.3418194,
      47.6118655
     ]
    ]
   },
   "properties": {
    "kind": "foot",
    "name": null,
    "inside": false,
    "level": null,
    "osm": "way/609364655"
   }
  },
  {
   "type": "Feature",
   "geometry": {
    "type": "LineString",
    "coordinates": [
     [
      -122.3418194,
      47.6118655
     ],
     [
      -122.3418041,
      47.6118771
     ]
    ]
   },
   "properties": {
    "kind": "foot",
    "name": null,
    "inside": false,
    "level": null,
    "osm": "way/609364656"
   }
  },
  {
   "type": "Feature",
   "geometry": {
    "type": "LineString",
    "coordinates": [
     [
      -122.3429321,
      47.612555
     ],
     [
      -122.3429682,
      47.6125762
     ],
     [
      -122.3430175,
      47.6126053
     ]
    ]
   },
   "properties": {
    "kind": "foot",
    "name": null,
    "inside": false,
    "level": null,
    "osm": "way/609364657"
   }
  },
  {
   "type": "Feature",
   "geometry": {
    "type": "LineString",
    "coordinates": [
     [
      -122.3429071,
      47.6125464
     ],
     [
      -122.3429321,
      47.612555
     ]
    ]
   },
   "properties": {
    "kind": "foot",
    "name": null,
    "inside": false,
    "level": null,
    "osm": "way/609364658"
   }
  },
  {
   "type": "Feature",
   "geometry": {
    "type": "LineString",
    "coordinates": [
     [
      -122.3432042,
      47.6124548
     ],
     [
      -122.3432544,
      47.6124732
     ]
    ]
   },
   "properties": {
    "kind": "foot",
    "name": null,
    "inside": false,
    "level": null,
    "osm": "way/609364660"
   }
  },
  {
   "type": "Feature",
   "geometry": {
    "type": "LineString",
    "coordinates": [
     [
      -122.3430914,
      47.6123774
     ],
     [
      -122.343126,
      47.6124043
     ]
    ]
   },
   "properties": {
    "kind": "foot",
    "name": null,
    "inside": false,
    "level": null,
    "osm": "way/609364661"
   }
  },
  {
   "type": "Feature",
   "geometry": {
    "type": "LineString",
    "coordinates": [
     [
      -122.343126,
      47.6124043
     ],
     [
      -122.343161,
      47.6124269
     ],
     [
      -122.3432042,
      47.6124548
     ]
    ]
   },
   "properties": {
    "kind": "foot",
    "name": null,
    "inside": false,
    "level": null,
    "osm": "way/609364662"
   }
  },
  {
   "type": "Feature",
   "geometry": {
    "type": "LineString",
    "coordinates": [
     [
      -122.3432026,
      47.6125147
     ],
     [
      -122.343233,
      47.6124906
     ]
    ]
   },
   "properties": {
    "kind": "foot",
    "name": null,
    "inside": false,
    "level": null,
    "osm": "way/609364663"
   }
  },
  {
   "type": "Feature",
   "geometry": {
    "type": "LineString",
    "coordinates": [
     [
      -122.3430745,
      47.6126061
     ],
     [
      -122.3430848,
      47.6125987
     ],
     [
      -122.3431601,
      47.612545
     ],
     [
      -122.3432026,
      47.6125147
     ]
    ]
   },
   "properties": {
    "kind": "foot",
    "name": null,
    "inside": false,
    "level": null,
    "osm": "way/609364665"
   }
  },
  {
   "type": "Feature",
   "geometry": {
    "type": "LineString",
    "coordinates": [
     [
      -122.3430414,
      47.6124148
     ],
     [
      -122.343061,
      47.6123594
     ]
    ]
   },
   "properties": {
    "kind": "foot",
    "name": null,
    "inside": false,
    "level": null,
    "osm": "way/609364666"
   }
  },
  {
   "type": "Feature",
   "geometry": {
    "type": "LineString",
    "coordinates": [
     [
      -122.3428944,
      47.6125238
     ],
     [
      -122.3429127,
      47.6125104
     ]
    ]
   },
   "properties": {
    "kind": "foot",
    "name": null,
    "inside": false,
    "level": null,
    "osm": "way/609364667"
   }
  },
  {
   "type": "Feature",
   "geometry": {
    "type": "LineString",
    "coordinates": [
     [
      -122.3429127,
      47.6125104
     ],
     [
      -122.3429239,
      47.6125021
     ],
     [
      -122.342997,
      47.6124478
     ],
     [
      -122.3430414,
      47.6124148
     ]
    ]
   },
   "properties": {
    "kind": "foot",
    "name": null,
    "inside": false,
    "level": null,
    "osm": "way/609364668"
   }
  },
  {
   "type": "Feature",
   "geometry": {
    "type": "LineString",
    "coordinates": [
     [
      -122.3437497,
      47.6118732
     ],
     [
      -122.3437657,
      47.6118827
     ]
    ]
   },
   "properties": {
    "kind": "foot",
    "name": null,
    "inside": false,
    "level": null,
    "osm": "way/609365017"
   }
  },
  {
   "type": "Feature",
   "geometry": {
    "type": "LineString",
    "coordinates": [
     [
      -122.3437657,
      47.6118827
     ],
     [
      -122.3438242,
      47.6119186
     ],
     [
      -122.3438867,
      47.6119571
     ]
    ]
   },
   "properties": {
    "kind": "foot",
    "name": null,
    "inside": false,
    "level": null,
    "osm": "way/609365018"
   }
  },
  {
   "type": "Feature",
   "geometry": {
    "type": "LineString",
    "coordinates": [
     [
      -122.3438867,
      47.6119571
     ],
     [
      -122.3439088,
      47.6119708
     ]
    ]
   },
   "properties": {
    "kind": "foot",
    "name": null,
    "inside": false,
    "level": null,
    "osm": "way/609365019"
   }
  },
  {
   "type": "Feature",
   "geometry": {
    "type": "LineString",
    "coordinates": [
     [
      -122.3439496,
      47.6117061
     ],
     [
      -122.3439721,
      47.6117196
     ]
    ]
   },
   "properties": {
    "kind": "foot",
    "name": null,
    "inside": false,
    "level": null,
    "osm": "way/609365020"
   }
  },
  {
   "type": "Feature",
   "geometry": {
    "type": "LineString",
    "coordinates": [
     [
      -122.3439721,
      47.6117196
     ],
     [
      -122.3440205,
      47.6117699
     ],
     [
      -122.3440735,
      47.6118251
     ]
    ]
   },
   "properties": {
    "kind": "foot",
    "name": null,
    "inside": false,
    "level": null,
    "osm": "way/609365021"
   }
  },
  {
   "type": "Feature",
   "geometry": {
    "type": "LineString",
    "coordinates": [
     [
      -122.3440735,
      47.6118251
     ],
     [
      -122.3441084,
      47.6118229
     ]
    ]
   },
   "properties": {
    "kind": "foot",
    "name": null,
    "inside": false,
    "level": null,
    "osm": "way/609365022"
   }
  },
  {
   "type": "Feature",
   "geometry": {
    "type": "LineString",
    "coordinates": [
     [
      -122.3439459,
      47.6119483
     ],
     [
      -122.3440035,
      47.6118927
     ],
     [
      -122.3440735,
      47.6118251
     ]
    ]
   },
   "properties": {
    "kind": "foot",
    "name": null,
    "inside": false,
    "level": null,
    "osm": "way/609365024"
   }
  },
  {
   "type": "Feature",
   "geometry": {
    "type": "LineString",
    "coordinates": [
     [
      -122.3437068,
      47.6118473
     ],
     [
      -122.3437373,
      47.6118246
     ]
    ]
   },
   "properties": {
    "kind": "foot",
    "name": null,
    "inside": false,
    "level": null,
    "osm": "way/609365025"
   }
  },
  {
   "type": "Feature",
   "geometry": {
    "type": "LineString",
    "coordinates": [
     [
      -122.3437373,
      47.6118246
     ],
     [
      -122.3438043,
      47.6117754
     ],
     [
      -122.3438799,
      47.6117199
     ]
    ]
   },
   "properties": {
    "kind": "foot",
    "name": null,
    "inside": false,
    "level": null,
    "osm": "way/609365026"
   }
  },
  {
   "type": "Feature",
   "geometry": {
    "type": "LineString",
    "coordinates": [
     [
      -122.3438799,
      47.6117199
     ],
     [
      -122.3438997,
      47.6117047
     ]
    ]
   },
   "properties": {
    "kind": "foot",
    "name": null,
    "inside": false,
    "level": null,
    "osm": "way/609365027"
   }
  },
  {
   "type": "Feature",
   "geometry": {
    "type": "LineString",
    "coordinates": [
     [
      -122.3426135,
      47.6111695
     ],
     [
      -122.3426873,
      47.6111163
     ],
     [
      -122.3427743,
      47.6110535
     ]
    ]
   },
   "properties": {
    "kind": "foot",
    "name": null,
    "inside": false,
    "level": null,
    "osm": "way/609365028"
   }
  },
  {
   "type": "Feature",
   "geometry": {
    "type": "LineString",
    "coordinates": [
     [
      -122.3427743,
      47.6110535
     ],
     [
      -122.3428036,
      47.6110554
     ]
    ]
   },
   "properties": {
    "kind": "foot",
    "name": null,
    "inside": false,
    "level": null,
    "osm": "way/609365029"
   }
  },
  {
   "type": "Feature",
   "geometry": {
    "type": "LineString",
    "coordinates": [
     [
      -122.3437497,
      47.6118732
     ],
     [
      -122.3434171,
      47.6121279
     ],
     [
      -122.3431254,
      47.612352
     ],
     [
      -122.3430914,
      47.6123774
     ],
     [
      -122.343061,
      47.6123594
     ]
    ]
   },
   "properties": {
    "kind": "foot",
    "name": null,
    "inside": false,
    "level": null,
    "osm": "way/609365114"
   }
  },
  {
   "type": "Feature",
   "geometry": {
    "type": "LineString",
    "coordinates": [
     [
      -122.343061,
      47.6123594
     ],
     [
      -122.3419795,
      47.6117135
     ]
    ]
   },
   "properties": {
    "kind": "foot",
    "name": null,
    "inside": false,
    "level": null,
    "osm": "way/609365115"
   }
  },
  {
   "type": "Feature",
   "geometry": {
    "type": "LineString",
    "coordinates": [
     [
      -122.3426235,
      47.6111936
     ],
     [
      -122.3432432,
      47.6115681
     ],
     [
      -122.3432754,
      47.6115873
     ],
     [
      -122.3437068,
      47.6118473
     ],
     [
      -122.3437497,
      47.6118732
     ]
    ]
   },
   "properties": {
    "kind": "foot",
    "name": null,
    "inside": false,
    "level": null,
    "osm": "way/609365116"
   }
  },
  {
   "type": "Feature",
   "geometry": {
    "type": "LineString",
    "coordinates": [
     [
      -122.3419795,
      47.6117135
     ],
     [
      -122.34197,
      47.611702
     ],
     [
      -122.3419758,
      47.6116898
     ],
     [
      -122.3422804,
      47.6114562
     ],
     [
      -122.3426235,
      47.6111936
     ]
    ]
   },
   "properties": {
    "kind": "foot",
    "name": null,
    "inside": false,
    "level": null,
    "osm": "way/609365117"
   }
  },
  {
   "type": "Feature",
   "geometry": {
    "type": "LineString",
    "coordinates": [
     [
      -122.3453705,
      47.6108285
     ],
     [
      -122.3453263,
      47.6108008
     ],
     [
      -122.3452828,
      47.6107734
     ]
    ]
   },
   "properties": {
    "kind": "foot",
    "name": null,
    "inside": false,
    "level": null,
    "osm": "way/609368054"
   }
  },
  {
   "type": "Feature",
   "geometry": {
    "type": "LineString",
    "coordinates": [
     [
      -122.3452828,
      47.6107734
     ],
     [
      -122.3452643,
      47.6107711
     ],
     [
      -122.3452534,
      47.6107878
     ],
     [
      -122.3450477,
      47.6109439
     ],
     [
      -122.3448485,
      47.6110969
     ],
     [
      -122.3448351,
      47.6110979
     ]
    ]
   },
   "properties": {
    "kind": "foot",
    "name": null,
    "inside": false,
    "level": null,
    "osm": "way/609368057"
   }
  },
  {
   "type": "Feature",
   "geometry": {
    "type": "LineString",
    "coordinates": [
     [
      -122.3448069,
      47.6112956
     ],
     [
      -122.3448228,
      47.6112831
     ]
    ]
   },
   "properties": {
    "kind": "foot",
    "name": null,
    "inside": false,
    "level": null,
    "osm": "way/609368058"
   }
  },
  {
   "type": "Feature",
   "geometry": {
    "type": "LineString",
    "coordinates": [
     [
      -122.3448228,
      47.6112831
     ],
     [
      -122.3448564,
      47.6112537
     ],
     [
      -122.3448941,
      47.6112209
     ],
     [
      -122.3449488,
      47.6111731
     ]
    ]
   },
   "properties": {
    "kind": "foot",
    "name": null,
    "inside": false,
    "level": null,
    "osm": "way/609368059"
   }
  },
  {
   "type": "Feature",
   "geometry": {
    "type": "LineString",
    "coordinates": [
     [
      -122.3446456,
      47.6111932
     ],
     [
      -122.3447176,
      47.6111622
     ],
     [
      -122.344833,
      47.6111125
     ]
    ]
   },
   "properties": {
    "kind": "foot",
    "name": null,
    "inside": false,
    "level": null,
    "osm": "way/609368060"
   }
  },
  {
   "type": "Feature",
   "geometry": {
    "type": "LineString",
    "coordinates": [
     [
      -122.3446256,
      47.6111922
     ],
     [
      -122.3446456,
      47.6111932
     ]
    ]
   },
   "properties": {
    "kind": "foot",
    "name": null,
    "inside": false,
    "level": null,
    "osm": "way/609368061"
   }
  },
  {
   "type": "Feature",
   "geometry": {
    "type": "LineString",
    "coordinates": [
     [
      -122.3446456,
      47.6111932
     ],
     [
      -122.3447158,
      47.6112421
     ],
     [
      -122.3447691,
      47.6112794
     ]
    ]
   },
   "properties": {
    "kind": "foot",
    "name": null,
    "inside": false,
    "level": null,
    "osm": "way/609368062"
   }
  },
  {
   "type": "Feature",
   "geometry": {
    "type": "LineString",
    "coordinates": [
     [
      -122.3447691,
      47.6112794
     ],
     [
      -122.344792,
      47.6112928
     ]
    ]
   },
   "properties": {
    "kind": "foot",
    "name": null,
    "inside": false,
    "level": null,
    "osm": "way/609368063"
   }
  },
  {
   "type": "Feature",
   "geometry": {
    "type": "LineString",
    "coordinates": [
     [
      -122.344833,
      47.6111125
     ],
     [
      -122.3448869,
      47.6111407
     ],
     [
      -122.3449488,
      47.6111731
     ]
    ]
   },
   "properties": {
    "kind": "foot",
    "name": null,
    "inside": false,
    "level": null,
    "osm": "way/609368064"
   }
  },
  {
   "type": "Feature",
   "geometry": {
    "type": "LineString",
    "coordinates": [
     [
      -122.3448351,
      47.6110979
     ],
     [
      -122.344833,
      47.6111125
     ]
    ]
   },
   "properties": {
    "kind": "foot",
    "name": null,
    "inside": false,
    "level": null,
    "osm": "way/609368065"
   }
  },
  {
   "type": "Feature",
   "geometry": {
    "type": "LineString",
    "coordinates": [
     [
      -122.3449488,
      47.6111731
     ],
     [
      -122.3449679,
      47.6111681
     ]
    ]
   },
   "properties": {
    "kind": "foot",
    "name": null,
    "inside": false,
    "level": null,
    "osm": "way/609368066"
   }
  },
  {
   "type": "Feature",
   "geometry": {
    "type": "LineString",
    "coordinates": [
     [
      -122.3434919,
      47.6105132
     ],
     [
      -122.3438589,
      47.6107303
     ]
    ]
   },
   "properties": {
    "kind": "foot",
    "name": null,
    "inside": false,
    "level": null,
    "osm": "way/609368220"
   }
  },
  {
   "type": "Feature",
   "geometry": {
    "type": "LineString",
    "coordinates": [
     [
      -122.3446256,
      47.6111922
     ],
     [
      -122.344623,
      47.6112042
     ],
     [
      -122.3441323,
      47.6115697
     ],
     [
      -122.3439496,
      47.6117061
     ],
     [
      -122.3439339,
      47.6117123
     ],
     [
      -122.3439153,
      47.6117113
     ],
     [
      -122.3438997,
      47.6117047
     ]
    ]
   },
   "properties": {
    "kind": "foot",
    "name": null,
    "inside": false,
    "level": null,
    "osm": "way/609368221"
   }
  },
  {
   "type": "Feature",
   "geometry": {
    "type": "LineString",
    "coordinates": [
     [
      -122.3436546,
      47.6104542
     ],
     [
      -122.3436731,
      47.6104611
     ],
     [
      -122.3436909,
      47.610474
     ],
     [
      -122.343702,
      47.610493
     ],
     [
      -122.3436972,
      47.61052
     ],
     [
      -122.3438576,
      47.6107295
     ],
     [
      -122.3438589,
      47.6107303
     ],
     [
      -122.344201,
      47.6109337
     ],
     [
      -122.3446144,
      47.6111772
     ],
     [
      -122.3446256,
      47.6111922
     ]
    ]
   },
   "properties": {
    "kind": "foot",
    "name": null,
    "inside": true,
    "level": null,
    "osm": "way/609368222"
   }
  },
  {
   "type": "Feature",
   "geometry": {
    "type": "LineString",
    "coordinates": [
     [
      -122.3438997,
      47.6117047
     ],
     [
      -122.3428112,
      47.6110604
     ],
     [
      -122.3428036,
      47.6110554
     ]
    ]
   },
   "properties": {
    "kind": "foot",
    "name": null,
    "inside": false,
    "level": null,
    "osm": "way/609368223"
   }
  },
  {
   "type": "Feature",
   "geometry": {
    "type": "LineString",
    "coordinates": [
     [
      -122.3460718,
      47.6102164
     ],
     [
      -122.3460443,
      47.6102239
     ],
     [
      -122.3459885,
      47.6102541
     ]
    ]
   },
   "properties": {
    "kind": "foot",
    "name": null,
    "inside": false,
    "level": null,
    "osm": "way/609368612"
   }
  },
  {
   "type": "Feature",
   "geometry": {
    "type": "LineString",
    "coordinates": [
     [
      -122.3462275,
      47.610075
     ],
     [
      -122.3461936,
      47.6101004
     ],
     [
      -122.3461548,
      47.6101293
     ],
     [
      -122.3460978,
      47.6101768
     ],
     [
      -122.3460815,
      47.6102106
     ],
     [
      -122.3461,
      47.6102596
     ],
     [
      -122.346099,
      47.6102723
     ],
     [
      -122.3457972,
      47.6105128
     ]
    ]
   },
   "properties": {
    "kind": "foot",
    "name": null,
    "inside": false,
    "level": null,
    "osm": "way/609368615"
   }
  },
  {
   "type": "Feature",
   "geometry": {
    "type": "LineString",
    "coordinates": [
     [
      -122.3459294,
      47.6119377
     ],
     [
      -122.3459846,
      47.6119062
     ],
     [
      -122.3460818,
      47.6118498
     ]
    ]
   },
   "properties": {
    "kind": "foot",
    "name": null,
    "inside": false,
    "level": null,
    "osm": "way/609379806"
   }
  },
  {
   "type": "Feature",
   "geometry": {
    "type": "LineString",
    "coordinates": [
     [
      -122.3460976,
      47.612046
     ],
     [
      -122.346,
      47.6120002
     ],
     [
      -122.3459361,
      47.6119706
     ]
    ]
   },
   "properties": {
    "kind": "foot",
    "name": null,
    "inside": false,
    "level": null,
    "osm": "way/609379810"
   }
  },
  {
   "type": "Feature",
   "geometry": {
    "type": "LineString",
    "coordinates": [
     [
      -122.3454237,
      47.6114456
     ],
     [
      -122.3461184,
      47.6116029
     ],
     [
      -122.3463252,
      47.611644
     ]
    ]
   },
   "properties": {
    "kind": "foot",
    "name": null,
    "inside": false,
    "level": null,
    "osm": "way/609379821"
   }
  },
  {
   "type": "Feature",
   "geometry": {
    "type": "LineString",
    "coordinates": [
     [
      -122.3460814,
      47.6118344
     ],
     [
      -122.3454237,
      47.6114456
     ]
    ]
   },
   "properties": {
    "kind": "foot",
    "name": null,
    "inside": false,
    "level": null,
    "osm": "way/609379822"
   }
  },
  {
   "type": "Feature",
   "geometry": {
    "type": "LineString",
    "coordinates": [
     [
      -122.3454053,
      47.6125908
     ],
     [
      -122.3453753,
      47.6125888
     ]
    ]
   },
   "properties": {
    "kind": "foot",
    "name": null,
    "inside": false,
    "level": null,
    "osm": "way/609382036"
   }
  },
  {
   "type": "Feature",
   "geometry": {
    "type": "LineString",
    "coordinates": [
     [
      -122.3452286,
      47.6127334
     ],
     [
      -122.3452285,
      47.6127114
     ]
    ]
   },
   "properties": {
    "kind": "foot",
    "name": null,
    "inside": false,
    "level": null,
    "osm": "way/609382037"
   }
  },
  {
   "type": "Feature",
   "geometry": {
    "type": "LineString",
    "coordinates": [
     [
      -122.3453753,
      47.6125888
     ],
     [
      -122.3453074,
      47.6125376
     ],
     [
      -122.3452754,
      47.6125136
     ]
    ]
   },
   "properties": {
    "kind": "foot",
    "name": null,
    "inside": false,
    "level": null,
    "osm": "way/609382038"
   }
  },
  {
   "type": "Feature",
   "geometry": {
    "type": "LineString",
    "coordinates": [
     [
      -122.3452285,
      47.6127114
     ],
     [
      -122.3452973,
      47.612654
     ],
     [
      -122.3453753,
      47.6125888
     ]
    ]
   },
   "properties": {
    "kind": "foot",
    "name": null,
    "inside": false,
    "level": null,
    "osm": "way/609382039"
   }
  },
  {
   "type": "Feature",
   "geometry": {
    "type": "LineString",
    "coordinates": [
     [
      -122.3452754,
      47.6125136
     ],
     [
      -122.3452436,
      47.6124883
     ]
    ]
   },
   "properties": {
    "kind": "foot",
    "name": null,
    "inside": false,
    "level": null,
    "osm": "way/609382040"
   }
  },
  {
   "type": "Feature",
   "geometry": {
    "type": "LineString",
    "coordinates": [
     [
      -122.345075,
      47.6126406
     ],
     [
      -122.345135,
      47.6126683
     ],
     [
      -122.3452285,
      47.6127114
     ]
    ]
   },
   "properties": {
    "kind": "foot",
    "name": null,
    "inside": false,
    "level": null,
    "osm": "way/609382041"
   }
  },
  {
   "type": "Feature",
   "geometry": {
    "type": "LineString",
    "coordinates": [
     [
      -122.3451931,
      47.6125106
     ],
     [
      -122.3452163,
      47.6124909
     ]
    ]
   },
   "properties": {
    "kind": "foot",
    "name": null,
    "inside": false,
    "level": null,
    "osm": "way/609382042"
   }
  },
  {
   "type": "Feature",
   "geometry": {
    "type": "LineString",
    "coordinates": [
     [
      -122.345075,
      47.6126406
     ],
     [
      -122.3451446,
      47.612564
     ],
     [
      -122.3451931,
      47.6125106
     ]
    ]
   },
   "properties": {
    "kind": "foot",
    "name": null,
    "inside": false,
    "level": null,
    "osm": "way/609382043"
   }
  },
  {
   "type": "Feature",
   "geometry": {
    "type": "LineString",
    "coordinates": [
     [
      -122.3450576,
      47.6126385
     ],
     [
      -122.345075,
      47.6126406
     ]
    ]
   },
   "properties": {
    "kind": "foot",
    "name": null,
    "inside": false,
    "level": null,
    "osm": "way/609382044"
   }
  },
  {
   "type": "Feature",
   "geometry": {
    "type": "LineString",
    "coordinates": [
     [
      -122.3452163,
      47.6124909
     ],
     [
      -122.3441201,
      47.6118355
     ],
     [
      -122.3441084,
      47.6118229
     ]
    ]
   },
   "properties": {
    "kind": "foot",
    "name": null,
    "inside": false,
    "level": null,
    "osm": "way/609382045"
   }
  },
  {
   "type": "Feature",
   "geometry": {
    "type": "LineString",
    "coordinates": [
     [
      -122.344792,
      47.6112928
     ],
     [
      -122.3448069,
      47.6112956
     ],
     [
      -122.3459094,
      47.6119513
     ]
    ]
   },
   "properties": {
    "kind": "foot",
    "name": null,
    "inside": false,
    "level": null,
    "osm": "way/609382046"
   }
  },
  {
   "type": "Feature",
   "geometry": {
    "type": "LineString",
    "coordinates": [
     [
      -122.3459081,
      47.6119618
     ],
     [
      -122.3455693,
      47.6122302
     ],
     [
      -122.3452436,
      47.6124883
     ],
     [
      -122.3452163,
      47.6124909
     ]
    ]
   },
   "properties": {
    "kind": "foot",
    "name": null,
    "inside": false,
    "level": null,
    "osm": "way/609382047"
   }
  },
  {
   "type": "Feature",
   "geometry": {
    "type": "LineString",
    "coordinates": [
     [
      -122.3430551,
      47.612633
     ],
     [
      -122.3441903,
      47.6132983
     ],
     [
      -122.3442317,
      47.6133278
     ]
    ]
   },
   "properties": {
    "kind": "foot",
    "name": null,
    "inside": false,
    "level": null,
    "osm": "way/609388020"
   }
  },
  {
   "type": "Feature",
   "geometry": {
    "type": "LineString",
    "coordinates": [
     [
      -122.3450576,
      47.6126385
     ],
     [
      -122.3447164,
      47.6129018
     ],
     [
      -122.344387,
      47.6131564
     ],
     [
      -122.3443686,
      47.6131583
     ]
    ]
   },
   "properties": {
    "kind": "foot",
    "name": null,
    "inside": false,
    "level": null,
    "osm": "way/609388036"
   }
  },
  {
   "type": "Feature",
   "geometry": {
    "type": "LineString",
    "coordinates": [
     [
      -122.3439202,
      47.6119695
     ],
     [
      -122.344586,
      47.612358
     ],
     [
      -122.3447654,
      47.6124627
     ],
     [
      -122.3450472,
      47.6126271
     ],
     [
      -122.3450576,
      47.6126385
     ]
    ]
   },
   "properties": {
    "kind": "foot",
    "name": null,
    "inside": false,
    "level": null,
    "osm": "way/609388037"
   }
  },
  {
   "type": "Feature",
   "geometry": {
    "type": "LineString",
    "coordinates": [
     [
      -122.3439459,
      47.6119483
     ],
     [
      -122.3439202,
      47.6119695
     ],
     [
      -122.3439088,
      47.6119708
     ],
     [
      -122.3435791,
      47.6122239
     ],
     [
      -122.3432544,
      47.6124732
     ],
     [
      -122.343233,
      47.6124906
     ]
    ]
   },
   "properties": {
    "kind": "foot",
    "name": null,
    "inside": false,
    "level": null,
    "osm": "way/609388038"
   }
  },
  {
   "type": "Feature",
   "geometry": {
    "type": "LineString",
    "coordinates": [
     [
      -122.3443686,
      47.6131583
     ],
     [
      -122.343233,
      47.6124906
     ]
    ]
   },
   "properties": {
    "kind": "foot",
    "name": null,
    "inside": false,
    "level": null,
    "osm": "way/609388039"
   }
  },
  {
   "type": "Feature",
   "geometry": {
    "type": "LineString",
    "coordinates": [
     [
      -122.3465523,
      47.6132604
     ],
     [
      -122.3465311,
      47.613258
     ],
     [
      -122.3454158,
      47.6126041
     ],
     [
      -122.3454053,
      47.6125908
     ]
    ]
   },
   "properties": {
    "kind": "foot",
    "name": null,
    "inside": false,
    "level": null,
    "osm": "way/609388924"
   }
  },
  {
   "type": "Feature",
   "geometry": {
    "type": "LineString",
    "coordinates": [
     [
      -122.3452286,
      47.6127334
     ],
     [
      -122.3454054,
      47.6128381
     ],
     [
      -122.3455187,
      47.6129052
     ],
     [
      -122.3463484,
      47.6133963
     ]
    ]
   },
   "properties": {
    "kind": "foot",
    "name": null,
    "inside": false,
    "level": null,
    "osm": "way/609389622"
   }
  },
  {
   "type": "Feature",
   "geometry": {
    "type": "LineString",
    "coordinates": [
     [
      -122.3445335,
      47.6132557
     ],
     [
      -122.3445401,
      47.6132412
     ],
     [
      -122.3448712,
      47.6129924
     ],
     [
      -122.3452078,
      47.6127395
     ],
     [
      -122.3452286,
      47.6127334
     ]
    ]
   },
   "properties": {
    "kind": "foot",
    "name": null,
    "inside": false,
    "level": null,
    "osm": "way/609389623"
   }
  },
  {
   "type": "Feature",
   "geometry": {
    "type": "LineString",
    "coordinates": [
     [
      -122.3412986,
      47.6068656
     ],
     [
      -122.341417,
      47.6069938
     ],
     [
      -122.3415485,
      47.6070917
     ],
     [
      -122.341723,
      47.6071933
     ],
     [
      -122.3419018,
      47.6073434
     ],
     [
      -122.3422314,
      47.6075744
     ]
    ]
   },
   "properties": {
    "kind": "foot",
    "name": null,
    "inside": false,
    "level": null,
    "osm": "way/635477814"
   }
  },
  {
   "type": "Feature",
   "geometry": {
    "type": "LineString",
    "coordinates": [
     [
      -122.3445032,
      47.6109068
     ],
     [
      -122.3446745,
      47.6107668
     ],
     [
      -122.3445951,
      47.6107202
     ],
     [
      -122.3445307,
      47.6106831
     ],
     [
      -122.3444948,
      47.6106625
     ],
     [
      -122.3443429,
      47.6107825
     ]
    ]
   },
   "properties": {
    "kind": "foot",
    "name": null,
    "inside": false,
    "level": null,
    "osm": "way/719043235"
   }
  },
  {
   "type": "Feature",
   "geometry": {
    "type": "LineString",
    "coordinates": [
     [
      -122.3446041,
      47.6107128
     ],
     [
      -122.3445951,
      47.6107202
     ],
     [
      -122.3444261,
      47.610862
     ]
    ]
   },
   "properties": {
    "kind": "foot",
    "name": null,
    "inside": false,
    "level": null,
    "osm": "way/719043236"
   }
  },
  {
   "type": "Feature",
   "geometry": {
    "type": "LineString",
    "coordinates": [
     [
      -122.3443544,
      47.6108213
     ],
     [
      -122.3445307,
      47.6106831
     ]
    ]
   },
   "properties": {
    "kind": "foot",
    "name": null,
    "inside": false,
    "level": null,
    "osm": "way/719043237"
   }
  },
  {
   "type": "Feature",
   "geometry": {
    "type": "LineString",
    "coordinates": [
     [
      -122.344201,
      47.6109337
     ],
     [
      -122.344153,
      47.6109704
     ],
     [
      -122.3441138,
      47.6109461
     ],
     [
      -122.3439693,
      47.6110523
     ],
     [
      -122.3439271,
      47.6110262
     ],
     [
      -122.3439047,
      47.6110427
     ]
    ]
   },
   "properties": {
    "kind": "foot",
    "name": null,
    "inside": false,
    "level": null,
    "osm": "way/719043242"
   }
  },
  {
   "type": "Feature",
   "geometry": {
    "type": "LineString",
    "coordinates": [
     [
      -122.3424038,
      47.6131376
     ],
     [
      -122.3427168,
      47.6128951
     ],
     [
      -122.3430551,
      47.612633
     ],
     [
      -122.3430506,
      47.6126247
     ]
    ]
   },
   "properties": {
    "kind": "foot",
    "name": null,
    "inside": false,
    "level": null,
    "osm": "way/732018148"
   }
  },
  {
   "type": "Feature",
   "geometry": {
    "type": "LineString",
    "coordinates": [
     [
      -122.340937,
      47.607164
     ],
     [
      -122.341195,
      47.6074394
     ],
     [
      -122.3413,
      47.6075354
     ],
     [
      -122.3413934,
      47.6076086
     ],
     [
      -122.3415177,
      47.6077063
     ],
     [
      -122.341726,
      47.607813
     ],
     [
      -122.3419203,
      47.6079491
     ],
     [
      -122.3418786,
      47.607968
     ],
     [
      -122.3419473,
      47.6080223
     ],
     [
      -122.3420826,
      47.6081294
     ],
     [
      -122.3421447,
      47.6082097
     ],
     [
      -122.3422728,
      47.6083561
     ],
     [
      -122.342343,
      47.6084274
     ]
    ]
   },
   "properties": {
    "kind": "foot",
    "name": null,
    "inside": false,
    "level": null,
    "osm": "way/862468753"
   }
  },
  {
   "type": "Feature",
   "geometry": {
    "type": "LineString",
    "coordinates": [
     [
      -122.342274,
      47.6084904
     ],
     [
      -122.3422311,
      47.6085076
     ],
     [
      -122.3422032,
      47.6085188
     ],
     [
      -122.3421529,
      47.6085263
     ]
    ]
   },
   "properties": {
    "kind": "foot",
    "name": null,
    "inside": true,
    "level": null,
    "osm": "way/862468754"
   }
  },
  {
   "type": "Feature",
   "geometry": {
    "type": "LineString",
    "coordinates": [
     [
      -122.3415898,
      47.6117815
     ],
     [
      -122.3415707,
      47.6117703
     ]
    ]
   },
   "properties": {
    "kind": "foot",
    "name": null,
    "inside": false,
    "level": null,
    "osm": "way/885213314"
   }
  },
  {
   "type": "Feature",
   "geometry": {
    "type": "LineString",
    "coordinates": [
     [
      -122.3409185,
      47.6122713
     ],
     [
      -122.3409406,
      47.6122846
     ]
    ]
   },
   "properties": {
    "kind": "foot",
    "name": null,
    "inside": false,
    "level": null,
    "osm": "way/905518091"
   }
  },
  {
   "type": "Feature",
   "geometry": {
    "type": "LineString",
    "coordinates": [
     [
      -122.3409048,
      47.6122636
     ],
     [
      -122.3408765,
      47.6122857
     ]
    ]
   },
   "properties": {
    "kind": "foot",
    "name": null,
    "inside": false,
    "level": null,
    "osm": "way/905518092"
   }
  },
  {
   "type": "Feature",
   "geometry": {
    "type": "LineString",
    "coordinates": [
     [
      -122.3406982,
      47.6124122
     ],
     [
      -122.3407289,
      47.6123938
     ]
    ]
   },
   "properties": {
    "kind": "foot",
    "name": null,
    "inside": false,
    "level": null,
    "osm": "way/905518093"
   }
  },
  {
   "type": "Feature",
   "geometry": {
    "type": "LineString",
    "coordinates": [
     [
      -122.3407072,
      47.6124348
     ],
     [
      -122.3407349,
      47.6124413
     ]
    ]
   },
   "properties": {
    "kind": "foot",
    "name": null,
    "inside": false,
    "level": null,
    "osm": "way/905518094"
   }
  },
  {
   "type": "Feature",
   "geometry": {
    "type": "LineString",
    "coordinates": [
     [
      -122.3400602,
      47.6129347
     ],
     [
      -122.3400801,
      47.6129458
     ]
    ]
   },
   "properties": {
    "kind": "foot",
    "name": null,
    "inside": false,
    "level": null,
    "osm": "way/905531042"
   }
  },
  {
   "type": "Feature",
   "geometry": {
    "type": "Polygon",
    "coordinates": [
     [
      [
       -122.3444942,
       47.608341
      ],
      [
       -122.3442234,
       47.6083393
      ],
      [
       -122.3442232,
       47.6083553
      ],
      [
       -122.344494,
       47.608357
      ],
      [
       -122.3445539,
       47.6083574
      ],
      [
       -122.3445542,
       47.6083414
      ],
      [
       -122.3444942,
       47.608341
      ]
     ]
    ]
   },
   "properties": {
    "kind": "foot",
    "name": null,
    "inside": false,
    "level": null,
    "osm": "way/934499087"
   }
  },
  {
   "type": "Feature",
   "geometry": {
    "type": "LineString",
    "coordinates": [
     [
      -122.3413891,
      47.6083153
     ],
     [
      -122.3413844,
      47.6083101
     ],
     [
      -122.3412758,
      47.6082972
     ],
     [
      -122.3412681,
      47.6083189
     ],
     [
      -122.3412904,
      47.6083422
     ],
     [
      -122.3412877,
      47.6083494
     ],
     [
      -122.3412698,
      47.608357
     ]
    ]
   },
   "properties": {
    "kind": "foot",
    "name": null,
    "inside": false,
    "level": null,
    "osm": "way/975886373"
   }
  },
  {
   "type": "Feature",
   "geometry": {
    "type": "LineString",
    "coordinates": [
     [
      -122.3400015,
      47.6088449
     ],
     [
      -122.3398761,
      47.608897
     ]
    ]
   },
   "properties": {
    "kind": "foot",
    "name": "Pike Street",
    "inside": false,
    "level": null,
    "osm": "way/1027523807"
   }
  },
  {
   "type": "Feature",
   "geometry": {
    "type": "LineString",
    "coordinates": [
     [
      -122.3389072,
      47.606767
     ],
     [
      -122.3389434,
      47.6068061
     ],
     [
      -122.338953,
      47.6068165
     ],
     [
      -122.339086,
      47.6069625
     ]
    ]
   },
   "properties": {
    "kind": "foot",
    "name": "Post Alley",
    "inside": false,
    "level": null,
    "osm": "way/1027523815"
   }
  },
  {
   "type": "Feature",
   "geometry": {
    "type": "LineString",
    "coordinates": [
     [
      -122.3385835,
      47.6064086
     ],
     [
      -122.3386103,
      47.6064379
     ]
    ]
   },
   "properties": {
    "kind": "foot",
    "name": "Post Alley",
    "inside": false,
    "level": null,
    "osm": "way/1027523817"
   }
  },
  {
   "type": "Feature",
   "geometry": {
    "type": "LineString",
    "coordinates": [
     [
      -122.3381701,
      47.6059563
     ],
     [
      -122.3381976,
      47.6059838
     ]
    ]
   },
   "properties": {
    "kind": "foot",
    "name": "Post Alley",
    "inside": false,
    "level": null,
    "osm": "way/1027523819"
   }
  },
  {
   "type": "Feature",
   "geometry": {
    "type": "LineString",
    "coordinates": [
     [
      -122.3383591,
      47.6061239
     ],
     [
      -122.3384444,
      47.6060858
     ]
    ]
   },
   "properties": {
    "kind": "foot",
    "name": null,
    "inside": false,
    "level": null,
    "osm": "way/1027523822"
   }
  },
  {
   "type": "Feature",
   "geometry": {
    "type": "LineString",
    "coordinates": [
     [
      -122.3381927,
      47.6061991
     ],
     [
      -122.3383045,
      47.6061485
     ]
    ]
   },
   "properties": {
    "kind": "foot",
    "name": null,
    "inside": false,
    "level": null,
    "osm": "way/1027523823"
   }
  },
  {
   "type": "Feature",
   "geometry": {
    "type": "LineString",
    "coordinates": [
     [
      -122.3382546,
      47.606047
     ],
     [
      -122.3382942,
      47.6060907
     ]
    ]
   },
   "properties": {
    "kind": "foot",
    "name": "Post Alley",
    "inside": false,
    "level": null,
    "osm": "way/1027523824"
   }
  },
  {
   "type": "Feature",
   "geometry": {
    "type": "LineString",
    "coordinates": [
     [
      -122.3385399,
      47.6063608
     ],
     [
      -122.3385595,
      47.6063823
     ]
    ]
   },
   "properties": {
    "kind": "foot",
    "name": "Post Alley",
    "inside": false,
    "level": null,
    "osm": "way/1027523826"
   }
  },
  {
   "type": "Feature",
   "geometry": {
    "type": "LineString",
    "coordinates": [
     [
      -122.3405484,
      47.6085218
     ],
     [
      -122.3405207,
      47.6085336
     ],
     [
      -122.3404817,
      47.6085505
     ]
    ]
   },
   "properties": {
    "kind": "foot",
    "name": null,
    "inside": true,
    "level": null,
    "osm": "way/1027523833"
   }
  },
  {
   "type": "Feature",
   "geometry": {
    "type": "LineString",
    "coordinates": [
     [
      -122.3405484,
      47.6085218
     ],
     [
      -122.3407101,
      47.6084545
     ]
    ]
   },
   "properties": {
    "kind": "foot",
    "name": null,
    "inside": true,
    "level": null,
    "osm": "way/1027523834"
   }
  },
  {
   "type": "Feature",
   "geometry": {
    "type": "LineString",
    "coordinates": [
     [
      -122.3404817,
      47.6085505
     ],
     [
      -122.3404576,
      47.6085596
     ]
    ]
   },
   "properties": {
    "kind": "foot",
    "name": null,
    "inside": true,
    "level": null,
    "osm": "way/1027523835"
   }
  },
  {
   "type": "Feature",
   "geometry": {
    "type": "LineString",
    "coordinates": [
     [
      -122.3410198,
      47.6084035
     ],
     [
      -122.3409963,
      47.6084125
     ],
     [
      -122.3409473,
      47.6083568
     ],
     [
      -122.3409312,
      47.6083639
     ]
    ]
   },
   "properties": {
    "kind": "foot",
    "name": null,
    "inside": true,
    "level": null,
    "osm": "way/1027523837"
   }
  },
  {
   "type": "Feature",
   "geometry": {
    "type": "LineString",
    "coordinates": [
     [
      -122.3408494,
      47.6083979
     ],
     [
      -122.3408265,
      47.6084076
     ],
     [
      -122.3408414,
      47.6084239
     ]
    ]
   },
   "properties": {
    "kind": "foot",
    "name": null,
    "inside": true,
    "level": null,
    "osm": "way/1027523839"
   }
  },
  {
   "type": "Feature",
   "geometry": {
    "type": "LineString",
    "coordinates": [
     [
      -122.3408807,
      47.6084691
     ],
     [
      -122.3408946,
      47.6084833
     ],
     [
      -122.340863,
      47.6084973
     ],
     [
      -122.3408483,
      47.6084818
     ]
    ]
   },
   "properties": {
    "kind": "foot",
    "name": null,
    "inside": true,
    "level": null,
    "osm": "way/1027523841"
   }
  },
  {
   "type": "Feature",
   "geometry": {
    "type": "LineString",
    "coordinates": [
     [
      -122.3408282,
      47.6084592
     ],
     [
      -122.3408174,
      47.6084474
     ],
     [
      -122.3407866,
      47.6084597
     ],
     [
      -122.3407981,
      47.6084722
     ]
    ]
   },
   "properties": {
    "kind": "foot",
    "name": null,
    "inside": true,
    "level": null,
    "osm": "way/1027523843"
   }
  },
  {
   "type": "Feature",
   "geometry": {
    "type": "LineString",
    "coordinates": [
     [
      -122.3408144,
      47.6084892
     ],
     [
      -122.3408226,
      47.6084977
     ],
     [
      -122.3407699,
      47.6085192
     ],
     [
      -122.3407148,
      47.6084597
     ]
    ]
   },
   "properties": {
    "kind": "foot",
    "name": null,
    "inside": true,
    "level": null,
    "osm": "way/1027523845"
   }
  },
  {
   "type": "Feature",
   "geometry": {
    "type": "LineString",
    "coordinates": [
     [
      -122.3407148,
      47.6084597
     ],
     [
      -122.3407101,
      47.6084545
     ]
    ]
   },
   "properties": {
    "kind": "foot",
    "name": null,
    "inside": true,
    "level": null,
    "osm": "way/1027523846"
   }
  },
  {
   "type": "Feature",
   "geometry": {
    "type": "LineString",
    "coordinates": [
     [
      -122.3411293,
      47.6090263
     ],
     [
      -122.3410693,
      47.6090701
     ],
     [
      -122.341059,
      47.6090776
     ]
    ]
   },
   "properties": {
    "kind": "foot",
    "name": "Post Alley",
    "inside": true,
    "level": null,
    "osm": "way/1027523848"
   }
  },
  {
   "type": "Feature",
   "geometry": {
    "type": "LineString",
    "coordinates": [
     [
      -122.3415329,
      47.609636
     ],
     [
      -122.3415463,
      47.6096505
     ],
     [
      -122.3417464,
      47.6098628
     ],
     [
      -122.3417603,
      47.6098788
     ]
    ]
   },
   "properties": {
    "kind": "foot",
    "name": "Post Alley",
    "inside": true,
    "level": null,
    "osm": "way/1027523849"
   }
  },
  {
   "type": "Feature",
   "geometry": {
    "type": "LineString",
    "coordinates": [
     [
      -122.3414507,
      47.6095347
     ],
     [
      -122.341496,
      47.609592
     ],
     [
      -122.3415329,
      47.609636
     ]
    ]
   },
   "properties": {
    "kind": "foot",
    "name": "Post Alley",
    "inside": true,
    "level": null,
    "osm": "way/1027523850"
   }
  },
  {
   "type": "Feature",
   "geometry": {
    "type": "LineString",
    "coordinates": [
     [
      -122.3417603,
      47.6098788
     ],
     [
      -122.341784,
      47.6099392
     ],
     [
      -122.341816,
      47.6100133
     ]
    ]
   },
   "properties": {
    "kind": "foot",
    "name": "Post Alley",
    "inside": true,
    "level": null,
    "osm": "way/1027523851"
   }
  },
  {
   "type": "Feature",
   "geometry": {
    "type": "LineString",
    "coordinates": [
     [
      -122.3429484,
      47.6106731
     ],
     [
      -122.3429581,
      47.6106789
     ],
     [
      -122.3430425,
      47.6107298
     ]
    ]
   },
   "properties": {
    "kind": "foot",
    "name": "Post Alley",
    "inside": true,
    "level": null,
    "osm": "way/1027523853"
   }
  },
  {
   "type": "Feature",
   "geometry": {
    "type": "LineString",
    "coordinates": [
     [
      -122.3411286,
      47.6084792
     ],
     [
      -122.3411157,
      47.6084847
     ]
    ]
   },
   "properties": {
    "kind": "foot",
    "name": null,
    "inside": true,
    "level": null,
    "osm": "way/1027523856"
   }
  },
  {
   "type": "Feature",
   "geometry": {
    "type": "LineString",
    "coordinates": [
     [
      -122.3452732,
      47.6104884
     ],
     [
      -122.3453203,
      47.6104849
     ],
     [
      -122.3455267,
      47.6106051
     ]
    ]
   },
   "properties": {
    "kind": "foot",
    "name": null,
    "inside": false,
    "level": null,
    "osm": "way/1047597838"
   }
  },
  {
   "type": "Feature",
   "geometry": {
    "type": "LineString",
    "coordinates": [
     [
      -122.3398761,
      47.608897
     ],
     [
      -122.33986,
      47.6089033
     ],
     [
      -122.3394619,
      47.6090677
     ]
    ]
   },
   "properties": {
    "kind": "foot",
    "name": "Pike Street",
    "inside": false,
    "level": null,
    "osm": "way/1070101855"
   }
  },
  {
   "type": "Feature",
   "geometry": {
    "type": "LineString",
    "coordinates": [
     [
      -122.3407162,
      47.6071323
     ],
     [
      -122.3406867,
      47.6070999
     ]
    ]
   },
   "properties": {
    "kind": "foot",
    "name": null,
    "inside": false,
    "level": null,
    "osm": "way/1120881861"
   }
  },
  {
   "type": "Feature",
   "geometry": {
    "type": "LineString",
    "coordinates": [
     [
      -122.3406867,
      47.6070999
     ],
     [
      -122.3408202,
      47.6070455
     ]
    ]
   },
   "properties": {
    "kind": "foot",
    "name": null,
    "inside": false,
    "level": null,
    "osm": "way/1120881862"
   }
  },
  {
   "type": "Feature",
   "geometry": {
    "type": "LineString",
    "coordinates": [
     [
      -122.3454053,
      47.6125908
     ],
     [
      -122.3454166,
      47.6125725
     ],
     [
      -122.3457226,
      47.6123359
     ],
     [
      -122.3457373,
      47.61233
     ],
     [
      -122.3457704,
      47.6123168
     ],
     [
      -122.3460979,
      47.6120625
     ]
    ]
   },
   "properties": {
    "kind": "foot",
    "name": null,
    "inside": false,
    "level": null,
    "osm": "way/1149342983"
   }
  },
  {
   "type": "Feature",
   "geometry": {
    "type": "LineString",
    "coordinates": [
     [
      -122.3459294,
      47.6119377
     ],
     [
      -122.3459094,
      47.6119513
     ]
    ]
   },
   "properties": {
    "kind": "foot",
    "name": null,
    "inside": false,
    "level": null,
    "osm": "way/1149342984"
   }
  },
  {
   "type": "Feature",
   "geometry": {
    "type": "LineString",
    "coordinates": [
     [
      -122.3459361,
      47.6119706
     ],
     [
      -122.3459081,
      47.6119618
     ]
    ]
   },
   "properties": {
    "kind": "foot",
    "name": null,
    "inside": false,
    "level": null,
    "osm": "way/1149342985"
   }
  },
  {
   "type": "Feature",
   "geometry": {
    "type": "LineString",
    "coordinates": [
     [
      -122.3460338,
      47.610058
     ],
     [
      -122.3458613,
      47.610192
     ]
    ]
   },
   "properties": {
    "kind": "foot",
    "name": null,
    "inside": false,
    "level": null,
    "osm": "way/1149790612"
   }
  },
  {
   "type": "Feature",
   "geometry": {
    "type": "LineString",
    "coordinates": [
     [
      -122.3441084,
      47.6118229
     ],
     [
      -122.3441127,
      47.61181
     ],
     [
      -122.3444343,
      47.6115586
     ],
     [
      -122.3447718,
      47.6112948
     ],
     [
      -122.344792,
      47.6112928
     ]
    ]
   },
   "properties": {
    "kind": "foot",
    "name": null,
    "inside": false,
    "level": null,
    "osm": "way/1149790613"
   }
  },
  {
   "type": "Feature",
   "geometry": {
    "type": "LineString",
    "coordinates": [
     [
      -122.3459496,
      47.610308
     ],
     [
      -122.3459281,
      47.6102958
     ],
     [
      -122.3459885,
      47.6102541
     ]
    ]
   },
   "properties": {
    "kind": "foot",
    "name": null,
    "inside": false,
    "level": null,
    "osm": "way/1149790615"
   }
  },
  {
   "type": "Feature",
   "geometry": {
    "type": "LineString",
    "coordinates": [
     [
      -122.3459885,
      47.6102541
     ],
     [
      -122.3459477,
      47.6102567
     ],
     [
      -122.3459283,
      47.6102598
     ],
     [
      -122.3459119,
      47.6102661
     ]
    ]
   },
   "properties": {
    "kind": "foot",
    "name": null,
    "inside": false,
    "level": null,
    "osm": "way/1149790616"
   }
  },
  {
   "type": "Feature",
   "geometry": {
    "type": "LineString",
    "coordinates": [
     [
      -122.3430506,
      47.6126247
     ],
     [
      -122.3430175,
      47.6126053
     ]
    ]
   },
   "properties": {
    "kind": "foot",
    "name": null,
    "inside": false,
    "level": null,
    "osm": "way/1149803562"
   }
  },
  {
   "type": "Feature",
   "geometry": {
    "type": "LineString",
    "coordinates": [
     [
      -122.3430745,
      47.6126061
     ],
     [
      -122.3430506,
      47.6126247
     ]
    ]
   },
   "properties": {
    "kind": "foot",
    "name": null,
    "inside": false,
    "level": null,
    "osm": "way/1149803563"
   }
  },
  {
   "type": "Feature",
   "geometry": {
    "type": "LineString",
    "coordinates": [
     [
      -122.3428036,
      47.6110554
     ],
     [
      -122.3428043,
      47.6110476
     ],
     [
      -122.3434919,
      47.6105132
     ],
     [
      -122.3435195,
      47.6104919
     ],
     [
      -122.3435547,
      47.6104676
     ],
     [
      -122.3435863,
      47.6104534
     ]
    ]
   },
   "properties": {
    "kind": "foot",
    "name": null,
    "inside": true,
    "level": null,
    "osm": "way/1149827264"
   }
  },
  {
   "type": "Feature",
   "geometry": {
    "type": "LineString",
    "coordinates": [
     [
      -122.3435139,
      47.610344
     ],
     [
      -122.343543,
      47.6103894
     ],
     [
      -122.3435789,
      47.6104423
     ]
    ]
   },
   "properties": {
    "kind": "foot",
    "name": null,
    "inside": true,
    "level": null,
    "osm": "way/1149827265"
   }
  },
  {
   "type": "Feature",
   "geometry": {
    "type": "LineString",
    "coordinates": [
     [
      -122.3435789,
      47.6104423
     ],
     [
      -122.3435863,
      47.6104534
     ]
    ]
   },
   "properties": {
    "kind": "foot",
    "name": null,
    "inside": true,
    "level": null,
    "osm": "way/1149827266"
   }
  },
  {
   "type": "Feature",
   "geometry": {
    "type": "LineString",
    "coordinates": [
     [
      -122.3434997,
      47.610323
     ],
     [
      -122.3435139,
      47.610344
     ]
    ]
   },
   "properties": {
    "kind": "foot",
    "name": null,
    "inside": true,
    "level": null,
    "osm": "way/1149827267"
   }
  },
  {
   "type": "Feature",
   "geometry": {
    "type": "LineString",
    "coordinates": [
     [
      -122.3417851,
      47.6116089
     ],
     [
      -122.341777,
      47.6116088
     ],
     [
      -122.3414537,
      47.6114183
     ],
     [
      -122.3406552,
      47.6109479
     ]
    ]
   },
   "properties": {
    "kind": "foot",
    "name": null,
    "inside": false,
    "level": null,
    "osm": "way/1149827268"
   }
  },
  {
   "type": "Feature",
   "geometry": {
    "type": "LineString",
    "coordinates": [
     [
      -122.3451167,
      47.6095198
     ],
     [
      -122.3448874,
      47.6093855
     ]
    ]
   },
   "properties": {
    "kind": "foot",
    "name": "Elliott Bay Trail",
    "inside": false,
    "level": null,
    "osm": "way/1149827269"
   }
  },
  {
   "type": "Feature",
   "geometry": {
    "type": "LineString",
    "coordinates": [
     [
      -122.341777,
      47.6116088
     ],
     [
      -122.3417569,
      47.6116245
     ]
    ]
   },
   "properties": {
    "kind": "foot",
    "name": null,
    "inside": false,
    "level": null,
    "osm": "way/1149938369"
   }
  },
  {
   "type": "Feature",
   "geometry": {
    "type": "LineString",
    "coordinates": [
     [
      -122.3424384,
      47.6110885
     ],
     [
      -122.3424403,
      47.6110999
     ],
     [
      -122.3424347,
      47.611115
     ],
     [
      -122.3421139,
      47.6113586
     ],
     [
      -122.3419285,
      47.6114998
     ],
     [
      -122.3417851,
      47.6116089
     ]
    ]
   },
   "properties": {
    "kind": "foot",
    "name": null,
    "inside": false,
    "level": null,
    "osm": "way/1149938370"
   }
  },
  {
   "type": "Feature",
   "geometry": {
    "type": "LineString",
    "coordinates": [
     [
      -122.3380664,
      47.6129429
     ],
     [
      -122.3383923,
      47.6126905
     ],
     [
      -122.3387264,
      47.6124375
     ],
     [
      -122.3387408,
      47.6124262
     ]
    ]
   },
   "properties": {
    "kind": "foot",
    "name": null,
    "inside": false,
    "level": null,
    "osm": "way/1150004574"
   }
  },
  {
   "type": "Feature",
   "geometry": {
    "type": "LineString",
    "coordinates": [
     [
      -122.3378444,
      47.6116624
     ],
     [
      -122.3383085,
      47.6121645
     ],
     [
      -122.338318,
      47.6121896
     ]
    ]
   },
   "properties": {
    "kind": "foot",
    "name": null,
    "inside": false,
    "level": null,
    "osm": "way/1150019718"
   }
  },
  {
   "type": "Feature",
   "geometry": {
    "type": "LineString",
    "coordinates": [
     [
      -122.338318,
      47.6121896
     ],
     [
      -122.3383089,
      47.6122008
     ],
     [
      -122.3378773,
      47.6123802
     ],
     [
      -122.337827,
      47.6124011
     ],
     [
      -122.3374854,
      47.6125436
     ]
    ]
   },
   "properties": {
    "kind": "foot",
    "name": null,
    "inside": false,
    "level": null,
    "osm": "way/1150019719"
   }
  },
  {
   "type": "Feature",
   "geometry": {
    "type": "LineString",
    "coordinates": [
     [
      -122.3386347,
      47.6108722
     ],
     [
      -122.3386939,
      47.6108827
     ],
     [
      -122.3388129,
      47.6110137
     ],
     [
      -122.3392032,
      47.611439
     ],
     [
      -122.339373,
      47.6116191
     ],
     [
      -122.3393836,
      47.6116467
     ],
     [
      -122.339386,
      47.6116641
     ],
     [
      -122.3393844,
      47.6116748
     ]
    ]
   },
   "properties": {
    "kind": "foot",
    "name": null,
    "inside": false,
    "level": null,
    "osm": "way/1150019720"
   }
  },
  {
   "type": "Feature",
   "geometry": {
    "type": "LineString",
    "coordinates": [
     [
      -122.3396109,
      47.6115073
     ],
     [
      -122.3395816,
      47.6114894
     ],
     [
      -122.3389187,
      47.6107806
     ],
     [
      -122.3389132,
      47.6107637
     ],
     [
      -122.3389255,
      47.6107484
     ]
    ]
   },
   "properties": {
    "kind": "foot",
    "name": null,
    "inside": false,
    "level": null,
    "osm": "way/1150019721"
   }
  },
  {
   "type": "Feature",
   "geometry": {
    "type": "LineString",
    "coordinates": [
     [
      -122.3389468,
      47.6122884
     ],
     [
      -122.3389324,
      47.6122704
     ],
     [
      -122.3389635,
      47.6122449
     ],
     [
      -122.3395802,
      47.6117713
     ],
     [
      -122.3395987,
      47.6117653
     ],
     [
      -122.339623,
      47.6117643
     ],
     [
      -122.3396362,
      47.6117547
     ]
    ]
   },
   "properties": {
    "kind": "foot",
    "name": null,
    "inside": false,
    "level": null,
    "osm": "way/1150019722"
   }
  },
  {
   "type": "Feature",
   "geometry": {
    "type": "LineString",
    "coordinates": [
     [
      -122.3393844,
      47.6116748
     ],
     [
      -122.3393624,
      47.6117181
     ],
     [
      -122.3392277,
      47.6118161
     ],
     [
      -122.3391915,
      47.6118365
     ],
     [
      -122.3386193,
      47.612074
     ],
     [
      -122.3385996,
      47.6120773
     ],
     [
      -122.3385735,
      47.6120721
     ]
    ]
   },
   "properties": {
    "kind": "foot",
    "name": null,
    "inside": false,
    "level": null,
    "osm": "way/1150019723"
   }
  },
  {
   "type": "Feature",
   "geometry": {
    "type": "LineString",
    "coordinates": [
     [
      -122.3398043,
      47.6115938
     ],
     [
      -122.3401073,
      47.6113577
     ],
     [
      -122.3404294,
      47.611107
     ],
     [
      -122.3404569,
      47.6110935
     ]
    ]
   },
   "properties": {
    "kind": "foot",
    "name": null,
    "inside": false,
    "level": null,
    "osm": "way/1150090249"
   }
  },
  {
   "type": "Feature",
   "geometry": {
    "type": "LineString",
    "coordinates": [
     [
      -122.3402843,
      47.6109872
     ],
     [
      -122.3402733,
      47.6110053
     ],
     [
      -122.3399447,
      47.6112587
     ],
     [
      -122.3398847,
      47.611305
     ],
     [
      -122.3396269,
      47.6115038
     ],
     [
      -122.3396109,
      47.6115073
     ]
    ]
   },
   "properties": {
    "kind": "foot",
    "name": null,
    "inside": false,
    "level": null,
    "osm": "way/1150090250"
   }
  },
  {
   "type": "Feature",
   "geometry": {
    "type": "LineString",
    "coordinates": [
     [
      -122.3400188,
      47.6103077
     ],
     [
      -122.3400261,
      47.6102946
     ],
     [
      -122.3404267,
      47.6101291
     ],
     [
      -122.3408762,
      47.6099436
     ]
    ]
   },
   "properties": {
    "kind": "foot",
    "name": null,
    "inside": false,
    "level": null,
    "osm": "way/1150090251"
   }
  },
  {
   "type": "Feature",
   "geometry": {
    "type": "LineString",
    "coordinates": [
     [
      -122.3411687,
      47.610316
     ],
     [
      -122.3408352,
      47.6105774
     ],
     [
      -122.340514,
      47.6108293
     ],
     [
      -122.3405012,
      47.6108332
     ]
    ]
   },
   "properties": {
    "kind": "foot",
    "name": null,
    "inside": false,
    "level": null,
    "osm": "way/1150090252"
   }
  },
  {
   "type": "Feature",
   "geometry": {
    "type": "LineString",
    "coordinates": [
     [
      -122.3406552,
      47.6109479
     ],
     [
      -122.3406508,
      47.6109363
     ],
     [
      -122.3406784,
      47.6109136
     ],
     [
      -122.3409705,
      47.6106915
     ],
     [
      -122.3413065,
      47.6104361
     ]
    ]
   },
   "properties": {
    "kind": "foot",
    "name": null,
    "inside": false,
    "level": null,
    "osm": "way/1150090253"
   }
  },
  {
   "type": "Feature",
   "geometry": {
    "type": "LineString",
    "coordinates": [
     [
      -122.3407515,
      47.6097949
     ],
     [
      -122.3407415,
      47.6098131
     ],
     [
      -122.3403062,
      47.6099967
     ],
     [
      -122.3399077,
      47.6101648
     ],
     [
      -122.3398929,
      47.6101671
     ]
    ]
   },
   "properties": {
    "kind": "foot",
    "name": null,
    "inside": false,
    "level": null,
    "osm": "way/1150992309"
   }
  },
  {
   "type": "Feature",
   "geometry": {
    "type": "LineString",
    "coordinates": [
     [
      -122.3405012,
      47.6108332
     ],
     [
      -122.3400188,
      47.6103077
     ]
    ]
   },
   "properties": {
    "kind": "foot",
    "name": null,
    "inside": false,
    "level": null,
    "osm": "way/1150992310"
   }
  },
  {
   "type": "Feature",
   "geometry": {
    "type": "LineString",
    "coordinates": [
     [
      -122.33798,
      47.6097675
     ],
     [
      -122.3387549,
      47.6106167
     ],
     [
      -122.3387726,
      47.6106235
     ],
     [
      -122.3387957,
      47.6106225
     ]
    ]
   },
   "properties": {
    "kind": "foot",
    "name": null,
    "inside": false,
    "level": null,
    "osm": "way/1150992311"
   }
  },
  {
   "type": "Feature",
   "geometry": {
    "type": "LineString",
    "coordinates": [
     [
      -122.3389255,
      47.6107484
     ],
     [
      -122.3393304,
      47.6105794
     ],
     [
      -122.3397421,
      47.6104077
     ],
     [
      -122.3397663,
      47.6104182
     ]
    ]
   },
   "properties": {
    "kind": "foot",
    "name": null,
    "inside": false,
    "level": null,
    "osm": "way/1150992312"
   }
  },
  {
   "type": "Feature",
   "geometry": {
    "type": "LineString",
    "coordinates": [
     [
      -122.3387957,
      47.6106225
     ],
     [
      -122.339195,
      47.6104566
     ],
     [
      -122.3396219,
      47.6102793
     ],
     [
      -122.339636,
      47.6102731
     ]
    ]
   },
   "properties": {
    "kind": "foot",
    "name": null,
    "inside": false,
    "level": null,
    "osm": "way/1150992313"
   }
  },
  {
   "type": "Feature",
   "geometry": {
    "type": "LineString",
    "coordinates": [
     [
      -122.3385241,
      47.6107199
     ],
     [
      -122.3385086,
      47.6107343
     ],
     [
      -122.3381816,
      47.6108682
     ],
     [
      -122.3377268,
      47.6110587
     ]
    ]
   },
   "properties": {
    "kind": "foot",
    "name": null,
    "inside": false,
    "level": null,
    "osm": "way/1151017634"
   }
  },
  {
   "type": "Feature",
   "geometry": {
    "type": "LineString",
    "coordinates": [
     [
      -122.3378556,
      47.611199
     ],
     [
      -122.338361,
      47.6109867
     ],
     [
      -122.3386347,
      47.6108722
     ]
    ]
   },
   "properties": {
    "kind": "foot",
    "name": null,
    "inside": false,
    "level": null,
    "osm": "way/1151017635"
   }
  },
  {
   "type": "Feature",
   "geometry": {
    "type": "LineString",
    "coordinates": [
     [
      -122.3380893,
      47.611555
     ],
     [
      -122.3379145,
      47.6113676
     ],
     [
      -122.337814,
      47.6112595
     ],
     [
      -122.3378065,
      47.6112357
     ],
     [
      -122.3378239,
      47.6112122
     ],
     [
      -122.3378556,
      47.611199
     ]
    ]
   },
   "properties": {
    "kind": "foot",
    "name": null,
    "inside": false,
    "level": null,
    "osm": "way/1151017638"
   }
  },
  {
   "type": "Feature",
   "geometry": {
    "type": "LineString",
    "coordinates": [
     [
      -122.3411284,
      47.6069316
     ],
     [
      -122.3411123,
      47.6069377
     ],
     [
      -122.3410915,
      47.6069465
     ]
    ]
   },
   "properties": {
    "kind": "foot",
    "name": null,
    "inside": false,
    "level": null,
    "osm": "way/1151094975"
   }
  },
  {
   "type": "Feature",
   "geometry": {
    "type": "LineString",
    "coordinates": [
     [
      -122.3413743,
      47.6083549
     ],
     [
      -122.3413468,
      47.6083423
     ]
    ]
   },
   "properties": {
    "kind": "foot",
    "name": "Pike Street Hillclimb",
    "inside": false,
    "level": null,
    "osm": "way/1151094978"
   }
  },
  {
   "type": "Feature",
   "geometry": {
    "type": "LineString",
    "coordinates": [
     [
      -122.3413743,
      47.6083549
     ],
     [
      -122.3413339,
      47.6083729
     ],
     [
      -122.3413003,
      47.6083925
     ]
    ]
   },
   "properties": {
    "kind": "foot",
    "name": null,
    "inside": false,
    "level": null,
    "osm": "way/1151094979"
   }
  },
  {
   "type": "Feature",
   "geometry": {
    "type": "LineString",
    "coordinates": [
     [
      -122.340937,
      47.607164
     ],
     [
      -122.340908,
      47.6071305
     ],
     [
      -122.340884,
      47.607105
     ]
    ]
   },
   "properties": {
    "kind": "foot",
    "name": null,
    "inside": false,
    "level": null,
    "osm": "way/1151094980"
   }
  },
  {
   "type": "Feature",
   "geometry": {
    "type": "LineString",
    "coordinates": [
     [
      -122.3410213,
      47.6090556
     ],
     [
      -122.3408713,
      47.6089656
     ]
    ]
   },
   "properties": {
    "kind": "foot",
    "name": null,
    "inside": true,
    "level": null,
    "osm": "way/1151100349"
   }
  },
  {
   "type": "Feature",
   "geometry": {
    "type": "LineString",
    "coordinates": [
     [
      -122.3410995,
      47.6091021
     ],
     [
      -122.341059,
      47.6090776
     ],
     [
      -122.3410213,
      47.6090556
     ]
    ]
   },
   "properties": {
    "kind": "foot",
    "name": null,
    "inside": true,
    "level": null,
    "osm": "way/1151100350"
   }
  },
  {
   "type": "Feature",
   "geometry": {
    "type": "LineString",
    "coordinates": [
     [
      -122.3401535,
      47.608765
     ],
     [
      -122.340128,
      47.6087332
     ],
     [
      -122.340112,
      47.6087126
     ]
    ]
   },
   "properties": {
    "kind": "foot",
    "name": null,
    "inside": true,
    "level": null,
    "osm": "way/1151100351"
   }
  },
  {
   "type": "Feature",
   "geometry": {
    "type": "LineString",
    "coordinates": [
     [
      -122.338965,
      47.6091426
     ],
     [
      -122.3389925,
      47.6091704
     ],
     [
      -122.3390159,
      47.6091712
     ],
     [
      -122.3390453,
      47.6091586
     ],
     [
      -122.3394053,
      47.6090054
     ],
     [
      -122.3397997,
      47.6088376
     ],
     [
      -122.3398273,
      47.6088259
     ],
     [
      -122.3398451,
      47.608812
     ]
    ]
   },
   "properties": {
    "kind": "foot",
    "name": null,
    "inside": false,
    "level": null,
    "osm": "way/1151100352"
   }
  },
  {
   "type": "Feature",
   "geometry": {
    "type": "LineString",
    "coordinates": [
     [
      -122.3391355,
      47.6093339
     ],
     [
      -122.3391232,
      47.6093204
     ],
     [
      -122.3391122,
      47.6093007
     ],
     [
      -122.3391212,
      47.6092824
     ],
     [
      -122.3391448,
      47.6092641
     ],
     [
      -122.3395043,
      47.6091144
     ],
     [
      -122.3399038,
      47.6089484
     ],
     [
      -122.3399339,
      47.6089357
     ],
     [
      -122.3399753,
      47.6089419
     ]
    ]
   },
   "properties": {
    "kind": "foot",
    "name": null,
    "inside": false,
    "level": null,
    "osm": "way/1151100353"
   }
  },
  {
   "type": "Feature",
   "geometry": {
    "type": "LineString",
    "coordinates": [
     [
      -122.3388821,
      47.6094449
     ],
     [
      -122.3388625,
      47.6094247
     ],
     [
      -122.3388418,
      47.6094161
     ],
     [
      -122.3388147,
      47.6094176
     ],
     [
      -122.338787,
      47.6094287
     ],
     [
      -122.3384054,
      47.6095889
     ],
     [
      -122.33798,
      47.6097675
     ]
    ]
   },
   "properties": {
    "kind": "foot",
    "name": null,
    "inside": false,
    "level": null,
    "osm": "way/1151100355"
   }
  },
  {
   "type": "Feature",
   "geometry": {
    "type": "LineString",
    "coordinates": [
     [
      -122.3378641,
      47.609644
     ],
     [
      -122.3382928,
      47.6094653
     ],
     [
      -122.3386773,
      47.6093052
     ],
     [
      -122.3387315,
      47.609282
     ],
     [
      -122.3387358,
      47.6092702
     ]
    ]
   },
   "properties": {
    "kind": "foot",
    "name": null,
    "inside": false,
    "level": null,
    "osm": "way/1151360857"
   }
  },
  {
   "type": "Feature",
   "geometry": {
    "type": "LineString",
    "coordinates": [
     [
      -122.3402338,
      47.6072669
     ],
     [
      -122.3402598,
      47.6072554
     ]
    ]
   },
   "properties": {
    "kind": "foot",
    "name": null,
    "inside": false,
    "level": null,
    "osm": "way/1151395985"
   }
  },
  {
   "type": "Feature",
   "geometry": {
    "type": "LineString",
    "coordinates": [
     [
      -122.3401698,
      47.607444
     ],
     [
      -122.3401654,
      47.6074555
     ]
    ]
   },
   "properties": {
    "kind": "foot",
    "name": null,
    "inside": false,
    "level": null,
    "osm": "way/1151395986"
   }
  },
  {
   "type": "Feature",
   "geometry": {
    "type": "LineString",
    "coordinates": [
     [
      -122.3399935,
      47.6073788
     ],
     [
      -122.340062,
      47.6073389
     ]
    ]
   },
   "properties": {
    "kind": "foot",
    "name": null,
    "inside": false,
    "level": null,
    "osm": "way/1151395987"
   }
  },
  {
   "type": "Feature",
   "geometry": {
    "type": "LineString",
    "coordinates": [
     [
      -122.3390652,
      47.6079437
     ],
     [
      -122.3390517,
      47.607944
     ],
     [
      -122.33861,
      47.6081307
     ],
     [
      -122.338493,
      47.6081801
     ],
     [
      -122.338211,
      47.6082993
     ],
     [
      -122.3382058,
      47.6083113
     ]
    ]
   },
   "properties": {
    "kind": "foot",
    "name": null,
    "inside": false,
    "level": null,
    "osm": "way/1151395988"
   }
  },
  {
   "type": "Feature",
   "geometry": {
    "type": "LineString",
    "coordinates": [
     [
      -122.3381475,
      47.6069576
     ],
     [
      -122.3381815,
      47.6069436
     ]
    ]
   },
   "properties": {
    "kind": "foot",
    "name": null,
    "inside": false,
    "level": null,
    "osm": "way/1151646638"
   }
  },
  {
   "type": "Feature",
   "geometry": {
    "type": "LineString",
    "coordinates": [
     [
      -122.3391204,
      47.6064096
     ],
     [
      -122.3391408,
      47.6064226
     ],
     [
      -122.3391596,
      47.6064379
     ],
     [
      -122.3391753,
      47.6064603
     ],
     [
      -122.3391845,
      47.6064796
     ]
    ]
   },
   "properties": {
    "kind": "foot",
    "name": "Harbor Steps",
    "inside": false,
    "level": null,
    "osm": "way/1151646641"
   }
  },
  {
   "type": "Feature",
   "geometry": {
    "type": "LineString",
    "coordinates": [
     [
      -122.3391507,
      47.6065144
     ],
     [
      -122.3389916,
      47.6065827
     ],
     [
      -122.3389332,
      47.6066065
     ]
    ]
   },
   "properties": {
    "kind": "foot",
    "name": "Harbor Steps",
    "inside": false,
    "level": null,
    "osm": "way/1151646644"
   }
  },
  {
   "type": "Feature",
   "geometry": {
    "type": "LineString",
    "coordinates": [
     [
      -122.3390395,
      47.6064064
     ],
     [
      -122.3388228,
      47.6064986
     ]
    ]
   },
   "properties": {
    "kind": "foot",
    "name": "Harbor Steps",
    "inside": false,
    "level": null,
    "osm": "way/1151646646"
   }
  },
  {
   "type": "Feature",
   "geometry": {
    "type": "LineString",
    "coordinates": [
     [
      -122.3388914,
      47.6066258
     ],
     [
      -122.3388114,
      47.6066603
     ]
    ]
   },
   "properties": {
    "kind": "foot",
    "name": "Harbor Steps",
    "inside": false,
    "level": null,
    "osm": "way/1151646648"
   }
  },
  {
   "type": "Feature",
   "geometry": {
    "type": "LineString",
    "coordinates": [
     [
      -122.3387741,
      47.6065176
     ],
     [
      -122.338707,
      47.6065458
     ]
    ]
   },
   "properties": {
    "kind": "foot",
    "name": "Harbor Steps",
    "inside": false,
    "level": null,
    "osm": "way/1151646649"
   }
  },
  {
   "type": "Feature",
   "geometry": {
    "type": "LineString",
    "coordinates": [
     [
      -122.3387604,
      47.6066044
     ],
     [
      -122.3386066,
      47.6066704
     ]
    ]
   },
   "properties": {
    "kind": "foot",
    "name": "Harbor Steps",
    "inside": false,
    "level": null,
    "osm": "way/1151646650"
   }
  },
  {
   "type": "Feature",
   "geometry": {
    "type": "LineString",
    "coordinates": [
     [
      -122.3385705,
      47.6067354
     ],
     [
      -122.338561,
      47.6067145
     ],
     [
      -122.3385476,
      47.6066958
     ],
     [
      -122.3385278,
      47.6066779
     ],
     [
      -122.3385066,
      47.6066656
     ]
    ]
   },
   "properties": {
    "kind": "foot",
    "name": "Harbor Steps",
    "inside": false,
    "level": null,
    "osm": "way/1151646652"
   }
  },
  {
   "type": "Feature",
   "geometry": {
    "type": "LineString",
    "coordinates": [
     [
      -122.3400349,
      47.6061768
     ],
     [
      -122.340023,
      47.6061814
     ],
     [
      -122.3395198,
      47.6063877
     ],
     [
      -122.3394988,
      47.6064047
     ]
    ]
   },
   "properties": {
    "kind": "foot",
    "name": null,
    "inside": false,
    "level": null,
    "osm": "way/1151646653"
   }
  },
  {
   "type": "Feature",
   "geometry": {
    "type": "LineString",
    "coordinates": [
     [
      -122.33991,
      47.606047
     ],
     [
      -122.3394198,
      47.6062531
     ],
     [
      -122.3393823,
      47.6062681
     ],
     [
      -122.3393582,
      47.6062659
     ],
     [
      -122.3393387,
      47.6062457
     ]
    ]
   },
   "properties": {
    "kind": "foot",
    "name": null,
    "inside": false,
    "level": null,
    "osm": "way/1151646654"
   }
  },
  {
   "type": "Feature",
   "geometry": {
    "type": "LineString",
    "coordinates": [
     [
      -122.340023,
      47.6061814
     ],
     [
      -122.3403266,
      47.6065074
     ],
     [
      -122.3405272,
      47.6067259
     ],
     [
      -122.3406637,
      47.6068742
     ],
     [
      -122.3408202,
      47.6070455
     ],
     [
      -122.3408529,
      47.6070757
     ],
     [
      -122.340884,
      47.607105
     ]
    ]
   },
   "properties": {
    "kind": "foot",
    "name": null,
    "inside": false,
    "level": null,
    "osm": "way/1151646660"
   }
  },
  {
   "type": "Feature",
   "geometry": {
    "type": "LineString",
    "coordinates": [
     [
      -122.3408937,
      47.6070155
     ],
     [
      -122.3408202,
      47.6070455
     ]
    ]
   },
   "properties": {
    "kind": "foot",
    "name": null,
    "inside": false,
    "level": null,
    "osm": "way/1151646661"
   }
  },
  {
   "type": "Feature",
   "geometry": {
    "type": "LineString",
    "coordinates": [
     [
      -122.339996,
      47.606136
     ],
     [
      -122.3400349,
      47.6061768
     ]
    ]
   },
   "properties": {
    "kind": "foot",
    "name": null,
    "inside": false,
    "level": null,
    "osm": "way/1151646662"
   }
  },
  {
   "type": "Feature",
   "geometry": {
    "type": "LineString",
    "coordinates": [
     [
      -122.3400942,
      47.6061507
     ],
     [
      -122.3400349,
      47.6061768
     ]
    ]
   },
   "properties": {
    "kind": "foot",
    "name": null,
    "inside": false,
    "level": null,
    "osm": "way/1151646663"
   }
  },
  {
   "type": "Feature",
   "geometry": {
    "type": "LineString",
    "coordinates": [
     [
      -122.3399081,
      47.6059984
     ],
     [
      -122.33991,
      47.606047
     ]
    ]
   },
   "properties": {
    "kind": "foot",
    "name": null,
    "inside": false,
    "level": null,
    "osm": "way/1151646664"
   }
  },
  {
   "type": "Feature",
   "geometry": {
    "type": "LineString",
    "coordinates": [
     [
      -122.3421536,
      47.6059173
     ],
     [
      -122.3424891,
      47.6059186
     ],
     [
      -122.3426206,
      47.6060238
     ],
     [
      -122.3428048,
      47.6062899
     ],
     [
      -122.3422195,
      47.6062882
     ],
     [
      -122.3421714,
      47.6063046
     ]
    ]
   },
   "properties": {
    "kind": "foot",
    "name": null,
    "inside": false,
    "level": null,
    "osm": "way/1151646665"
   }
  },
  {
   "type": "Feature",
   "geometry": {
    "type": "LineString",
    "coordinates": [
     [
      -122.3409552,
      47.6058564
     ],
     [
      -122.3409557,
      47.6058949
     ],
     [
      -122.3413493,
      47.6058996
     ],
     [
      -122.3413836,
      47.605915
     ],
     [
      -122.3421536,
      47.6059173
     ]
    ]
   },
   "properties": {
    "kind": "foot",
    "name": null,
    "inside": false,
    "level": null,
    "osm": "way/1151646666"
   }
  },
  {
   "type": "Feature",
   "geometry": {
    "type": "LineString",
    "coordinates": [
     [
      -122.3393177,
      47.605485
     ],
     [
      -122.339579,
      47.6057726
     ]
    ]
   },
   "properties": {
    "kind": "foot",
    "name": null,
    "inside": false,
    "level": null,
    "osm": "way/1151665987"
   }
  },
  {
   "type": "Feature",
   "geometry": {
    "type": "LineString",
    "coordinates": [
     [
      -122.3399081,
      47.6059984
     ],
     [
      -122.3398031,
      47.6058841
     ],
     [
      -122.3396791,
      47.6057493
     ],
     [
      -122.3394169,
      47.6054624
     ],
     [
      -122.3393834,
      47.6054336
     ],
     [
      -122.3393347,
      47.6053879
     ]
    ]
   },
   "properties": {
    "kind": "foot",
    "name": null,
    "inside": false,
    "level": null,
    "osm": "way/1151665989"
   }
  },
  {
   "type": "Feature",
   "geometry": {
    "type": "LineString",
    "coordinates": [
     [
      -122.3385193,
      47.6056134
     ],
     [
      -122.3385024,
      47.6056173
     ]
    ]
   },
   "properties": {
    "kind": "foot",
    "name": null,
    "inside": false,
    "level": null,
    "osm": "way/1151665994"
   }
  },
  {
   "type": "Feature",
   "geometry": {
    "type": "LineString",
    "coordinates": [
     [
      -122.338636,
      47.605781
     ],
     [
      -122.3386265,
      47.6057716
     ],
     [
      -122.3386144,
      47.6057709
     ],
     [
      -122.3385751,
      47.6057871
     ],
     [
      -122.3381701,
      47.6059563
     ]
    ]
   },
   "properties": {
    "kind": "foot",
    "name": null,
    "inside": false,
    "level": null,
    "osm": "way/1151665995"
   }
  },
  {
   "type": "Feature",
   "geometry": {
    "type": "LineString",
    "coordinates": [
     [
      -122.3388176,
      47.605709
     ],
     [
      -122.338825,
      47.60569
     ],
     [
      -122.3393177,
      47.605485
     ],
     [
      -122.3393176,
      47.6054722
     ]
    ]
   },
   "properties": {
    "kind": "foot",
    "name": null,
    "inside": false,
    "level": null,
    "osm": "way/1151665996"
   }
  },
  {
   "type": "Feature",
   "geometry": {
    "type": "LineString",
    "coordinates": [
     [
      -122.3381135,
      47.6058019
     ],
     [
      -122.338053,
      47.6058232
     ],
     [
      -122.3380417,
      47.6058272
     ]
    ]
   },
   "properties": {
    "kind": "foot",
    "name": null,
    "inside": false,
    "level": null,
    "osm": "way/1151665997"
   }
  },
  {
   "type": "Feature",
   "geometry": {
    "type": "LineString",
    "coordinates": [
     [
      -122.3374765,
      47.6052317
     ],
     [
      -122.3374896,
      47.6052344
     ],
     [
      -122.3380279,
      47.6058247
     ],
     [
      -122.3380293,
      47.6058324
     ],
     [
      -122.33804,
      47.6058438
     ]
    ]
   },
   "properties": {
    "kind": "foot",
    "name": null,
    "inside": false,
    "level": null,
    "osm": "way/1151665998"
   }
  },
  {
   "type": "Feature",
   "geometry": {
    "type": "LineString",
    "coordinates": [
     [
      -122.3392723,
      47.6053213
     ],
     [
      -122.3387031,
      47.6055585
     ]
    ]
   },
   "properties": {
    "kind": "foot",
    "name": null,
    "inside": false,
    "level": null,
    "osm": "way/1151689379"
   }
  },
  {
   "type": "Feature",
   "geometry": {
    "type": "LineString",
    "coordinates": [
     [
      -122.3385024,
      47.6056173
     ],
     [
      -122.3384993,
      47.605606
     ],
     [
      -122.3379853,
      47.6050451
     ],
     [
      -122.3379731,
      47.6050321
     ],
     [
      -122.3379575,
      47.6050273
     ]
    ]
   },
   "properties": {
    "kind": "foot",
    "name": null,
    "inside": false,
    "level": null,
    "osm": "way/1151689383"
   }
  },
  {
   "type": "Feature",
   "geometry": {
    "type": "LineString",
    "coordinates": [
     [
      -122.3375575,
      47.6051973
     ],
     [
      -122.3375555,
      47.6052076
     ],
     [
      -122.33809,
      47.6057891
     ],
     [
      -122.3381033,
      47.6057961
     ],
     [
      -122.3381217,
      47.6057983
     ]
    ]
   },
   "properties": {
    "kind": "foot",
    "name": null,
    "inside": false,
    "level": null,
    "osm": "way/1151899331"
   }
  },
  {
   "type": "Feature",
   "geometry": {
    "type": "LineString",
    "coordinates": [
     [
      -122.3449679,
      47.6111681
     ],
     [
      -122.3456322,
      47.6113308
     ],
     [
      -122.3456664,
      47.611324
     ],
     [
      -122.3459072,
      47.6113814
     ],
     [
      -122.3459333,
      47.6114167
     ],
     [
      -122.3461003,
      47.6114709
     ],
     [
      -122.3462203,
      47.6114988
     ]
    ]
   },
   "properties": {
    "kind": "foot",
    "name": null,
    "inside": false,
    "level": null,
    "osm": "way/1167421966"
   }
  },
  {
   "type": "Feature",
   "geometry": {
    "type": "LineString",
    "coordinates": [
     [
      -122.3465623,
      47.6114085
     ],
     [
      -122.3463819,
      47.6112924
     ],
     [
      -122.3462605,
      47.6112051
     ],
     [
      -122.3461827,
      47.6111486
     ],
     [
      -122.3461077,
      47.6110889
     ],
     [
      -122.3460057,
      47.611003
     ],
     [
      -122.3459118,
      47.6109282
     ],
     [
      -122.3458281,
      47.6108559
     ],
     [
      -122.3457445,
      47.610792
     ]
    ]
   },
   "properties": {
    "kind": "foot",
    "name": null,
    "inside": false,
    "level": null,
    "osm": "way/1167421973"
   }
  },
  {
   "type": "Feature",
   "geometry": {
    "type": "LineString",
    "coordinates": [
     [
      -122.3455696,
      47.6109385
     ],
     [
      -122.3456558,
      47.6110023
     ],
     [
      -122.3459088,
      47.6112187
     ],
     [
      -122.3461667,
      47.611437
     ],
     [
      -122.3462187,
      47.6114786
     ]
    ]
   },
   "properties": {
    "kind": "foot",
    "name": null,
    "inside": false,
    "level": null,
    "osm": "way/1167465495"
   }
  },
  {
   "type": "Feature",
   "geometry": {
    "type": "LineString",
    "coordinates": [
     [
      -122.3449679,
      47.6111681
     ],
     [
      -122.3449649,
      47.6111597
     ],
     [
      -122.3449669,
      47.6111517
     ],
     [
      -122.3453818,
      47.6108461
     ],
     [
      -122.3454204,
      47.6108483
     ],
     [
      -122.3455286,
      47.6109198
     ],
     [
      -122.3455696,
      47.6109385
     ]
    ]
   },
   "properties": {
    "kind": "foot",
    "name": null,
    "inside": false,
    "level": null,
    "osm": "way/1167469025"
   }
  },
  {
   "type": "Feature",
   "geometry": {
    "type": "LineString",
    "coordinates": [
     [
      -122.3453818,
      47.6108461
     ],
     [
      -122.3453705,
      47.6108285
     ]
    ]
   },
   "properties": {
    "kind": "foot",
    "name": null,
    "inside": false,
    "level": null,
    "osm": "way/1167469026"
   }
  },
  {
   "type": "Feature",
   "geometry": {
    "type": "LineString",
    "coordinates": [
     [
      -122.3455869,
      47.6106422
     ],
     [
      -122.3456461,
      47.6106788
     ],
     [
      -122.345616,
      47.6107015
     ]
    ]
   },
   "properties": {
    "kind": "foot",
    "name": null,
    "inside": false,
    "level": null,
    "osm": "way/1167469027"
   }
  },
  {
   "type": "Feature",
   "geometry": {
    "type": "LineString",
    "coordinates": [
     [
      -122.3454388,
      47.6106095
     ],
     [
      -122.3454313,
      47.6106145
     ],
     [
      -122.3453528,
      47.6106665
     ],
     [
      -122.3452756,
      47.6107178
     ],
     [
      -122.3452661,
      47.6107241
     ]
    ]
   },
   "properties": {
    "kind": "foot",
    "name": null,
    "inside": false,
    "level": null,
    "osm": "way/1167469030"
   }
  },
  {
   "type": "Feature",
   "geometry": {
    "type": "LineString",
    "coordinates": [
     [
      -122.345243,
      47.6107395
     ],
     [
      -122.3452643,
      47.6107711
     ]
    ]
   },
   "properties": {
    "kind": "foot",
    "name": null,
    "inside": false,
    "level": null,
    "osm": "way/1167469031"
   }
  },
  {
   "type": "Feature",
   "geometry": {
    "type": "LineString",
    "coordinates": [
     [
      -122.3454399,
      47.6108325
     ],
     [
      -122.3454498,
      47.6108251
     ],
     [
      -122.3455223,
      47.6107712
     ],
     [
      -122.3455954,
      47.6107168
     ],
     [
      -122.3456041,
      47.6107104
     ]
    ]
   },
   "properties": {
    "kind": "foot",
    "name": null,
    "inside": false,
    "level": null,
    "osm": "way/1167469032"
   }
  },
  {
   "type": "Feature",
   "geometry": {
    "type": "LineString",
    "coordinates": [
     [
      -122.3428663,
      47.6085632
     ],
     [
      -122.3429205,
      47.6085844
     ],
     [
      -122.3429775,
      47.6085863
     ],
     [
      -122.3430922,
      47.6085718
     ]
    ]
   },
   "properties": {
    "kind": "foot",
    "name": null,
    "inside": false,
    "level": null,
    "osm": "way/1167470484"
   }
  },
  {
   "type": "Feature",
   "geometry": {
    "type": "LineString",
    "coordinates": [
     [
      -122.3443577,
      47.6099629
     ],
     [
      -122.3442238,
      47.60984
     ],
     [
      -122.3438909,
      47.6095213
     ],
     [
      -122.3437808,
      47.6094099
     ],
     [
      -122.3436567,
      47.6092914
     ]
    ]
   },
   "properties": {
    "kind": "foot",
    "name": null,
    "inside": false,
    "level": null,
    "osm": "way/1167470485"
   }
  },
  {
   "type": "Feature",
   "geometry": {
    "type": "LineString",
    "coordinates": [
     [
      -122.3451588,
      47.6104446
     ],
     [
      -122.3447717,
      47.6102142
     ],
     [
      -122.3445007,
      47.6100529
     ],
     [
      -122.3443577,
      47.6099629
     ]
    ]
   },
   "properties": {
    "kind": "foot",
    "name": null,
    "inside": false,
    "level": null,
    "osm": "way/1167470486"
   }
  },
  {
   "type": "Feature",
   "geometry": {
    "type": "LineString",
    "coordinates": [
     [
      -122.3448874,
      47.6093855
     ],
     [
      -122.344705,
      47.6092743
     ],
     [
      -122.343859,
      47.6087759
     ],
     [
      -122.3437969,
      47.6087544
     ],
     [
      -122.3437473,
      47.6087467
     ],
     [
      -122.3437009,
      47.6087509
     ],
     [
      -122.343344,
      47.6088994
     ],
     [
      -122.3433052,
      47.6089167
     ]
    ]
   },
   "properties": {
    "kind": "foot",
    "name": null,
    "inside": false,
    "level": null,
    "osm": "way/1167470487"
   }
  },
  {
   "type": "Feature",
   "geometry": {
    "type": "LineString",
    "coordinates": [
     [
      -122.3436567,
      47.6092914
     ],
     [
      -122.3434382,
      47.6090849
     ],
     [
      -122.3432414,
      47.6088993
     ]
    ]
   },
   "properties": {
    "kind": "foot",
    "name": null,
    "inside": false,
    "level": null,
    "osm": "way/1167470488"
   }
  },
  {
   "type": "Feature",
   "geometry": {
    "type": "LineString",
    "coordinates": [
     [
      -122.3457445,
      47.610792
     ],
     [
      -122.345732,
      47.6107756
     ],
     [
      -122.345616,
      47.6107015
     ],
     [
      -122.3454546,
      47.610599
     ],
     [
      -122.3452732,
      47.6104884
     ],
     [
      -122.3451805,
      47.6104452
     ],
     [
      -122.3451588,
      47.6104446
     ]
    ]
   },
   "properties": {
    "kind": "foot",
    "name": null,
    "inside": false,
    "level": null,
    "osm": "way/1167472601"
   }
  },
  {
   "type": "Feature",
   "geometry": {
    "type": "LineString",
    "coordinates": [
     [
      -122.342964,
      47.6089516
     ],
     [
      -122.3433463,
      47.6093006
     ]
    ]
   },
   "properties": {
    "kind": "foot",
    "name": null,
    "inside": false,
    "level": null,
    "osm": "way/1167479103"
   }
  },
  {
   "type": "Feature",
   "geometry": {
    "type": "LineString",
    "coordinates": [
     [
      -122.3433463,
      47.6093006
     ],
     [
      -122.3436213,
      47.6095519
     ],
     [
      -122.3438799,
      47.6098008
     ]
    ]
   },
   "properties": {
    "kind": "foot",
    "name": null,
    "inside": false,
    "level": null,
    "osm": "way/1167479104"
   }
  },
  {
   "type": "Feature",
   "geometry": {
    "type": "LineString",
    "coordinates": [
     [
      -122.3426714,
      47.6086961
     ],
     [
      -122.3423884,
      47.6084643
     ],
     [
      -122.3423658,
      47.6084457
     ]
    ]
   },
   "properties": {
    "kind": "foot",
    "name": null,
    "inside": false,
    "level": null,
    "osm": "way/1167479105"
   }
  },
  {
   "type": "Feature",
   "geometry": {
    "type": "LineString",
    "coordinates": [
     [
      -122.3438799,
      47.6098008
     ],
     [
      -122.3440357,
      47.6099651
     ],
     [
      -122.3441253,
      47.6100433
     ],
     [
      -122.3442166,
      47.6101106
     ],
     [
      -122.3445962,
      47.6103493
     ],
     [
      -122.3451094,
      47.6106435
     ]
    ]
   },
   "properties": {
    "kind": "foot",
    "name": null,
    "inside": false,
    "level": null,
    "osm": "way/1167479106"
   }
  },
  {
   "type": "Feature",
   "geometry": {
    "type": "LineString",
    "coordinates": [
     [
      -122.3419959,
      47.6079993
     ],
     [
      -122.3419473,
      47.6080223
     ],
     [
      -122.3418339,
      47.6080701
     ],
     [
      -122.3418075,
      47.6080818
     ],
     [
      -122.3417629,
      47.6081026
     ]
    ]
   },
   "properties": {
    "kind": "foot",
    "name": "Pike Street Hillclimb",
    "inside": false,
    "level": null,
    "osm": "way/1167554007"
   }
  },
  {
   "type": "Feature",
   "geometry": {
    "type": "LineString",
    "coordinates": [
     [
      -122.3422317,
      47.6079012
     ],
     [
      -122.342216,
      47.6079076
     ],
     [
      -122.3421986,
      47.6079147
     ]
    ]
   },
   "properties": {
    "kind": "foot",
    "name": "Pike Street Hillclimb",
    "inside": false,
    "level": null,
    "osm": "way/1167554008"
   }
  },
  {
   "type": "Feature",
   "geometry": {
    "type": "LineString",
    "coordinates": [
     [
      -122.3420826,
      47.6081294
     ],
     [
      -122.3419573,
      47.608186
     ],
     [
      -122.3418067,
      47.6081614
     ],
     [
      -122.3417872,
      47.6081582
     ]
    ]
   },
   "properties": {
    "kind": "foot",
    "name": null,
    "inside": false,
    "level": null,
    "osm": "way/1167554009"
   }
  },
  {
   "type": "Feature",
   "geometry": {
    "type": "LineString",
    "coordinates": [
     [
      -122.3459094,
      47.6119513
     ],
     [
      -122.3459081,
      47.6119618
     ]
    ]
   },
   "properties": {
    "kind": "foot",
    "name": null,
    "inside": false,
    "level": null,
    "osm": "way/1167577976"
   }
  },
  {
   "type": "Feature",
   "geometry": {
    "type": "LineString",
    "coordinates": [
     [
      -122.3435863,
      47.6104534
     ],
     [
      -122.3436122,
      47.6104488
     ],
     [
      -122.3436366,
      47.6104501
     ],
     [
      -122.3436546,
      47.6104542
     ]
    ]
   },
   "properties": {
    "kind": "foot",
    "name": null,
    "inside": true,
    "level": null,
    "osm": "way/1167577977"
   }
  },
  {
   "type": "Feature",
   "geometry": {
    "type": "LineString",
    "coordinates": [
     [
      -122.3416968,
      47.608159
     ],
     [
      -122.3416465,
      47.6081549
     ]
    ]
   },
   "properties": {
    "kind": "foot",
    "name": null,
    "inside": false,
    "level": null,
    "osm": "way/1167656080"
   }
  },
  {
   "type": "Feature",
   "geometry": {
    "type": "LineString",
    "coordinates": [
     [
      -122.3417683,
      47.6081436
     ],
     [
      -122.3417263,
      47.6081468
     ]
    ]
   },
   "properties": {
    "kind": "foot",
    "name": null,
    "inside": false,
    "level": null,
    "osm": "way/1167656082"
   }
  },
  {
   "type": "Feature",
   "geometry": {
    "type": "LineString",
    "coordinates": [
     [
      -122.3387311,
      47.6055896
     ],
     [
      -122.3387031,
      47.6055585
     ]
    ]
   },
   "properties": {
    "kind": "foot",
    "name": null,
    "inside": false,
    "level": null,
    "osm": "way/1168118832"
   }
  },
  {
   "type": "Feature",
   "geometry": {
    "type": "LineString",
    "coordinates": [
     [
      -122.3387031,
      47.6055585
     ],
     [
      -122.3386636,
      47.6055735
     ]
    ]
   },
   "properties": {
    "kind": "foot",
    "name": null,
    "inside": false,
    "level": null,
    "osm": "way/1168118833"
   }
  },
  {
   "type": "Feature",
   "geometry": {
    "type": "LineString",
    "coordinates": [
     [
      -122.3416645,
      47.6080342
     ],
     [
      -122.3417049,
      47.6080489
     ],
     [
      -122.3417657,
      47.6080224
     ]
    ]
   },
   "properties": {
    "kind": "foot",
    "name": null,
    "inside": false,
    "level": null,
    "osm": "way/1179842884"
   }
  },
  {
   "type": "Feature",
   "geometry": {
    "type": "LineString",
    "coordinates": [
     [
      -122.3417657,
      47.6080224
     ],
     [
      -122.3418786,
      47.607968
     ]
    ]
   },
   "properties": {
    "kind": "foot",
    "name": null,
    "inside": false,
    "level": null,
    "osm": "way/1179842888"
   }
  },
  {
   "type": "Feature",
   "geometry": {
    "type": "LineString",
    "coordinates": [
     [
      -122.3382124,
      47.6065738
     ],
     [
      -122.3384469,
      47.6064719
     ]
    ]
   },
   "properties": {
    "kind": "foot",
    "name": null,
    "inside": false,
    "level": "-1",
    "osm": "way/1212002388"
   }
  },
  {
   "type": "Feature",
   "geometry": {
    "type": "LineString",
    "coordinates": [
     [
      -122.3387246,
      47.6063798
     ],
     [
      -122.3387705,
      47.6063833
     ]
    ]
   },
   "properties": {
    "kind": "foot",
    "name": null,
    "inside": false,
    "level": "-1",
    "osm": "way/1212002389"
   }
  },
  {
   "type": "Feature",
   "geometry": {
    "type": "LineString",
    "coordinates": [
     [
      -122.3384469,
      47.6064719
     ],
     [
      -122.3385575,
      47.6064253
     ],
     [
      -122.3387246,
      47.6063798
     ]
    ]
   },
   "properties": {
    "kind": "foot",
    "name": null,
    "inside": false,
    "level": "-1",
    "osm": "way/1212002390"
   }
  },
  {
   "type": "Feature",
   "geometry": {
    "type": "LineString",
    "coordinates": [
     [
      -122.3381759,
      47.6065897
     ],
     [
      -122.3382124,
      47.6065738
     ]
    ]
   },
   "properties": {
    "kind": "foot",
    "name": null,
    "inside": false,
    "level": null,
    "osm": "way/1212002391"
   }
  },
  {
   "type": "Feature",
   "geometry": {
    "type": "LineString",
    "coordinates": [
     [
      -122.339049,
      47.6062703
     ],
     [
      -122.3387705,
      47.6063833
     ]
    ]
   },
   "properties": {
    "kind": "foot",
    "name": null,
    "inside": false,
    "level": "-2",
    "osm": "way/1212002392"
   }
  },
  {
   "type": "Feature",
   "geometry": {
    "type": "LineString",
    "coordinates": [
     [
      -122.3428417,
      47.6091432
     ],
     [
      -122.3428449,
      47.6091457
     ],
     [
      -122.3431076,
      47.609324
     ],
     [
      -122.3431646,
      47.6093073
     ],
     [
      -122.3429145,
      47.6090031
     ],
     [
      -122.342801,
      47.6088965
     ]
    ]
   },
   "properties": {
    "kind": "foot",
    "name": "Bluff Walk",
    "inside": false,
    "level": null,
    "osm": "way/1233114975"
   }
  },
  {
   "type": "Feature",
   "geometry": {
    "type": "LineString",
    "coordinates": [
     [
      -122.342801,
      47.6088965
     ],
     [
      -122.342629,
      47.6086581
     ],
     [
      -122.3425484,
      47.6085813
     ],
     [
      -122.3424527,
      47.608504
     ],
     [
      -122.342374,
      47.6084529
     ],
     [
      -122.3422777,
      47.608489
     ],
     [
      -122.342274,
      47.6084904
     ]
    ]
   },
   "properties": {
    "kind": "foot",
    "name": null,
    "inside": false,
    "level": null,
    "osm": "way/1233130037"
   }
  },
  {
   "type": "Feature",
   "geometry": {
    "type": "LineString",
    "coordinates": [
     [
      -122.3421817,
      47.6084967
     ],
     [
      -122.3422032,
      47.6085188
     ]
    ]
   },
   "properties": {
    "kind": "foot",
    "name": null,
    "inside": true,
    "level": null,
    "osm": "way/1256938991"
   }
  },
  {
   "type": "Feature",
   "geometry": {
    "type": "LineString",
    "coordinates": [
     [
      -122.342343,
      47.6084274
     ],
     [
      -122.3422235,
      47.6084783
     ]
    ]
   },
   "properties": {
    "kind": "foot",
    "name": null,
    "inside": true,
    "level": null,
    "osm": "way/1256938992"
   }
  },
  {
   "type": "Feature",
   "geometry": {
    "type": "LineString",
    "coordinates": [
     [
      -122.3426248,
      47.6079176
     ],
     [
      -122.3427415,
      47.6080017
     ],
     [
      -122.3428582,
      47.6080948
     ],
     [
      -122.3429174,
      47.6081737
     ],
     [
      -122.3429413,
      47.6082196
     ],
     [
      -122.342944,
      47.6082784
     ],
     [
      -122.3429279,
      47.6083548
     ],
     [
      -122.3428961,
      47.6084115
     ]
    ]
   },
   "properties": {
    "kind": "foot",
    "name": null,
    "inside": false,
    "level": null,
    "osm": "way/1256938994"
   }
  },
  {
   "type": "Feature",
   "geometry": {
    "type": "LineString",
    "coordinates": [
     [
      -122.342798,
      47.6079315
     ],
     [
      -122.3429339,
      47.6080569
     ],
     [
      -122.3428582,
      47.6080948
     ]
    ]
   },
   "properties": {
    "kind": "foot",
    "name": null,
    "inside": false,
    "level": null,
    "osm": "way/1256938996"
   }
  },
  {
   "type": "Feature",
   "geometry": {
    "type": "LineString",
    "coordinates": [
     [
      -122.3429084,
      47.6085583
     ],
     [
      -122.3429549,
      47.6085113
     ],
     [
      -122.3430541,
      47.608474
     ],
     [
      -122.3432055,
      47.6084194
     ],
     [
      -122.34328,
      47.6084758
     ],
     [
      -122.3433769,
      47.6085006
     ]
    ]
   },
   "properties": {
    "kind": "foot",
    "name": null,
    "inside": false,
    "level": null,
    "osm": "way/1256938998"
   }
  },
  {
   "type": "Feature",
   "geometry": {
    "type": "LineString",
    "coordinates": [
     [
      -122.3432464,
      47.6083123
     ],
     [
      -122.3432721,
      47.6082767
     ],
     [
      -122.3432994,
      47.6082391
     ],
     [
      -122.3434069,
      47.608158
     ]
    ]
   },
   "properties": {
    "kind": "foot",
    "name": null,
    "inside": false,
    "level": null,
    "osm": "way/1256938999"
   }
  },
  {
   "type": "Feature",
   "geometry": {
    "type": "LineString",
    "coordinates": [
     [
      -122.3427895,
      47.6090526
     ],
     [
      -122.3427881,
      47.6090702
     ],
     [
      -122.3428129,
      47.6091085
     ],
     [
      -122.3428195,
      47.6091187
     ]
    ]
   },
   "properties": {
    "kind": "foot",
    "name": null,
    "inside": false,
    "level": null,
    "osm": "way/1256939001"
   }
  },
  {
   "type": "Feature",
   "geometry": {
    "type": "LineString",
    "coordinates": [
     [
      -122.3428961,
      47.6084115
     ],
     [
      -122.342891,
      47.6084601
     ],
     [
      -122.3428716,
      47.6085085
     ],
     [
      -122.3428663,
      47.6085632
     ]
    ]
   },
   "properties": {
    "kind": "foot",
    "name": null,
    "inside": false,
    "level": null,
    "osm": "way/1256939002"
   }
  },
  {
   "type": "Feature",
   "geometry": {
    "type": "LineString",
    "coordinates": [
     [
      -122.342891,
      47.6084601
     ],
     [
      -122.3429428,
      47.6084208
     ]
    ]
   },
   "properties": {
    "kind": "foot",
    "name": null,
    "inside": false,
    "level": null,
    "osm": "way/1256939003"
   }
  },
  {
   "type": "Feature",
   "geometry": {
    "type": "LineString",
    "coordinates": [
     [
      -122.3429982,
      47.6084499
     ],
     [
      -122.3430258,
      47.6084354
     ],
     [
      -122.3430467,
      47.6084101
     ]
    ]
   },
   "properties": {
    "kind": "foot",
    "name": null,
    "inside": false,
    "level": null,
    "osm": "way/1256939004"
   }
  },
  {
   "type": "Feature",
   "geometry": {
    "type": "LineString",
    "coordinates": [
     [
      -122.3429853,
      47.608427
     ],
     [
      -122.3429982,
      47.6084499
     ]
    ]
   },
   "properties": {
    "kind": "foot",
    "name": null,
    "inside": false,
    "level": null,
    "osm": "way/1256939005"
   }
  },
  {
   "type": "Feature",
   "geometry": {
    "type": "LineString",
    "coordinates": [
     [
      -122.3429982,
      47.6084499
     ],
     [
      -122.3430007,
      47.6084746
     ],
     [
      -122.3430151,
      47.6084931
     ],
     [
      -122.3430191,
      47.6084983
     ],
     [
      -122.3430453,
      47.6085157
     ],
     [
      -122.3430929,
      47.6085248
     ],
     [
      -122.3431209,
      47.6085463
     ]
    ]
   },
   "properties": {
    "kind": "foot",
    "name": null,
    "inside": false,
    "level": null,
    "osm": "way/1256939006"
   }
  },
  {
   "type": "Feature",
   "geometry": {
    "type": "LineString",
    "coordinates": [
     [
      -122.3429428,
      47.6084208
     ],
     [
      -122.3429648,
      47.608405
     ],
     [
      -122.3430238,
      47.6083462
     ],
     [
      -122.3430768,
      47.6082757
     ],
     [
      -122.3431163,
      47.6082657
     ],
     [
      -122.3431083,
      47.6082901
     ],
     [
      -122.3430412,
      47.608367
     ],
     [
      -122.3429853,
      47.608427
     ]
    ]
   },
   "properties": {
    "kind": "foot",
    "name": null,
    "inside": false,
    "level": null,
    "osm": "way/1256939007"
   }
  },
  {
   "type": "Feature",
   "geometry": {
    "type": "LineString",
    "coordinates": [
     [
      -122.342629,
      47.6086581
     ],
     [
      -122.3428663,
      47.6085632
     ]
    ]
   },
   "properties": {
    "kind": "foot",
    "name": "Overlook Walk",
    "inside": false,
    "level": null,
    "osm": "way/1256939008"
   }
  },
  {
   "type": "Feature",
   "geometry": {
    "type": "LineString",
    "coordinates": [
     [
      -122.3435441,
      47.6084624
     ],
     [
      -122.3438487,
      47.6084159
     ]
    ]
   },
   "properties": {
    "kind": "foot",
    "name": null,
    "inside": false,
    "level": null,
    "osm": "way/1256939009"
   }
  },
  {
   "type": "Feature",
   "geometry": {
    "type": "LineString",
    "coordinates": [
     [
      -122.3431163,
      47.6082657
     ],
     [
      -122.343115,
      47.6081798
     ],
     [
      -122.343068,
      47.6081152
     ],
     [
      -122.3430535,
      47.6081018
     ],
     [
      -122.3430111,
      47.6080695
     ],
     [
      -122.342798,
      47.6079315
     ],
     [
      -122.3426704,
      47.6078489
     ],
     [
      -122.342592,
      47.6078819
     ]
    ]
   },
   "properties": {
    "kind": "foot",
    "name": null,
    "inside": false,
    "level": null,
    "osm": "way/1256939010"
   }
  },
  {
   "type": "Feature",
   "geometry": {
    "type": "LineString",
    "coordinates": [
     [
      -122.3454204,
      47.6108483
     ],
     [
      -122.3454399,
      47.6108325
     ]
    ]
   },
   "properties": {
    "kind": "foot",
    "name": null,
    "inside": false,
    "level": null,
    "osm": "way/1257066007"
   }
  },
  {
   "type": "Feature",
   "geometry": {
    "type": "LineString",
    "coordinates": [
     [
      -122.3451094,
      47.6106435
     ],
     [
      -122.3451193,
      47.6106608
     ],
     [
      -122.345243,
      47.6107395
     ]
    ]
   },
   "properties": {
    "kind": "foot",
    "name": null,
    "inside": false,
    "level": null,
    "osm": "way/1257066008"
   }
  },
  {
   "type": "Feature",
   "geometry": {
    "type": "LineString",
    "coordinates": [
     [
      -122.3416563,
      47.608723
     ],
     [
      -122.3416151,
      47.6087398
     ]
    ]
   },
   "properties": {
    "kind": "foot",
    "name": null,
    "inside": true,
    "level": null,
    "osm": "way/1257186847"
   }
  },
  {
   "type": "Feature",
   "geometry": {
    "type": "LineString",
    "coordinates": [
     [
      -122.3421529,
      47.6085263
     ],
     [
      -122.3421294,
      47.6085298
     ],
     [
      -122.3416563,
      47.608723
     ]
    ]
   },
   "properties": {
    "kind": "foot",
    "name": null,
    "inside": true,
    "level": null,
    "osm": "way/1257186848"
   }
  },
  {
   "type": "Feature",
   "geometry": {
    "type": "LineString",
    "coordinates": [
     [
      -122.3416898,
      47.6055404
     ],
     [
      -122.3416929,
      47.6055389
     ],
     [
      -122.3417335,
      47.6055202
     ]
    ]
   },
   "properties": {
    "kind": "foot",
    "name": null,
    "inside": false,
    "level": null,
    "osm": "way/1259306585"
   }
  },
  {
   "type": "Feature",
   "geometry": {
    "type": "Polygon",
    "coordinates": [
     [
      [
       -122.3391507,
       47.6065144
      ],
      [
       -122.3390395,
       47.6064064
      ],
      [
       -122.3388228,
       47.6064986
      ],
      [
       -122.3389332,
       47.6066065
      ],
      [
       -122.3389916,
       47.6065827
      ],
      [
       -122.3391507,
       47.6065144
      ]
     ]
    ]
   },
   "properties": {
    "kind": "foot",
    "name": "Harbor Steps",
    "inside": false,
    "level": null,
    "osm": "way/1268295659"
   }
  },
  {
   "type": "Feature",
   "geometry": {
    "type": "Polygon",
    "coordinates": [
     [
      [
       -122.3385332,
       47.6065993
      ],
      [
       -122.3385769,
       47.6066417
      ],
      [
       -122.3386066,
       47.6066704
      ],
      [
       -122.3386291,
       47.6066998
      ],
      [
       -122.3386537,
       47.6067318
      ],
      [
       -122.3387077,
       47.6067105
      ],
      [
       -122.3387408,
       47.6067415
      ],
      [
       -122.3387849,
       47.6067595
      ],
      [
       -122.3388538,
       47.6067645
      ],
      [
       -122.3388818,
       47.6067602
      ],
      [
       -122.338909,
       47.6067482
      ],
      [
       -122.3389207,
       47.6067405
      ],
      [
       -122.3389351,
       47.6067204
      ],
      [
       -122.3389411,
       47.6067018
      ],
      [
       -122.3389397,
       47.6066789
      ],
      [
       -122.338934,
       47.6066562
      ],
      [
       -122.3389207,
       47.6066343
      ],
      [
       -122.3389151,
       47.6066283
      ],
      [
       -122.3388914,
       47.6066258
      ],
      [
       -122.3387741,
       47.6065176
      ],
      [
       -122.3387625,
       47.6065052
      ],
      [
       -122.3386953,
       47.6065328
      ],
      [
       -122.3385332,
       47.6065993
      ]
     ]
    ]
   },
   "properties": {
    "kind": "foot",
    "name": "Harbor Steps",
    "inside": false,
    "level": null,
    "osm": "way/1268295660"
   }
  },
  {
   "type": "Feature",
   "geometry": {
    "type": "LineString",
    "coordinates": [
     [
      -122.3404951,
      47.6086108
     ],
     [
      -122.3404905,
      47.6086062
     ],
     [
      -122.3404893,
      47.6086048
     ]
    ]
   },
   "properties": {
    "kind": "foot",
    "name": null,
    "inside": true,
    "level": null,
    "osm": "way/1275882968"
   }
  },
  {
   "type": "Feature",
   "geometry": {
    "type": "LineString",
    "coordinates": [
     [
      -122.3405594,
      47.6085978
     ],
     [
      -122.340531,
      47.6085961
     ]
    ]
   },
   "properties": {
    "kind": "foot",
    "name": null,
    "inside": true,
    "level": null,
    "osm": "way/1275882969"
   }
  },
  {
   "type": "Feature",
   "geometry": {
    "type": "LineString",
    "coordinates": [
     [
      -122.3407217,
      47.6086942
     ],
     [
      -122.3407379,
      47.608685
     ]
    ]
   },
   "properties": {
    "kind": "foot",
    "name": null,
    "inside": true,
    "level": null,
    "osm": "way/1275882972"
   }
  },
  {
   "type": "Feature",
   "geometry": {
    "type": "LineString",
    "coordinates": [
     [
      -122.3416465,
      47.6094366
     ],
     [
      -122.3416401,
      47.6094253
     ],
     [
      -122.3416314,
      47.6094204
     ]
    ]
   },
   "properties": {
    "kind": "foot",
    "name": null,
    "inside": true,
    "level": null,
    "osm": "way/1275882975"
   }
  },
  {
   "type": "Feature",
   "geometry": {
    "type": "LineString",
    "coordinates": [
     [
      -122.3411017,
      47.6091035
     ],
     [
      -122.3410995,
      47.6091021
     ]
    ]
   },
   "properties": {
    "kind": "foot",
    "name": null,
    "inside": true,
    "level": null,
    "osm": "way/1275882976"
   }
  },
  {
   "type": "Feature",
   "geometry": {
    "type": "LineString",
    "coordinates": [
     [
      -122.3406282,
      47.6086389
     ],
     [
      -122.3406482,
      47.6086315
     ],
     [
      -122.3406682,
      47.6086238
     ]
    ]
   },
   "properties": {
    "kind": "foot",
    "name": null,
    "inside": true,
    "level": null,
    "osm": "way/1275882977"
   }
  },
  {
   "type": "Feature",
   "geometry": {
    "type": "LineString",
    "coordinates": [
     [
      -122.3406039,
      47.6086484
     ],
     [
      -122.3406282,
      47.6086389
     ]
    ]
   },
   "properties": {
    "kind": "foot",
    "name": null,
    "inside": true,
    "level": null,
    "osm": "way/1275882978"
   }
  },
  {
   "type": "Feature",
   "geometry": {
    "type": "LineString",
    "coordinates": [
     [
      -122.3402995,
      47.6088925
     ],
     [
      -122.3402942,
      47.6088853
     ]
    ]
   },
   "properties": {
    "kind": "foot",
    "name": null,
    "inside": true,
    "level": null,
    "osm": "way/1275882979"
   }
  },
  {
   "type": "Feature",
   "geometry": {
    "type": "LineString",
    "coordinates": [
     [
      -122.3406054,
      47.608802
     ],
     [
      -122.3406154,
      47.608794
     ]
    ]
   },
   "properties": {
    "kind": "foot",
    "name": null,
    "inside": true,
    "level": null,
    "osm": "way/1275882980"
   }
  },
  {
   "type": "Feature",
   "geometry": {
    "type": "LineString",
    "coordinates": [
     [
      -122.3410039,
      47.6096973
     ],
     [
      -122.3412327,
      47.6096053
     ]
    ]
   },
   "properties": {
    "kind": "foot",
    "name": null,
    "inside": true,
    "level": null,
    "osm": "way/1275882982"
   }
  },
  {
   "type": "Feature",
   "geometry": {
    "type": "LineString",
    "coordinates": [
     [
      -122.3410406,
      47.6097256
     ],
     [
      -122.3410128,
      47.6097042
     ]
    ]
   },
   "properties": {
    "kind": "foot",
    "name": null,
    "inside": true,
    "level": null,
    "osm": "way/1275882983"
   }
  },
  {
   "type": "Feature",
   "geometry": {
    "type": "LineString",
    "coordinates": [
     [
      -122.3409942,
      47.6097017
     ],
     [
      -122.3409641,
      47.6097137
     ]
    ]
   },
   "properties": {
    "kind": "foot",
    "name": null,
    "inside": true,
    "level": null,
    "osm": "way/1275882984"
   }
  },
  {
   "type": "Feature",
   "geometry": {
    "type": "LineString",
    "coordinates": [
     [
      -122.3411269,
      47.6091432
     ],
     [
      -122.3411193,
      47.6091469
     ]
    ]
   },
   "properties": {
    "kind": "foot",
    "name": null,
    "inside": true,
    "level": null,
    "osm": "way/1275882988"
   }
  },
  {
   "type": "Feature",
   "geometry": {
    "type": "LineString",
    "coordinates": [
     [
      -122.3411216,
      47.6091431
     ],
     [
      -122.3411268,
      47.6091463
     ],
     [
      -122.3410947,
      47.6091607
     ]
    ]
   },
   "properties": {
    "kind": "foot",
    "name": null,
    "inside": true,
    "level": null,
    "osm": "way/1275882989"
   }
  },
  {
   "type": "Feature",
   "geometry": {
    "type": "LineString",
    "coordinates": [
     [
      -122.3416118,
      47.6092276
     ],
     [
      -122.3415774,
      47.6092516
     ],
     [
      -122.341544,
      47.6092748
     ]
    ]
   },
   "properties": {
    "kind": "foot",
    "name": null,
    "inside": true,
    "level": null,
    "osm": "way/1275882990"
   }
  },
  {
   "type": "Feature",
   "geometry": {
    "type": "LineString",
    "coordinates": [
     [
      -122.3412989,
      47.6090482
     ],
     [
      -122.3412713,
      47.6090715
     ],
     [
      -122.3412437,
      47.6090948
     ]
    ]
   },
   "properties": {
    "kind": "foot",
    "name": null,
    "inside": true,
    "level": null,
    "osm": "way/1275882991"
   }
  },
  {
   "type": "Feature",
   "geometry": {
    "type": "LineString",
    "coordinates": [
     [
      -122.3411408,
      47.608955
     ],
     [
      -122.3411119,
      47.6089768
     ],
     [
      -122.341083,
      47.6089987
     ]
    ]
   },
   "properties": {
    "kind": "foot",
    "name": null,
    "inside": true,
    "level": null,
    "osm": "way/1275882992"
   }
  },
  {
   "type": "Feature",
   "geometry": {
    "type": "LineString",
    "coordinates": [
     [
      -122.3409418,
      47.6088377
     ],
     [
      -122.3409097,
      47.6088619
     ],
     [
      -122.3408851,
      47.6088805
     ]
    ]
   },
   "properties": {
    "kind": "foot",
    "name": null,
    "inside": true,
    "level": null,
    "osm": "way/1275882993"
   }
  },
  {
   "type": "Feature",
   "geometry": {
    "type": "LineString",
    "coordinates": [
     [
      -122.3433009,
      47.610408
     ],
     [
      -122.3432438,
      47.6104555
     ]
    ]
   },
   "properties": {
    "kind": "foot",
    "name": null,
    "inside": true,
    "level": null,
    "osm": "way/1275882994"
   }
  },
  {
   "type": "Feature",
   "geometry": {
    "type": "LineString",
    "coordinates": [
     [
      -122.3433166,
      47.6103964
     ],
     [
      -122.3433123,
      47.6103996
     ]
    ]
   },
   "properties": {
    "kind": "foot",
    "name": null,
    "inside": true,
    "level": null,
    "osm": "way/1275882995"
   }
  },
  {
   "type": "Feature",
   "geometry": {
    "type": "LineString",
    "coordinates": [
     [
      -122.3405783,
      47.6085899
     ],
     [
      -122.3405215,
      47.608524
     ],
     [
      -122.340514,
      47.6085152
     ],
     [
      -122.3404891,
      47.6084897
     ],
     [
      -122.3404519,
      47.608506
     ],
     [
      -122.3403686,
      47.6085389
     ],
     [
      -122.3400555,
      47.6086633
     ]
    ]
   },
   "properties": {
    "kind": "foot",
    "name": null,
    "inside": true,
    "level": null,
    "osm": "way/1275882996"
   }
  },
  {
   "type": "Feature",
   "geometry": {
    "type": "LineString",
    "coordinates": [
     [
      -122.3405215,
      47.608524
     ],
     [
      -122.3405505,
      47.6085082
     ],
     [
      -122.3405483,
      47.608501
     ],
     [
      -122.3404058,
      47.6083442
     ],
     [
      -122.3403932,
      47.6083483
     ],
     [
      -122.3403295,
      47.6083721
     ],
     [
      -122.3402499,
      47.6084026
     ],
     [
      -122.3403686,
      47.6085389
     ]
    ]
   },
   "properties": {
    "kind": "foot",
    "name": null,
    "inside": true,
    "level": null,
    "osm": "way/1275882997"
   }
  },
  {
   "type": "Feature",
   "geometry": {
    "type": "LineString",
    "coordinates": [
     [
      -122.3400555,
      47.6086633
     ],
     [
      -122.340041,
      47.608676
     ]
    ]
   },
   "properties": {
    "kind": "foot",
    "name": null,
    "inside": true,
    "level": null,
    "osm": "way/1275882998"
   }
  },
  {
   "type": "Feature",
   "geometry": {
    "type": "LineString",
    "coordinates": [
     [
      -122.3423658,
      47.6084457
     ],
     [
      -122.342343,
      47.6084274
     ]
    ]
   },
   "properties": {
    "kind": "foot",
    "name": null,
    "inside": false,
    "level": null,
    "osm": "way/1289027231"
   }
  },
  {
   "type": "Feature",
   "geometry": {
    "type": "LineString",
    "coordinates": [
     [
      -122.3422311,
      47.6085076
     ],
     [
      -122.3422181,
      47.6084945
     ],
     [
      -122.3422146,
      47.6084909
     ],
     [
      -122.3422056,
      47.6084816
     ]
    ]
   },
   "properties": {
    "kind": "foot",
    "name": null,
    "inside": true,
    "level": null,
    "osm": "way/1289027233"
   }
  },
  {
   "type": "Feature",
   "geometry": {
    "type": "LineString",
    "coordinates": [
     [
      -122.3423658,
      47.6084457
     ],
     [
      -122.3422678,
      47.6084836
     ],
     [
      -122.3421988,
      47.6085135
     ],
     [
      -122.3421817,
      47.6084967
     ]
    ]
   },
   "properties": {
    "kind": "foot",
    "name": null,
    "inside": true,
    "level": null,
    "osm": "way/1289027236"
   }
  },
  {
   "type": "Feature",
   "geometry": {
    "type": "LineString",
    "coordinates": [
     [
      -122.3451167,
      47.6095198
     ],
     [
      -122.345158,
      47.6094873
     ],
     [
      -122.3451895,
      47.6094626
     ]
    ]
   },
   "properties": {
    "kind": "foot",
    "name": null,
    "inside": false,
    "level": null,
    "osm": "way/1289027237"
   }
  },
  {
   "type": "Feature",
   "geometry": {
    "type": "LineString",
    "coordinates": [
     [
      -122.3451895,
      47.6094626
     ],
     [
      -122.3451731,
      47.6094235
     ],
     [
      -122.3449817,
      47.6093122
     ],
     [
      -122.3448941,
      47.6092612
     ],
     [
      -122.3448403,
      47.6092165
     ],
     [
      -122.3448047,
      47.609195
     ],
     [
      -122.3446581,
      47.6091042
     ],
     [
      -122.3444403,
      47.6089764
     ],
     [
      -122.3440747,
      47.6087673
     ]
    ]
   },
   "properties": {
    "kind": "foot",
    "name": null,
    "inside": false,
    "level": null,
    "osm": "way/1289027238"
   }
  },
  {
   "type": "Feature",
   "geometry": {
    "type": "LineString",
    "coordinates": [
     [
      -122.3458802,
      47.6102702
     ],
     [
      -122.3459085,
      47.6102503
     ],
     [
      -122.3459266,
      47.6102415
     ],
     [
      -122.3459497,
      47.6102379
     ],
     [
      -122.3459705,
      47.6102386
     ],
     [
      -122.3459913,
      47.6102469
     ],
     [
      -122.3460047,
      47.6102589
     ],
     [
      -122.3460114,
      47.6102711
     ],
     [
      -122.3460111,
      47.6102838
     ],
     [
      -122.3460044,
      47.6103007
     ],
     [
      -122.3459539,
      47.6103369
     ]
    ]
   },
   "properties": {
    "kind": "foot",
    "name": null,
    "inside": false,
    "level": null,
    "osm": "way/1289027242"
   }
  },
  {
   "type": "Feature",
   "geometry": {
    "type": "LineString",
    "coordinates": [
     [
      -122.3452661,
      47.6107241
     ],
     [
      -122.345243,
      47.6107395
     ]
    ]
   },
   "properties": {
    "kind": "foot",
    "name": null,
    "inside": false,
    "level": null,
    "osm": "way/1291096874"
   }
  },
  {
   "type": "Feature",
   "geometry": {
    "type": "LineString",
    "coordinates": [
     [
      -122.3454546,
      47.610599
     ],
     [
      -122.3454388,
      47.6106095
     ]
    ]
   },
   "properties": {
    "kind": "foot",
    "name": null,
    "inside": false,
    "level": null,
    "osm": "way/1291096875"
   }
  },
  {
   "type": "Feature",
   "geometry": {
    "type": "LineString",
    "coordinates": [
     [
      -122.3456041,
      47.6107104
     ],
     [
      -122.345616,
      47.6107015
     ]
    ]
   },
   "properties": {
    "kind": "foot",
    "name": null,
    "inside": false,
    "level": null,
    "osm": "way/1291096876"
   }
  },
  {
   "type": "Feature",
   "geometry": {
    "type": "LineString",
    "coordinates": [
     [
      -122.34323,
      47.6088228
     ],
     [
      -122.3431864,
      47.6088184
     ]
    ]
   },
   "properties": {
    "kind": "foot",
    "name": null,
    "inside": false,
    "level": null,
    "osm": "way/1291096878"
   }
  },
  {
   "type": "Feature",
   "geometry": {
    "type": "LineString",
    "coordinates": [
     [
      -122.3431864,
      47.6088184
     ],
     [
      -122.3431691,
      47.6088263
     ],
     [
      -122.3430505,
      47.6088809
     ],
     [
      -122.3429553,
      47.6089245
     ],
     [
      -122.3429455,
      47.608929
     ]
    ]
   },
   "properties": {
    "kind": "foot",
    "name": null,
    "inside": false,
    "level": null,
    "osm": "way/1291096879"
   }
  },
  {
   "type": "Feature",
   "geometry": {
    "type": "LineString",
    "coordinates": [
     [
      -122.3429455,
      47.608929
     ],
     [
      -122.3429363,
      47.6089334
     ]
    ]
   },
   "properties": {
    "kind": "foot",
    "name": null,
    "inside": false,
    "level": null,
    "osm": "way/1291096880"
   }
  },
  {
   "type": "Feature",
   "geometry": {
    "type": "LineString",
    "coordinates": [
     [
      -122.3429795,
      47.6086108
     ],
     [
      -122.3429549,
      47.6086232
     ]
    ]
   },
   "properties": {
    "kind": "foot",
    "name": null,
    "inside": false,
    "level": null,
    "osm": "way/1291096889"
   }
  },
  {
   "type": "Feature",
   "geometry": {
    "type": "LineString",
    "coordinates": [
     [
      -122.3429549,
      47.6086232
     ],
     [
      -122.3428283,
      47.608677
     ],
     [
      -122.3427312,
      47.6087235
     ]
    ]
   },
   "properties": {
    "kind": "foot",
    "name": null,
    "inside": false,
    "level": null,
    "osm": "way/1291096890"
   }
  },
  {
   "type": "Feature",
   "geometry": {
    "type": "LineString",
    "coordinates": [
     [
      -122.3427312,
      47.6087235
     ],
     [
      -122.3427125,
      47.6087322
     ]
    ]
   },
   "properties": {
    "kind": "foot",
    "name": null,
    "inside": false,
    "level": null,
    "osm": "way/1291096891"
   }
  },
  {
   "type": "Feature",
   "geometry": {
    "type": "LineString",
    "coordinates": [
     [
      -122.3430656,
      47.608647
     ],
     [
      -122.3431118,
      47.6087173
     ],
     [
      -122.3431864,
      47.6088184
     ]
    ]
   },
   "properties": {
    "kind": "foot",
    "name": null,
    "inside": false,
    "level": null,
    "osm": "way/1291096892"
   }
  },
  {
   "type": "Feature",
   "geometry": {
    "type": "LineString",
    "coordinates": [
     [
      -122.3430381,
      47.6086181
     ],
     [
      -122.3430524,
      47.6086253
     ],
     [
      -122.3430656,
      47.608647
     ]
    ]
   },
   "properties": {
    "kind": "foot",
    "name": null,
    "inside": false,
    "level": null,
    "osm": "way/1291096893"
   }
  },
  {
   "type": "Feature",
   "geometry": {
    "type": "LineString",
    "coordinates": [
     [
      -122.3421714,
      47.6063046
     ],
     [
      -122.3421174,
      47.6063038
     ],
     [
      -122.3420225,
      47.6062654
     ],
     [
      -122.3415415,
      47.6062628
     ],
     [
      -122.341257,
      47.6062605
     ],
     [
      -122.3409508,
      47.6062583
     ],
     [
      -122.340896,
      47.6062575
     ]
    ]
   },
   "properties": {
    "kind": "foot",
    "name": null,
    "inside": false,
    "level": null,
    "osm": "way/1293531805"
   }
  },
  {
   "type": "Feature",
   "geometry": {
    "type": "LineString",
    "coordinates": [
     [
      -122.3440747,
      47.6087673
     ],
     [
      -122.3439881,
      47.6087219
     ],
     [
      -122.3438898,
      47.6086885
     ],
     [
      -122.3437934,
      47.6086671
     ],
     [
      -122.3437145,
      47.6086571
     ],
     [
      -122.3436015,
      47.6086592
     ],
     [
      -122.3434909,
      47.6086797
     ],
     [
      -122.343384,
      47.6087083
     ],
     [
      -122.3433284,
      47.6087291
     ],
     [
      -122.3432807,
      47.6087574
     ],
     [
      -122.3432489,
      47.6087898
     ],
     [
      -122.343231,
      47.6088168
     ],
     [
      -122.34323,
      47.6088228
     ],
     [
      -122.3432276,
      47.6088383
     ],
     [
      -122.343229,
      47.6088593
     ],
     [
      -122.3432414,
      47.6088993
     ]
    ]
   },
   "properties": {
    "kind": "foot",
    "name": null,
    "inside": false,
    "level": null,
    "osm": "way/1301409268"
   }
  },
  {
   "type": "Feature",
   "geometry": {
    "type": "LineString",
    "coordinates": [
     [
      -122.3431706,
      47.608268
     ],
     [
      -122.343188,
      47.6082935
     ],
     [
      -122.3431881,
      47.6083237
     ],
     [
      -122.3431834,
      47.6083542
     ],
     [
      -122.3431884,
      47.6083821
     ],
     [
      -122.3432055,
      47.6084194
     ]
    ]
   },
   "properties": {
    "kind": "foot",
    "name": null,
    "inside": false,
    "level": null,
    "osm": "way/1320933921"
   }
  },
  {
   "type": "Feature",
   "geometry": {
    "type": "LineString",
    "coordinates": [
     [
      -122.34283,
      47.6090474
     ],
     [
      -122.3428192,
      47.6090857
     ]
    ]
   },
   "properties": {
    "kind": "foot",
    "name": null,
    "inside": false,
    "level": null,
    "osm": "way/1320933926"
   }
  },
  {
   "type": "Feature",
   "geometry": {
    "type": "LineString",
    "coordinates": [
     [
      -122.3428192,
      47.6090857
     ],
     [
      -122.3428129,
      47.6091085
     ]
    ]
   },
   "properties": {
    "kind": "foot",
    "name": null,
    "inside": false,
    "level": null,
    "osm": "way/1320933927"
   }
  },
  {
   "type": "Feature",
   "geometry": {
    "type": "LineString",
    "coordinates": [
     [
      -122.3431646,
      47.6093073
     ],
     [
      -122.3431757,
      47.6093054
     ]
    ]
   },
   "properties": {
    "kind": "foot",
    "name": null,
    "inside": false,
    "level": null,
    "osm": "way/1320934378"
   }
  },
  {
   "type": "Feature",
   "geometry": {
    "type": "LineString",
    "coordinates": [
     [
      -122.3427125,
      47.6087322
     ],
     [
      -122.3429363,
      47.6089334
     ]
    ]
   },
   "properties": {
    "kind": "foot",
    "name": null,
    "inside": false,
    "level": null,
    "osm": "way/1321901213"
   }
  },
  {
   "type": "Feature",
   "geometry": {
    "type": "LineString",
    "coordinates": [
     [
      -122.3401801,
      47.6058925
     ],
     [
      -122.3402602,
      47.6058594
     ],
     [
      -122.3403668,
      47.6058152
     ],
     [
      -122.3404628,
      47.6057755
     ]
    ]
   },
   "properties": {
    "kind": "foot",
    "name": null,
    "inside": false,
    "level": null,
    "osm": "way/1329387535"
   }
  },
  {
   "type": "Feature",
   "geometry": {
    "type": "LineString",
    "coordinates": [
     [
      -122.3426644,
      47.6077254
     ],
     [
      -122.3425197,
      47.607784
     ],
     [
      -122.3423341,
      47.6078585
     ],
     [
      -122.342325,
      47.6078626
     ]
    ]
   },
   "properties": {
    "kind": "foot",
    "name": null,
    "inside": false,
    "level": null,
    "osm": "way/1329389260"
   }
  },
  {
   "type": "Feature",
   "geometry": {
    "type": "LineString",
    "coordinates": [
     [
      -122.3427221,
      47.6095989
     ],
     [
      -122.3424484,
      47.609675
     ]
    ]
   },
   "properties": {
    "kind": "foot",
    "name": "Joe Desimone Bridge",
    "inside": true,
    "level": null,
    "osm": "way/1333719752"
   }
  },
  {
   "type": "Feature",
   "geometry": {
    "type": "LineString",
    "coordinates": [
     [
      -122.3426211,
      47.6095411
     ],
     [
      -122.3423685,
      47.6096281
     ]
    ]
   },
   "properties": {
    "kind": "foot",
    "name": "Joe Desimone Bridge",
    "inside": true,
    "level": null,
    "osm": "way/1333719753"
   }
  },
  {
   "type": "Feature",
   "geometry": {
    "type": "LineString",
    "coordinates": [
     [
      -122.3512985,
      47.6127406
     ],
     [
      -122.3512444,
      47.6127147
     ],
     [
      -122.3511683,
      47.612674
     ],
     [
      -122.3511535,
      47.6126665
     ],
     [
      -122.3503729,
      47.6122702
     ],
     [
      -122.3498947,
      47.6119819
     ],
     [
      -122.3494658,
      47.6117306
     ],
     [
      -122.3494124,
      47.6117111
     ],
     [
      -122.3493228,
      47.6116578
     ],
     [
      -122.349194,
      47.6115812
     ],
     [
      -122.3491408,
      47.6115731
     ],
     [
      -122.3489475,
      47.611458
     ],
     [
      -122.3489235,
      47.6114203
     ],
     [
      -122.3484241,
      47.6111264
     ],
     [
      -122.3483849,
      47.6111033
     ],
     [
      -122.3483511,
      47.6110708
     ],
     [
      -122.348151,
      47.6109537
     ],
     [
      -122.3481249,
      47.6109384
     ],
     [
      -122.3477616,
      47.6107258
     ],
     [
      -122.3476263,
      47.6106467
     ],
     [
      -122.346436,
      47.6099423
     ],
     [
      -122.3449652,
      47.6090725
     ]
    ]
   },
   "properties": {
    "kind": "foot",
    "name": null,
    "inside": false,
    "level": null,
    "osm": "way/1334960479"
   }
  },
  {
   "type": "Feature",
   "geometry": {
    "type": "LineString",
    "coordinates": [
     [
      -122.3449321,
      47.6090986
     ],
     [
      -122.3449152,
      47.609111
     ]
    ]
   },
   "properties": {
    "kind": "foot",
    "name": "Waterfront Trail",
    "inside": false,
    "level": null,
    "osm": "way/1334961322"
   }
  },
  {
   "type": "Feature",
   "geometry": {
    "type": "LineString",
    "coordinates": [
     [
      -122.342885,
      47.6092737
     ],
     [
      -122.3427043,
      47.6094078
     ]
    ]
   },
   "properties": {
    "kind": "foot",
    "name": null,
    "inside": true,
    "level": null,
    "osm": "way/1340875471"
   }
  },
  {
   "type": "Feature",
   "geometry": {
    "type": "LineString",
    "coordinates": [
     [
      -122.3427043,
      47.6094078
     ],
     [
      -122.3425722,
      47.6095132
     ],
     [
      -122.342559,
      47.6095244
     ]
    ]
   },
   "properties": {
    "kind": "foot",
    "name": null,
    "inside": true,
    "level": null,
    "osm": "way/1340875472"
   }
  },
  {
   "type": "Feature",
   "geometry": {
    "type": "LineString",
    "coordinates": [
     [
      -122.3426714,
      47.6086961
     ],
     [
      -122.3427125,
      47.6087322
     ]
    ]
   },
   "properties": {
    "kind": "foot",
    "name": null,
    "inside": false,
    "level": null,
    "osm": "way/1348089433"
   }
  },
  {
   "type": "Feature",
   "geometry": {
    "type": "LineString",
    "coordinates": [
     [
      -122.3429363,
      47.6089334
     ],
     [
      -122.342964,
      47.6089516
     ]
    ]
   },
   "properties": {
    "kind": "foot",
    "name": null,
    "inside": false,
    "level": null,
    "osm": "way/1351973411"
   }
  },
  {
   "type": "Feature",
   "geometry": {
    "type": "LineString",
    "coordinates": [
     [
      -122.3449652,
      47.6090725
     ],
     [
      -122.3438715,
      47.6084292
     ],
     [
      -122.3438487,
      47.6084159
     ],
     [
      -122.3436138,
      47.6082788
     ],
     [
      -122.3434069,
      47.608158
     ],
     [
      -122.3429796,
      47.6079086
     ],
     [
      -122.3427507,
      47.6077713
     ],
     [
      -122.3426644,
      47.6077254
     ],
     [
      -122.3425706,
      47.6076689
     ],
     [
      -122.3423516,
      47.6075352
     ],
     [
      -122.3422026,
      47.6074414
     ]
    ]
   },
   "properties": {
    "kind": "foot",
    "name": "Waterfront Trail",
    "inside": false,
    "level": null,
    "osm": "way/1354822830"
   }
  },
  {
   "type": "Feature",
   "geometry": {
    "type": "LineString",
    "coordinates": [
     [
      -122.3422026,
      47.6074414
     ],
     [
      -122.3421624,
      47.6074161
     ],
     [
      -122.3419929,
      47.6072997
     ],
     [
      -122.3419675,
      47.6072823
     ],
     [
      -122.3417876,
      47.6071465
     ],
     [
      -122.3416224,
      47.6070127
     ],
     [
      -122.341496,
      47.6068993
     ],
     [
      -122.3414105,
      47.6068172
     ]
    ]
   },
   "properties": {
    "kind": "foot",
    "name": "Waterfront Trail",
    "inside": false,
    "level": null,
    "osm": "way/1354822831"
   }
  },
  {
   "type": "Feature",
   "geometry": {
    "type": "LineString",
    "coordinates": [
     [
      -122.3422314,
      47.6075744
     ],
     [
      -122.3425197,
      47.607784
     ]
    ]
   },
   "properties": {
    "kind": "foot",
    "name": null,
    "inside": false,
    "level": null,
    "osm": "way/1354822832"
   }
  },
  {
   "type": "Feature",
   "geometry": {
    "type": "Polygon",
    "coordinates": [
     [
      [
       -122.343905,
       47.6084195
      ],
      [
       -122.3438715,
       47.6084292
      ],
      [
       -122.3435497,
       47.6084854
      ],
      [
       -122.3435441,
       47.6084624
      ],
      [
       -122.3435388,
       47.6084405
      ],
      [
       -122.3433644,
       47.608434
      ],
      [
       -122.3432464,
       47.6083123
      ],
      [
       -122.3432352,
       47.6083008
      ],
      [
       -122.3432439,
       47.6082844
      ],
      [
       -122.3432504,
       47.6082736
      ],
      [
       -122.3432566,
       47.6082605
      ],
      [
       -122.3432587,
       47.6082507
      ],
      [
       -122.3432672,
       47.6082367
      ],
      [
       -122.3432647,
       47.6082161
      ],
      [
       -122.3432508,
       47.6081903
      ],
      [
       -122.3432104,
       47.6081633
      ],
      [
       -122.3431861,
       47.6081524
      ],
      [
       -122.343166,
       47.6081409
      ],
      [
       -122.3431472,
       47.6081303
      ],
      [
       -122.343123,
       47.6081167
      ],
      [
       -122.3431022,
       47.6081078
      ],
      [
       -122.3430694,
       47.6080777
      ],
      [
       -122.3428893,
       47.6079632
      ],
      [
       -122.342883,
       47.6079592
      ],
      [
       -122.3426617,
       47.6078277
      ],
      [
       -122.3427507,
       47.6077713
      ],
      [
       -122.3427717,
       47.6077581
      ],
      [
       -122.3427758,
       47.6077555
      ],
      [
       -122.3428867,
       47.6078209
      ],
      [
       -122.3430655,
       47.6079302
      ],
      [
       -122.3432784,
       47.6080603
      ],
      [
       -122.3434536,
       47.6081674
      ],
      [
       -122.3438467,
       47.6083855
      ],
      [
       -122.343905,
       47.6084195
      ]
     ]
    ]
   },
   "properties": {
    "kind": "foot",
    "name": null,
    "inside": false,
    "level": null,
    "osm": "way/1358866774"
   }
  },
  {
   "type": "Feature",
   "geometry": {
    "type": "LineString",
    "coordinates": [
     [
      -122.342275,
      47.6078832
     ],
     [
      -122.342257,
      47.6078907
     ],
     [
      -122.3422317,
      47.6079012
     ]
    ]
   },
   "properties": {
    "kind": "foot",
    "name": null,
    "inside": false,
    "level": null,
    "osm": "way/1365680616"
   }
  },
  {
   "type": "Feature",
   "geometry": {
    "type": "LineString",
    "coordinates": [
     [
      -122.3423014,
      47.6078719
     ],
     [
      -122.342287,
      47.6078782
     ],
     [
      -122.342275,
      47.6078832
     ]
    ]
   },
   "properties": {
    "kind": "foot",
    "name": null,
    "inside": false,
    "level": null,
    "osm": "way/1365680617"
   }
  },
  {
   "type": "Feature",
   "geometry": {
    "type": "LineString",
    "coordinates": [
     [
      -122.342287,
      47.6078782
     ],
     [
      -122.3423814,
      47.6079744
     ],
     [
      -122.3423935,
      47.6079687
     ],
     [
      -122.3424124,
      47.6079594
     ]
    ]
   },
   "properties": {
    "kind": "foot",
    "name": null,
    "inside": false,
    "level": null,
    "osm": "way/1365680618"
   }
  },
  {
   "type": "Feature",
   "geometry": {
    "type": "LineString",
    "coordinates": [
     [
      -122.3410915,
      47.6069465
     ],
     [
      -122.3410736,
      47.6069543
     ],
     [
      -122.3410647,
      47.6069583
     ]
    ]
   },
   "properties": {
    "kind": "foot",
    "name": null,
    "inside": false,
    "level": null,
    "osm": "way/1365680619"
   }
  },
  {
   "type": "Feature",
   "geometry": {
    "type": "LineString",
    "coordinates": [
     [
      -122.3402467,
      47.6060695
     ],
     [
      -122.3402586,
      47.6060644
     ],
     [
      -122.3402747,
      47.6060576
     ]
    ]
   },
   "properties": {
    "kind": "foot",
    "name": null,
    "inside": false,
    "level": null,
    "osm": "way/1365680620"
   }
  },
  {
   "type": "Feature",
   "geometry": {
    "type": "LineString",
    "coordinates": [
     [
      -122.3402747,
      47.6060576
     ],
     [
      -122.3402965,
      47.6060483
     ],
     [
      -122.340317,
      47.60604
     ]
    ]
   },
   "properties": {
    "kind": "foot",
    "name": null,
    "inside": false,
    "level": null,
    "osm": "way/1365680621"
   }
  },
  {
   "type": "Feature",
   "geometry": {
    "type": "LineString",
    "coordinates": [
     [
      -122.3401102,
      47.605921
     ],
     [
      -122.3401218,
      47.6059162
     ],
     [
      -122.340145,
      47.6059068
     ]
    ]
   },
   "properties": {
    "kind": "foot",
    "name": null,
    "inside": false,
    "level": null,
    "osm": "way/1365680622"
   }
  },
  {
   "type": "Feature",
   "geometry": {
    "type": "LineString",
    "coordinates": [
     [
      -122.340145,
      47.6059068
     ],
     [
      -122.3401632,
      47.6058993
     ],
     [
      -122.3401801,
      47.6058925
     ]
    ]
   },
   "properties": {
    "kind": "foot",
    "name": null,
    "inside": false,
    "level": null,
    "osm": "way/1365680623"
   }
  },
  {
   "type": "Feature",
   "geometry": {
    "type": "LineString",
    "coordinates": [
     [
      -122.3429084,
      47.6085583
     ],
     [
      -122.3428987,
      47.6085149
     ],
     [
      -122.342443,
      47.6079956
     ],
     [
      -122.3424124,
      47.6079594
     ],
     [
      -122.3423341,
      47.6078585
     ]
    ]
   },
   "properties": {
    "kind": "foot",
    "name": null,
    "inside": false,
    "level": null,
    "osm": "way/1366068989"
   }
  },
  {
   "type": "Feature",
   "geometry": {
    "type": "LineString",
    "coordinates": [
     [
      -122.342411,
      47.6102151
     ],
     [
      -122.3423815,
      47.6102378
     ]
    ]
   },
   "properties": {
    "kind": "foot",
    "name": null,
    "inside": true,
    "level": null,
    "osm": "way/1373500113"
   }
  },
  {
   "type": "Feature",
   "geometry": {
    "type": "LineString",
    "coordinates": [
     [
      -122.3423478,
      47.6102795
     ],
     [
      -122.3423164,
      47.6103047
     ]
    ]
   },
   "properties": {
    "kind": "foot",
    "name": null,
    "inside": true,
    "level": null,
    "osm": "way/1373500115"
   }
  },
  {
   "type": "Feature",
   "geometry": {
    "type": "LineString",
    "coordinates": [
     [
      -122.3392108,
      47.6063331
     ],
     [
      -122.3391816,
      47.6063705
     ]
    ]
   },
   "properties": {
    "kind": "foot",
    "name": null,
    "inside": false,
    "level": null,
    "osm": "way/1413963733"
   }
  },
  {
   "type": "Feature",
   "geometry": {
    "type": "LineString",
    "coordinates": [
     [
      -122.3393144,
      47.606445
     ],
     [
      -122.3392579,
      47.6064512
     ]
    ]
   },
   "properties": {
    "kind": "foot",
    "name": null,
    "inside": false,
    "level": null,
    "osm": "way/1413963736"
   }
  },
  {
   "type": "Feature",
   "geometry": {
    "type": "LineString",
    "coordinates": [
     [
      -122.3388114,
      47.6066603
     ],
     [
      -122.3386291,
      47.6066998
     ]
    ]
   },
   "properties": {
    "kind": "foot",
    "name": "Harbor Steps",
    "inside": false,
    "level": null,
    "osm": "way/1413963738"
   }
  },
  {
   "type": "Feature",
   "geometry": {
    "type": "LineString",
    "coordinates": [
     [
      -122.338707,
      47.6065458
     ],
     [
      -122.3385769,
      47.6066417
     ]
    ]
   },
   "properties": {
    "kind": "foot",
    "name": "Harbor Steps",
    "inside": false,
    "level": null,
    "osm": "way/1413963739"
   }
  },
  {
   "type": "Feature",
   "geometry": {
    "type": "LineString",
    "coordinates": [
     [
      -122.3390776,
      47.6062587
     ],
     [
      -122.339049,
      47.6062703
     ]
    ]
   },
   "properties": {
    "kind": "foot",
    "name": null,
    "inside": false,
    "level": "-2",
    "osm": "way/1415265350"
   }
  },
  {
   "type": "Feature",
   "geometry": {
    "type": "Polygon",
    "coordinates": [
     [
      [
       -122.3411344,
       47.6064635
      ],
      [
       -122.3412557,
       47.6064652
      ],
      [
       -122.3415423,
       47.6064706
      ],
      [
       -122.3415676,
       47.6064706
      ],
      [
       -122.3420093,
       47.6064709
      ],
      [
       -122.3420094,
       47.6064631
      ],
      [
       -122.3420004,
       47.6064629
      ],
      [
       -122.342,
       47.6064528
      ],
      [
       -122.3419877,
       47.6064527
      ],
      [
       -122.3419877,
       47.6064449
      ],
      [
       -122.3419802,
       47.6064445
      ],
      [
       -122.3419805,
       47.6063787
      ],
      [
       -122.3420063,
       47.6063618
      ],
      [
       -122.3419961,
       47.6063159
      ],
      [
       -122.3419959,
       47.6063074
      ],
      [
       -122.3420216,
       47.6063076
      ],
      [
       -122.3420461,
       47.6063078
      ],
      [
       -122.34205,
       47.6072615
      ],
      [
       -122.3420323,
       47.6072615
      ],
      [
       -122.341978,
       47.6072616
      ],
      [
       -122.3419059,
       47.607195
      ],
      [
       -122.3419991,
       47.6071943
      ],
      [
       -122.3419986,
       47.6070727
      ],
      [
       -122.3419911,
       47.6068436
      ],
      [
       -122.3416203,
       47.6068385
      ],
      [
       -122.3414862,
       47.6068395
      ],
      [
       -122.3413934,
       47.6067578
      ],
      [
       -122.3413003,
       47.6066529
      ],
      [
       -122.3412874,
       47.6066384
      ],
      [
       -122.3411526,
       47.6064841
      ],
      [
       -122.3411344,
       47.6064635
      ]
     ]
    ]
   },
   "properties": {
    "kind": "foot",
    "name": null,
    "inside": false,
    "level": null,
    "osm": "way/1417461577"
   }
  },
  {
   "type": "Feature",
   "geometry": {
    "type": "LineString",
    "coordinates": [
     [
      -122.3420301,
      47.6072926
     ],
     [
      -122.3420323,
      47.6072615
     ],
     [
      -122.3420255,
      47.6066563
     ],
     [
      -122.3420216,
      47.6063076
     ],
     [
      -122.3420225,
      47.6062654
     ]
    ]
   },
   "properties": {
    "kind": "foot",
    "name": null,
    "inside": false,
    "level": null,
    "osm": "way/1417461578"
   }
  },
  {
   "type": "Feature",
   "geometry": {
    "type": "LineString",
    "coordinates": [
     [
      -122.3412478,
      47.6066527
     ],
     [
      -122.3413003,
      47.6066529
     ],
     [
      -122.3415402,
      47.6066549
     ],
     [
      -122.3420255,
      47.6066563
     ]
    ]
   },
   "properties": {
    "kind": "foot",
    "name": null,
    "inside": false,
    "level": null,
    "osm": "way/1417461579"
   }
  },
  {
   "type": "Feature",
   "geometry": {
    "type": "LineString",
    "coordinates": [
     [
      -122.3412551,
      47.6064849
     ],
     [
      -122.3412557,
      47.6064652
     ],
     [
      -122.341257,
      47.6062605
     ]
    ]
   },
   "properties": {
    "kind": "foot",
    "name": null,
    "inside": false,
    "level": null,
    "osm": "way/1417468283"
   }
  },
  {
   "type": "Feature",
   "geometry": {
    "type": "LineString",
    "coordinates": [
     [
      -122.3415402,
      47.6066549
     ],
     [
      -122.3415422,
      47.6064872
     ],
     [
      -122.3415423,
      47.6064706
     ],
     [
      -122.3415415,
      47.6062628
     ]
    ]
   },
   "properties": {
    "kind": "foot",
    "name": null,
    "inside": false,
    "level": null,
    "osm": "way/1417468284"
   }
  },
  {
   "type": "Feature",
   "geometry": {
    "type": "LineString",
    "coordinates": [
     [
      -122.3415422,
      47.6064872
     ],
     [
      -122.3412551,
      47.6064849
     ],
     [
      -122.3411526,
      47.6064841
     ],
     [
      -122.3410958,
      47.6064836
     ]
    ]
   },
   "properties": {
    "kind": "foot",
    "name": null,
    "inside": false,
    "level": null,
    "osm": "way/1417468285"
   }
  },
  {
   "type": "Feature",
   "geometry": {
    "type": "LineString",
    "coordinates": [
     [
      -122.341546,
      47.6093839
     ],
     [
      -122.3414582,
      47.6094213
     ]
    ]
   },
   "properties": {
    "kind": "foot",
    "name": null,
    "inside": true,
    "level": null,
    "osm": "way/1474625484"
   }
  },
  {
   "type": "Feature",
   "geometry": {
    "type": "LineString",
    "coordinates": [
     [
      -122.3413975,
      47.6094471
     ],
     [
      -122.3413761,
      47.6094562
     ]
    ]
   },
   "properties": {
    "kind": "foot",
    "name": null,
    "inside": true,
    "level": null,
    "osm": "way/1474625485"
   }
  },
  {
   "type": "Feature",
   "geometry": {
    "type": "LineString",
    "coordinates": [
     [
      -122.3415596,
      47.609378
     ],
     [
      -122.341546,
      47.6093839
     ]
    ]
   },
   "properties": {
    "kind": "foot",
    "name": null,
    "inside": true,
    "level": null,
    "osm": "way/1474625487"
   }
  },
  {
   "type": "Feature",
   "geometry": {
    "type": "LineString",
    "coordinates": [
     [
      -122.344705,
      47.6092743
     ],
     [
      -122.3447606,
      47.6092303
     ]
    ]
   },
   "properties": {
    "kind": "foot",
    "name": null,
    "inside": false,
    "level": null,
    "osm": "way/1504730593"
   }
  },
  {
   "type": "Feature",
   "geometry": {
    "type": "LineString",
    "coordinates": [
     [
      -122.3449152,
      47.609111
     ],
     [
      -122.3448606,
      47.6091535
     ],
     [
      -122.3448269,
      47.6091785
     ]
    ]
   },
   "properties": {
    "kind": "foot",
    "name": null,
    "inside": false,
    "level": null,
    "osm": "way/1504730594"
   }
  },
  {
   "type": "Feature",
   "geometry": {
    "type": "LineString",
    "coordinates": [
     [
      -122.3460729,
      47.6100816
     ],
     [
      -122.3460499,
      47.6100676
     ],
     [
      -122.3460338,
      47.610058
     ],
     [
      -122.3451167,
      47.6095198
     ]
    ]
   },
   "properties": {
    "kind": "foot",
    "name": "Elliott Bay Trail",
    "inside": false,
    "level": null,
    "osm": "way/1504730602"
   }
  },
  {
   "type": "Feature",
   "geometry": {
    "type": "LineString",
    "coordinates": [
     [
      -122.3451895,
      47.6094626
     ],
     [
      -122.3452995,
      47.6095278
     ],
     [
      -122.3461229,
      47.6100128
     ],
     [
      -122.3461449,
      47.6100258
     ]
    ]
   },
   "properties": {
    "kind": "foot",
    "name": null,
    "inside": false,
    "level": null,
    "osm": "way/1504730606"
   }
  },
  {
   "type": "Feature",
   "geometry": {
    "type": "LineString",
    "coordinates": [
     [
      -122.3396523,
      47.6053717
     ],
     [
      -122.3397265,
      47.6054585
     ],
     [
      -122.3397451,
      47.605469
     ],
     [
      -122.339771,
      47.6054769
     ],
     [
      -122.3397883,
      47.6054851
     ],
     [
      -122.3398031,
      47.6054973
     ],
     [
      -122.3399713,
      47.6056951
     ],
     [
      -122.3400155,
      47.6057471
     ],
     [
      -122.3400402,
      47.6057777
     ],
     [
      -122.3400467,
      47.6057943
     ],
     [
      -122.3400436,
      47.6058185
     ],
     [
      -122.3400471,
      47.6058361
     ],
     [
      -122.3400549,
      47.6058463
     ],
     [
      -122.3401218,
      47.6059162
     ]
    ]
   },
   "properties": {
    "kind": "foot",
    "name": null,
    "inside": false,
    "level": null,
    "osm": "way/1505402228"
   }
  },
  {
   "type": "Feature",
   "geometry": {
    "type": "LineString",
    "coordinates": [
     [
      -122.3402586,
      47.6060644
     ],
     [
      -122.3403324,
      47.6061465
     ],
     [
      -122.3403493,
      47.6061594
     ],
     [
      -122.3403765,
      47.6061694
     ],
     [
      -122.3404089,
      47.6061811
     ],
     [
      -122.3404283,
      47.6061958
     ],
     [
      -122.340544,
      47.606322
     ]
    ]
   },
   "properties": {
    "kind": "foot",
    "name": null,
    "inside": false,
    "level": null,
    "osm": "way/1505402243"
   }
  },
  {
   "type": "Feature",
   "geometry": {
    "type": "LineString",
    "coordinates": [
     [
      -122.340544,
      47.606322
     ],
     [
      -122.3409459,
      47.6067673
     ],
     [
      -122.3409514,
      47.6067786
     ],
     [
      -122.3409531,
      47.6067894
     ],
     [
      -122.3409506,
      47.6068144
     ],
     [
      -122.3409514,
      47.6068223
     ],
     [
      -122.3409569,
      47.6068317
     ],
     [
      -122.3410736,
      47.6069543
     ],
     [
      -122.3412742,
      47.6071787
     ],
     [
      -122.3412839,
      47.6071847
     ],
     [
      -122.3413037,
      47.6071907
     ],
     [
      -122.3413255,
      47.6071975
     ],
     [
      -122.3413512,
      47.607208
     ],
     [
      -122.3413638,
      47.607219
     ],
     [
      -122.3414758,
      47.6073249
     ],
     [
      -122.3415364,
      47.6073759
     ],
     [
      -122.3416639,
      47.6074792
     ],
     [
      -122.3418247,
      47.6075958
     ],
     [
      -122.3419871,
      47.6077004
     ],
     [
      -122.3420402,
      47.6077354
     ],
     [
      -122.3420675,
      47.6077647
     ],
     [
      -122.3420806,
      47.6077868
     ],
     [
      -122.342216,
      47.6079076
     ]
    ]
   },
   "properties": {
    "kind": "foot",
    "name": null,
    "inside": false,
    "level": null,
    "osm": "way/1505402244"
   }
  },
  {
   "type": "Feature",
   "geometry": {
    "type": "Polygon",
    "coordinates": [
     [
      [
       -122.3427717,
       47.6077581
      ],
      [
       -122.3427507,
       47.6077713
      ],
      [
       -122.3426617,
       47.6078277
      ],
      [
       -122.3424934,
       47.6078932
      ],
      [
       -122.3424602,
       47.6079073
      ],
      [
       -122.3424343,
       47.6078768
      ],
      [
       -122.3423883,
       47.6078958
      ],
      [
       -122.3424696,
       47.6079856
      ],
      [
       -122.3424605,
       47.6079891
      ],
      [
       -122.342443,
       47.6079956
      ],
      [
       -122.3424245,
       47.6080025
      ],
      [
       -122.3424029,
       47.6079789
      ],
      [
       -122.3423935,
       47.6079687
      ],
      [
       -122.3423224,
       47.6078913
      ],
      [
       -122.3423446,
       47.6078833
      ],
      [
       -122.342325,
       47.6078626
      ],
      [
       -122.3423053,
       47.6078443
      ],
      [
       -122.342289,
       47.6078533
      ],
      [
       -122.3422505,
       47.6078129
      ],
      [
       -122.3422498,
       47.607691
      ],
      [
       -122.3422283,
       47.607665
      ],
      [
       -122.3421881,
       47.6076801
      ],
      [
       -122.3421698,
       47.6076612
      ],
      [
       -122.3420878,
       47.6076937
      ],
      [
       -122.3420468,
       47.6076692
      ],
      [
       -122.3420075,
       47.6076455
      ],
      [
       -122.3419783,
       47.6076252
      ],
      [
       -122.3420512,
       47.6075966
      ],
      [
       -122.3420245,
       47.6075666
      ],
      [
       -122.3420653,
       47.6075501
      ],
      [
       -122.3419719,
       47.6074437
      ],
      [
       -122.3419286,
       47.6074614
      ],
      [
       -122.3418363,
       47.6073603
      ],
      [
       -122.3417948,
       47.6073768
      ],
      [
       -122.3417533,
       47.6073288
      ],
      [
       -122.3417281,
       47.6073378
      ],
      [
       -122.3416659,
       47.6072679
      ],
      [
       -122.3416881,
       47.6072584
      ],
      [
       -122.341637,
       47.6072034
      ],
      [
       -122.3415941,
       47.6072202
      ],
      [
       -122.3415662,
       47.6071907
      ],
      [
       -122.3415463,
       47.6071992
      ],
      [
       -122.3415196,
       47.6071694
      ],
      [
       -122.341497,
       47.6071775
      ],
      [
       -122.3414429,
       47.6071165
      ],
      [
       -122.3413984,
       47.6071345
      ],
      [
       -122.3412695,
       47.6069891
      ],
      [
       -122.3412376,
       47.6070026
      ],
      [
       -122.3411894,
       47.6069482
      ],
      [
       -122.3411555,
       47.6069621
      ],
      [
       -122.3411284,
       47.6069316
      ],
      [
       -122.3411013,
       47.6069054
      ],
      [
       -122.3411673,
       47.6068777
      ],
      [
       -122.341167,
       47.6068663
      ],
      [
       -122.3411667,
       47.6068526
      ],
      [
       -122.3411628,
       47.6066874
      ],
      [
       -122.341204,
       47.6066706
      ],
      [
       -122.3412478,
       47.6066527
      ],
      [
       -122.3412874,
       47.6066384
      ],
      [
       -122.3413003,
       47.6066529
      ],
      [
       -122.3413934,
       47.6067578
      ],
      [
       -122.3414862,
       47.6068395
      ],
      [
       -122.3416616,
       47.6069957
      ],
      [
       -122.3418416,
       47.6071423
      ],
      [
       -122.3419059,
       47.607195
      ],
      [
       -122.341978,
       47.6072616
      ],
      [
       -122.3420301,
       47.6072926
      ],
      [
       -122.342054,
       47.6073069
      ],
      [
       -122.3423645,
       47.6075078
      ],
      [
       -122.3424223,
       47.6075469
      ],
      [
       -122.3427717,
       47.6077581
      ]
     ]
    ]
   },
   "properties": {
    "kind": "foot",
    "name": null,
    "inside": false,
    "level": null,
    "osm": "way/1505402245"
   }
  },
  {
   "type": "Feature",
   "geometry": {
    "type": "LineString",
    "coordinates": [
     [
      -122.341167,
      47.6068663
     ],
     [
      -122.3406893,
      47.6063434
     ],
     [
      -122.340699,
      47.6063391
     ],
     [
      -122.3406747,
      47.6063103
     ]
    ]
   },
   "properties": {
    "kind": "foot",
    "name": null,
    "inside": false,
    "level": null,
    "osm": "way/1505402253"
   }
  },
  {
   "type": "Feature",
   "geometry": {
    "type": "LineString",
    "coordinates": [
     [
      -122.3406747,
      47.6063103
     ],
     [
      -122.3406469,
      47.6062815
     ],
     [
      -122.3406213,
      47.606255
     ]
    ]
   },
   "properties": {
    "kind": "foot",
    "name": null,
    "inside": false,
    "level": null,
    "osm": "way/1505402254"
   }
  },
  {
   "type": "Feature",
   "geometry": {
    "type": "LineString",
    "coordinates": [
     [
      -122.341167,
      47.6068663
     ],
     [
      -122.3412003,
      47.6069037
     ]
    ]
   },
   "properties": {
    "kind": "foot",
    "name": null,
    "inside": false,
    "level": null,
    "osm": "way/1505402255"
   }
  },
  {
   "type": "Feature",
   "geometry": {
    "type": "LineString",
    "coordinates": [
     [
      -122.3406213,
      47.606255
     ],
     [
      -122.3404168,
      47.6060303
     ]
    ]
   },
   "properties": {
    "kind": "foot",
    "name": null,
    "inside": false,
    "level": null,
    "osm": "way/1505402256"
   }
  },
  {
   "type": "Feature",
   "geometry": {
    "type": "LineString",
    "coordinates": [
     [
      -122.3404168,
      47.6060303
     ],
     [
      -122.3403962,
      47.6060079
     ],
     [
      -122.3402602,
      47.6058594
     ],
     [
      -122.3402455,
      47.6058434
     ]
    ]
   },
   "properties": {
    "kind": "foot",
    "name": null,
    "inside": false,
    "level": null,
    "osm": "way/1505402257"
   }
  },
  {
   "type": "Feature",
   "geometry": {
    "type": "LineString",
    "coordinates": [
     [
      -122.3402455,
      47.6058434
     ],
     [
      -122.3401275,
      47.6057135
     ]
    ]
   },
   "properties": {
    "kind": "foot",
    "name": null,
    "inside": false,
    "level": null,
    "osm": "way/1505402260"
   }
  },
  {
   "type": "Feature",
   "geometry": {
    "type": "LineString",
    "coordinates": [
     [
      -122.3400543,
      47.6056164
     ],
     [
      -122.3399258,
      47.6054782
     ],
     [
      -122.3399121,
      47.6054838
     ],
     [
      -122.339785,
      47.6053409
     ]
    ]
   },
   "properties": {
    "kind": "foot",
    "name": null,
    "inside": false,
    "level": null,
    "osm": "way/1505402261"
   }
  },
  {
   "type": "Feature",
   "geometry": {
    "type": "LineString",
    "coordinates": [
     [
      -122.3401275,
      47.6057135
     ],
     [
      -122.3400824,
      47.6056537
     ],
     [
      -122.3400543,
      47.6056164
     ]
    ]
   },
   "properties": {
    "kind": "foot",
    "name": null,
    "inside": false,
    "level": null,
    "osm": "way/1505402266"
   }
  },
  {
   "type": "Feature",
   "geometry": {
    "type": "Polygon",
    "coordinates": [
     [
      [
       -122.340813,
       47.6064463
      ],
      [
       -122.3408336,
       47.6064689
      ],
      [
       -122.3408716,
       47.6064535
      ],
      [
       -122.3409133,
       47.6065012
      ],
      [
       -122.3409714,
       47.6064754
      ],
      [
       -122.3411628,
       47.6066874
      ],
      [
       -122.341204,
       47.6066706
      ],
      [
       -122.3412478,
       47.6066527
      ],
      [
       -122.3412874,
       47.6066384
      ],
      [
       -122.3411526,
       47.6064841
      ],
      [
       -122.3411344,
       47.6064635
      ],
      [
       -122.34099,
       47.6062994
      ],
      [
       -122.3409508,
       47.6062583
      ],
      [
       -122.3405509,
       47.6058377
      ],
      [
       -122.3403766,
       47.6056459
      ],
      [
       -122.340351,
       47.6056181
      ],
      [
       -122.3402481,
       47.6055067
      ],
      [
       -122.3400705,
       47.6053143
      ],
      [
       -122.340043,
       47.6053234
      ],
      [
       -122.3399806,
       47.6053417
      ],
      [
       -122.3399382,
       47.6053546
      ],
      [
       -122.3401261,
       47.6055592
      ],
      [
       -122.3400865,
       47.6055752
      ],
      [
       -122.340107,
       47.6055957
      ],
      [
       -122.3400628,
       47.6056121
      ],
      [
       -122.3400543,
       47.6056164
      ],
      [
       -122.3400453,
       47.6056191
      ],
      [
       -122.3400059,
       47.6056365
      ],
      [
       -122.340035,
       47.6056711
      ],
      [
       -122.340063,
       47.6057043
      ],
      [
       -122.3400862,
       47.6057287
      ],
      [
       -122.3401181,
       47.605717
      ],
      [
       -122.3401275,
       47.6057135
      ],
      [
       -122.3401363,
       47.6057098
      ],
      [
       -122.3401444,
       47.6057067
      ],
      [
       -122.3401252,
       47.605687
      ],
      [
       -122.3402161,
       47.6056505
      ],
      [
       -122.3402485,
       47.6056863
      ],
      [
       -122.340249,
       47.6058328
      ],
      [
       -122.3402455,
       47.6058434
      ],
      [
       -122.3402389,
       47.6058471
      ],
      [
       -122.3401632,
       47.6058769
      ],
      [
       -122.3401801,
       47.6058925
      ],
      [
       -122.3402,
       47.6059141
      ],
      [
       -122.3402452,
       47.6058956
      ],
      [
       -122.3403465,
       47.6060086
      ],
      [
       -122.3403013,
       47.6060271
      ],
      [
       -122.340317,
       47.60604
      ],
      [
       -122.3403352,
       47.6060646
      ],
      [
       -122.3404072,
       47.6060349
      ],
      [
       -122.3404168,
       47.6060303
      ],
      [
       -122.3404259,
       47.6060277
      ],
      [
       -122.3404819,
       47.6060035
      ],
      [
       -122.340533,
       47.6060604
      ],
      [
       -122.3405744,
       47.6060424
      ],
      [
       -122.3406245,
       47.6061003
      ],
      [
       -122.3405835,
       47.6061163
      ],
      [
       -122.3406856,
       47.6062291
      ],
      [
       -122.3406305,
       47.6062516
      ],
      [
       -122.3406213,
       47.606255
      ],
      [
       -122.3406118,
       47.6062584
      ],
      [
       -122.3405803,
       47.6062724
      ],
      [
       -122.3406044,
       47.6062984
      ],
      [
       -122.3406322,
       47.6063284
      ],
      [
       -122.3406675,
       47.6063136
      ],
      [
       -122.3406747,
       47.6063103
      ],
      [
       -122.3406826,
       47.606307
      ],
      [
       -122.3407374,
       47.6062841
      ],
      [
       -122.3407538,
       47.6063022
      ],
      [
       -122.340735,
       47.6063098
      ],
      [
       -122.3407702,
       47.6063489
      ],
      [
       -122.3407363,
       47.6063633
      ],
      [
       -122.3407513,
       47.6063786
      ],
      [
       -122.3408173,
       47.6063512
      ],
      [
       -122.3407928,
       47.6063252
      ],
      [
       -122.34082,
       47.6063122
      ],
      [
       -122.3409211,
       47.6064202
      ],
      [
       -122.3408918,
       47.6064329
      ],
      [
       -122.3408796,
       47.6064187
      ],
      [
       -122.340813,
       47.6064463
      ]
     ]
    ]
   },
   "properties": {
    "kind": "foot",
    "name": null,
    "inside": false,
    "level": null,
    "osm": "way/1505402274"
   }
  },
  {
   "type": "Feature",
   "geometry": {
    "type": "LineString",
    "coordinates": [
     [
      -122.3407677,
      47.6085857
     ],
     [
      -122.3408046,
      47.6086083
     ],
     [
      -122.340981,
      47.6087174
     ],
     [
      -122.3410333,
      47.6087498
     ],
     [
      -122.3412388,
      47.6088784
     ],
     [
      -122.3411408,
      47.608955
     ]
    ]
   },
   "properties": {
    "kind": "foot",
    "name": "The North Arcade",
    "inside": true,
    "level": null,
    "osm": "way/1509040019"
   }
  },
  {
   "type": "Feature",
   "geometry": {
    "type": "LineString",
    "coordinates": [
     [
      -122.3412388,
      47.6088784
     ],
     [
      -122.3413918,
      47.6089724
     ],
     [
      -122.3412989,
      47.6090482
     ]
    ]
   },
   "properties": {
    "kind": "foot",
    "name": "The North Arcade",
    "inside": true,
    "level": null,
    "osm": "way/1509040020"
   }
  },
  {
   "type": "Feature",
   "geometry": {
    "type": "LineString",
    "coordinates": [
     [
      -122.3399935,
      47.6073788
     ],
     [
      -122.3395719,
      47.6075603
     ]
    ]
   },
   "properties": {
    "kind": "steps",
    "name": null,
    "inside": false,
    "level": null,
    "osm": "way/52563654"
   }
  },
  {
   "type": "Feature",
   "geometry": {
    "type": "LineString",
    "coordinates": [
     [
      -122.3417629,
      47.6081026
     ],
     [
      -122.3416465,
      47.6081549
     ],
     [
      -122.3415674,
      47.6081904
     ],
     [
      -122.3414339,
      47.608289
     ],
     [
      -122.3413844,
      47.6083101
     ]
    ]
   },
   "properties": {
    "kind": "steps",
    "name": "Pike Street Hillclimb",
    "inside": false,
    "level": null,
    "osm": "way/264974077"
   }
  },
  {
   "type": "Feature",
   "geometry": {
    "type": "LineString",
    "coordinates": [
     [
      -122.3385705,
      47.6067354
     ],
     [
      -122.3385895,
      47.6067561
     ],
     [
      -122.338397,
      47.6068397
     ],
     [
      -122.3383837,
      47.6068454
     ]
    ]
   },
   "properties": {
    "kind": "steps",
    "name": "Harbor Steps",
    "inside": false,
    "level": null,
    "osm": "way/332471584"
   }
  },
  {
   "type": "Feature",
   "geometry": {
    "type": "LineString",
    "coordinates": [
     [
      -122.3404951,
      47.6086108
     ],
     [
      -122.340531,
      47.6085961
     ]
    ]
   },
   "properties": {
    "kind": "steps",
    "name": null,
    "inside": true,
    "level": null,
    "osm": "way/350234713"
   }
  },
  {
   "type": "Feature",
   "geometry": {
    "type": "LineString",
    "coordinates": [
     [
      -122.3433488,
      47.609614
     ],
     [
      -122.3434649,
      47.6096958
     ]
    ]
   },
   "properties": {
    "kind": "steps",
    "name": null,
    "inside": true,
    "level": null,
    "osm": "way/495805532"
   }
  },
  {
   "type": "Feature",
   "geometry": {
    "type": "LineString",
    "coordinates": [
     [
      -122.3428024,
      47.6094427
     ],
     [
      -122.342746,
      47.6094946
     ]
    ]
   },
   "properties": {
    "kind": "steps",
    "name": null,
    "inside": true,
    "level": null,
    "osm": "way/495805536"
   }
  },
  {
   "type": "Feature",
   "geometry": {
    "type": "LineString",
    "coordinates": [
     [
      -122.342746,
      47.6094946
     ],
     [
      -122.3427164,
      47.609481
     ],
     [
      -122.3426561,
      47.6094528
     ]
    ]
   },
   "properties": {
    "kind": "steps",
    "name": null,
    "inside": true,
    "level": null,
    "osm": "way/495805543"
   }
  },
  {
   "type": "Feature",
   "geometry": {
    "type": "LineString",
    "coordinates": [
     [
      -122.342746,
      47.6094946
     ],
     [
      -122.3428259,
      47.609534
     ]
    ]
   },
   "properties": {
    "kind": "steps",
    "name": null,
    "inside": true,
    "level": null,
    "osm": "way/495805544"
   }
  },
  {
   "type": "Feature",
   "geometry": {
    "type": "LineString",
    "coordinates": [
     [
      -122.3428986,
      47.6093475
     ],
     [
      -122.3428189,
      47.6094241
     ]
    ]
   },
   "properties": {
    "kind": "steps",
    "name": null,
    "inside": true,
    "level": null,
    "osm": "way/495805545"
   }
  },
  {
   "type": "Feature",
   "geometry": {
    "type": "LineString",
    "coordinates": [
     [
      -122.3408596,
      47.6078725
     ],
     [
      -122.3408388,
      47.6078511
     ],
     [
      -122.3408957,
      47.6078262
     ],
     [
      -122.3409086,
      47.60784
     ]
    ]
   },
   "properties": {
    "kind": "steps",
    "name": null,
    "inside": false,
    "level": null,
    "osm": "way/549073891"
   }
  },
  {
   "type": "Feature",
   "geometry": {
    "type": "LineString",
    "coordinates": [
     [
      -122.3417018,
      47.6091342
     ],
     [
      -122.3416738,
      47.6091456
     ]
    ]
   },
   "properties": {
    "kind": "steps",
    "name": null,
    "inside": true,
    "level": null,
    "osm": "way/550935943"
   }
  },
  {
   "type": "Feature",
   "geometry": {
    "type": "LineString",
    "coordinates": [
     [
      -122.3417097,
      47.609136
     ],
     [
      -122.3416874,
      47.6091423
     ],
     [
      -122.3416767,
      47.6091299
     ],
     [
      -122.3416948,
      47.6091254
     ],
     [
      -122.3417018,
      47.6091342
     ]
    ]
   },
   "properties": {
    "kind": "steps",
    "name": null,
    "inside": true,
    "level": null,
    "osm": "way/550935948"
   }
  },
  {
   "type": "Feature",
   "geometry": {
    "type": "LineString",
    "coordinates": [
     [
      -122.3419585,
      47.6090766
     ],
     [
      -122.3419854,
      47.6090674
     ]
    ]
   },
   "properties": {
    "kind": "steps",
    "name": null,
    "inside": true,
    "level": null,
    "osm": "way/550935950"
   }
  },
  {
   "type": "Feature",
   "geometry": {
    "type": "LineString",
    "coordinates": [
     [
      -122.3386103,
      47.6064379
     ],
     [
      -122.3386312,
      47.6064609
     ]
    ]
   },
   "properties": {
    "kind": "steps",
    "name": "Post Alley",
    "inside": false,
    "level": null,
    "osm": "way/1027523816"
   }
  },
  {
   "type": "Feature",
   "geometry": {
    "type": "LineString",
    "coordinates": [
     [
      -122.3385595,
      47.6063823
     ],
     [
      -122.3385835,
      47.6064086
     ]
    ]
   },
   "properties": {
    "kind": "steps",
    "name": "Post Alley",
    "inside": false,
    "level": null,
    "osm": "way/1027523818"
   }
  },
  {
   "type": "Feature",
   "geometry": {
    "type": "LineString",
    "coordinates": [
     [
      -122.3381976,
      47.6059838
     ],
     [
      -122.3382546,
      47.606047
     ]
    ]
   },
   "properties": {
    "kind": "steps",
    "name": "Post Alley",
    "inside": false,
    "level": null,
    "osm": "way/1027523821"
   }
  },
  {
   "type": "Feature",
   "geometry": {
    "type": "LineString",
    "coordinates": [
     [
      -122.3382942,
      47.6060907
     ],
     [
      -122.3383105,
      47.6061085
     ]
    ]
   },
   "properties": {
    "kind": "steps",
    "name": "Post Alley",
    "inside": false,
    "level": null,
    "osm": "way/1027523825"
   }
  },
  {
   "type": "Feature",
   "geometry": {
    "type": "LineString",
    "coordinates": [
     [
      -122.3385275,
      47.6063472
     ],
     [
      -122.3385399,
      47.6063608
     ]
    ]
   },
   "properties": {
    "kind": "steps",
    "name": "Post Alley",
    "inside": false,
    "level": null,
    "osm": "way/1027523827"
   }
  },
  {
   "type": "Feature",
   "geometry": {
    "type": "LineString",
    "coordinates": [
     [
      -122.3410356,
      47.6083972
     ],
     [
      -122.3410198,
      47.6084035
     ]
    ]
   },
   "properties": {
    "kind": "steps",
    "name": null,
    "inside": true,
    "level": null,
    "osm": "way/1027523836"
   }
  },
  {
   "type": "Feature",
   "geometry": {
    "type": "LineString",
    "coordinates": [
     [
      -122.3409312,
      47.6083639
     ],
     [
      -122.3408494,
      47.6083979
     ]
    ]
   },
   "properties": {
    "kind": "steps",
    "name": null,
    "inside": true,
    "level": null,
    "osm": "way/1027523838"
   }
  },
  {
   "type": "Feature",
   "geometry": {
    "type": "LineString",
    "coordinates": [
     [
      -122.3408414,
      47.6084239
     ],
     [
      -122.3408807,
      47.6084691
     ]
    ]
   },
   "properties": {
    "kind": "steps",
    "name": null,
    "inside": true,
    "level": null,
    "osm": "way/1027523840"
   }
  },
  {
   "type": "Feature",
   "geometry": {
    "type": "LineString",
    "coordinates": [
     [
      -122.3408483,
      47.6084818
     ],
     [
      -122.3408282,
      47.6084592
     ]
    ]
   },
   "properties": {
    "kind": "steps",
    "name": null,
    "inside": true,
    "level": null,
    "osm": "way/1027523842"
   }
  },
  {
   "type": "Feature",
   "geometry": {
    "type": "LineString",
    "coordinates": [
     [
      -122.3407981,
      47.6084722
     ],
     [
      -122.3408144,
      47.6084892
     ]
    ]
   },
   "properties": {
    "kind": "steps",
    "name": null,
    "inside": true,
    "level": null,
    "osm": "way/1027523844"
   }
  },
  {
   "type": "Feature",
   "geometry": {
    "type": "LineString",
    "coordinates": [
     [
      -122.3407162,
      47.6071323
     ],
     [
      -122.3408353,
      47.607083
     ],
     [
      -122.3408529,
      47.6070757
     ]
    ]
   },
   "properties": {
    "kind": "steps",
    "name": null,
    "inside": false,
    "level": null,
    "osm": "way/1120881010"
   }
  },
  {
   "type": "Feature",
   "geometry": {
    "type": "LineString",
    "coordinates": [
     [
      -122.3459119,
      47.6102661
     ],
     [
      -122.3458787,
      47.6102911
     ],
     [
      -122.3458971,
      47.6103023
     ],
     [
      -122.3459296,
      47.6102759
     ]
    ]
   },
   "properties": {
    "kind": "steps",
    "name": null,
    "inside": false,
    "level": null,
    "osm": "way/1149790617"
   }
  },
  {
   "type": "Feature",
   "geometry": {
    "type": "LineString",
    "coordinates": [
     [
      -122.3413891,
      47.6083153
     ],
     [
      -122.3413743,
      47.6083549
     ]
    ]
   },
   "properties": {
    "kind": "steps",
    "name": "Pike Street Hillclimb",
    "inside": false,
    "level": null,
    "osm": "way/1151094976"
   }
  },
  {
   "type": "Feature",
   "geometry": {
    "type": "LineString",
    "coordinates": [
     [
      -122.3413468,
      47.6083423
     ],
     [
      -122.3413542,
      47.6083204
     ]
    ]
   },
   "properties": {
    "kind": "steps",
    "name": "Pike Street Hillclimb",
    "inside": false,
    "level": null,
    "osm": "way/1151094977"
   }
  },
  {
   "type": "Feature",
   "geometry": {
    "type": "LineString",
    "coordinates": [
     [
      -122.3385066,
      47.6066656
     ],
     [
      -122.3384826,
      47.6066414
     ],
     [
      -122.3383015,
      47.6067185
     ],
     [
      -122.338276,
      47.6067294
     ]
    ]
   },
   "properties": {
    "kind": "steps",
    "name": "Harbor Steps",
    "inside": false,
    "level": null,
    "osm": "way/1151646639"
   }
  },
  {
   "type": "Feature",
   "geometry": {
    "type": "LineString",
    "coordinates": [
     [
      -122.3392206,
      47.606412
     ],
     [
      -122.3391965,
      47.6064222
     ],
     [
      -122.3391596,
      47.6064379
     ]
    ]
   },
   "properties": {
    "kind": "steps",
    "name": "Harbor Steps",
    "inside": false,
    "level": null,
    "osm": "way/1151646640"
   }
  },
  {
   "type": "Feature",
   "geometry": {
    "type": "LineString",
    "coordinates": [
     [
      -122.3391845,
      47.6064796
     ],
     [
      -122.3391981,
      47.6064941
     ],
     [
      -122.3391507,
      47.6065144
     ]
    ]
   },
   "properties": {
    "kind": "steps",
    "name": "Harbor Steps",
    "inside": false,
    "level": null,
    "osm": "way/1151646642"
   }
  },
  {
   "type": "Feature",
   "geometry": {
    "type": "LineString",
    "coordinates": [
     [
      -122.3391204,
      47.6064096
     ],
     [
      -122.3391001,
      47.6063984
     ],
     [
      -122.3390883,
      47.606386
     ],
     [
      -122.3390395,
      47.6064064
     ]
    ]
   },
   "properties": {
    "kind": "steps",
    "name": "Harbor Steps",
    "inside": false,
    "level": null,
    "osm": "way/1151646643"
   }
  },
  {
   "type": "Feature",
   "geometry": {
    "type": "LineString",
    "coordinates": [
     [
      -122.3389332,
      47.6066065
     ],
     [
      -122.3388914,
      47.6066258
     ]
    ]
   },
   "properties": {
    "kind": "steps",
    "name": "Harbor Steps",
    "inside": false,
    "level": null,
    "osm": "way/1151646645"
   }
  },
  {
   "type": "Feature",
   "geometry": {
    "type": "LineString",
    "coordinates": [
     [
      -122.3388228,
      47.6064986
     ],
     [
      -122.3387741,
      47.6065176
     ]
    ]
   },
   "properties": {
    "kind": "steps",
    "name": "Harbor Steps",
    "inside": false,
    "level": null,
    "osm": "way/1151646647"
   }
  },
  {
   "type": "Feature",
   "geometry": {
    "type": "LineString",
    "coordinates": [
     [
      -122.3386066,
      47.6066704
     ],
     [
      -122.3385476,
      47.6066958
     ]
    ]
   },
   "properties": {
    "kind": "steps",
    "name": "Harbor Steps",
    "inside": false,
    "level": null,
    "osm": "way/1151646651"
   }
  },
  {
   "type": "Feature",
   "geometry": {
    "type": "LineString",
    "coordinates": [
     [
      -122.3417872,
      47.6081582
     ],
     [
      -122.3417362,
      47.6081804
     ]
    ]
   },
   "properties": {
    "kind": "steps",
    "name": null,
    "inside": false,
    "level": null,
    "osm": "way/1167656079"
   }
  },
  {
   "type": "Feature",
   "geometry": {
    "type": "LineString",
    "coordinates": [
     [
      -122.3417263,
      47.6081468
     ],
     [
      -122.3416968,
      47.608159
     ]
    ]
   },
   "properties": {
    "kind": "steps",
    "name": null,
    "inside": false,
    "level": null,
    "osm": "way/1167656081"
   }
  },
  {
   "type": "Feature",
   "geometry": {
    "type": "LineString",
    "coordinates": [
     [
      -122.3418067,
      47.6081614
     ],
     [
      -122.3418339,
      47.6080701
     ]
    ]
   },
   "properties": {
    "kind": "steps",
    "name": null,
    "inside": false,
    "level": null,
    "osm": "way/1167656083"
   }
  },
  {
   "type": "Feature",
   "geometry": {
    "type": "LineString",
    "coordinates": [
     [
      -122.3455267,
      47.6106051
     ],
     [
      -122.3455869,
      47.6106422
     ]
    ]
   },
   "properties": {
    "kind": "steps",
    "name": null,
    "inside": false,
    "level": null,
    "osm": "way/1167656185"
   }
  },
  {
   "type": "Feature",
   "geometry": {
    "type": "LineString",
    "coordinates": [
     [
      -122.3417657,
      47.6080224
     ],
     [
      -122.3418075,
      47.6080818
     ]
    ]
   },
   "properties": {
    "kind": "steps",
    "name": null,
    "inside": false,
    "level": null,
    "osm": "way/1179842885"
   }
  },
  {
   "type": "Feature",
   "geometry": {
    "type": "LineString",
    "coordinates": [
     [
      -122.342801,
      47.6088965
     ],
     [
      -122.3427898,
      47.6090469
     ],
     [
      -122.3427895,
      47.6090526
     ]
    ]
   },
   "properties": {
    "kind": "steps",
    "name": null,
    "inside": false,
    "level": null,
    "osm": "way/1233097252"
   }
  },
  {
   "type": "Feature",
   "geometry": {
    "type": "LineString",
    "coordinates": [
     [
      -122.3430467,
      47.6084101
     ],
     [
      -122.3431277,
      47.608325
     ],
     [
      -122.3431706,
      47.608268
     ],
     [
      -122.3431814,
      47.608211
     ],
     [
      -122.3431686,
      47.6081658
     ],
     [
      -122.3431472,
      47.6081303
     ],
     [
      -122.3431411,
      47.6081202
     ],
     [
      -122.3430808,
      47.6080709
     ],
     [
      -122.3429145,
      47.6079649
     ],
     [
      -122.3429796,
      47.6079086
     ]
    ]
   },
   "properties": {
    "kind": "steps",
    "name": null,
    "inside": false,
    "level": null,
    "osm": "way/1233130036"
   }
  },
  {
   "type": "Feature",
   "geometry": {
    "type": "LineString",
    "coordinates": [
     [
      -122.342592,
      47.6078819
     ],
     [
      -122.3426248,
      47.6079176
     ]
    ]
   },
   "properties": {
    "kind": "steps",
    "name": null,
    "inside": false,
    "level": null,
    "osm": "way/1256938993"
   }
  },
  {
   "type": "Feature",
   "geometry": {
    "type": "LineString",
    "coordinates": [
     [
      -122.3430535,
      47.6081018
     ],
     [
      -122.3429174,
      47.6081737
     ]
    ]
   },
   "properties": {
    "kind": "steps",
    "name": null,
    "inside": false,
    "level": null,
    "osm": "way/1256938995"
   }
  },
  {
   "type": "Feature",
   "geometry": {
    "type": "LineString",
    "coordinates": [
     [
      -122.3432055,
      47.6084194
     ],
     [
      -122.3432464,
      47.6083123
     ]
    ]
   },
   "properties": {
    "kind": "steps",
    "name": "Salish Steps",
    "inside": false,
    "level": null,
    "osm": "way/1256938997"
   }
  },
  {
   "type": "Feature",
   "geometry": {
    "type": "Polygon",
    "coordinates": [
     [
      [
       -122.3422056,
       47.6084816
      ],
      [
       -122.3422457,
       47.6084639
      ],
      [
       -122.3422547,
       47.6084732
      ],
      [
       -122.3422146,
       47.6084909
      ],
      [
       -122.3422056,
       47.6084816
      ]
     ]
    ]
   },
   "properties": {
    "kind": "steps",
    "name": null,
    "inside": true,
    "level": null,
    "osm": "way/1256939012"
   }
  },
  {
   "type": "Feature",
   "geometry": {
    "type": "LineString",
    "coordinates": [
     [
      -122.3411193,
      47.6091469
     ],
     [
      -122.3411064,
      47.6091382
     ],
     [
      -122.3411106,
      47.6091352
     ],
     [
      -122.3411216,
      47.6091431
     ]
    ]
   },
   "properties": {
    "kind": "steps",
    "name": null,
    "inside": true,
    "level": null,
    "osm": "way/1275882987"
   }
  },
  {
   "type": "Feature",
   "geometry": {
    "type": "Polygon",
    "coordinates": [
     [
      [
       -122.3422056,
       47.6084816
      ],
      [
       -122.3422457,
       47.6084639
      ],
      [
       -122.3422547,
       47.6084732
      ],
      [
       -122.3422146,
       47.6084909
      ],
      [
       -122.3422056,
       47.6084816
      ]
     ]
    ]
   },
   "properties": {
    "kind": "steps",
    "name": null,
    "inside": true,
    "level": null,
    "osm": "way/1289027232"
   }
  },
  {
   "type": "Feature",
   "geometry": {
    "type": "LineString",
    "coordinates": [
     [
      -122.3422056,
      47.6084816
     ],
     [
      -122.3422457,
      47.6084639
     ],
     [
      -122.3422547,
      47.6084732
     ],
     [
      -122.3422146,
      47.6084909
     ]
    ]
   },
   "properties": {
    "kind": "steps",
    "name": null,
    "inside": true,
    "level": null,
    "osm": "way/1289027234"
   }
  },
  {
   "type": "Feature",
   "geometry": {
    "type": "LineString",
    "coordinates": [
     [
      -122.3422146,
      47.6084909
     ],
     [
      -122.3422056,
      47.6084816
     ],
     [
      -122.3421786,
      47.6084536
     ],
     [
      -122.3421929,
      47.6084472
     ],
     [
      -122.3422235,
      47.6084783
     ]
    ]
   },
   "properties": {
    "kind": "steps",
    "name": null,
    "inside": true,
    "level": null,
    "osm": "way/1289027235"
   }
  },
  {
   "type": "Feature",
   "geometry": {
    "type": "LineString",
    "coordinates": [
     [
      -122.3459248,
      47.6102973
     ],
     [
      -122.3458802,
      47.6102702
     ]
    ]
   },
   "properties": {
    "kind": "steps",
    "name": null,
    "inside": false,
    "level": null,
    "osm": "way/1289027239"
   }
  },
  {
   "type": "Feature",
   "geometry": {
    "type": "LineString",
    "coordinates": [
     [
      -122.3459296,
      47.6102759
     ],
     [
      -122.3459119,
      47.6102661
     ],
     [
      -122.3458787,
      47.6102911
     ],
     [
      -122.3458971,
      47.6103023
     ],
     [
      -122.3459539,
      47.6103369
     ]
    ]
   },
   "properties": {
    "kind": "steps",
    "name": null,
    "inside": false,
    "level": null,
    "osm": "way/1289027240"
   }
  },
  {
   "type": "Feature",
   "geometry": {
    "type": "Polygon",
    "coordinates": [
     [
      [
       -122.3459296,
       47.6102759
      ],
      [
       -122.3459119,
       47.6102661
      ],
      [
       -122.3458787,
       47.6102911
      ],
      [
       -122.3458971,
       47.6103023
      ],
      [
       -122.3459296,
       47.6102759
      ]
     ]
    ]
   },
   "properties": {
    "kind": "steps",
    "name": null,
    "inside": false,
    "level": null,
    "osm": "way/1289027241"
   }
  },
  {
   "type": "Feature",
   "geometry": {
    "type": "LineString",
    "coordinates": [
     [
      -122.3431968,
      47.6085336
     ],
     [
      -122.3433769,
      47.6085006
     ]
    ]
   },
   "properties": {
    "kind": "steps",
    "name": null,
    "inside": false,
    "level": null,
    "osm": "way/1320933922"
   }
  },
  {
   "type": "Feature",
   "geometry": {
    "type": "LineString",
    "coordinates": [
     [
      -122.3433769,
      47.6085006
     ],
     [
      -122.3434275,
      47.6084913
     ],
     [
      -122.3435441,
      47.6084624
     ]
    ]
   },
   "properties": {
    "kind": "steps",
    "name": "Salish Steps",
    "inside": false,
    "level": null,
    "osm": "way/1320933923"
   }
  },
  {
   "type": "Feature",
   "geometry": {
    "type": "LineString",
    "coordinates": [
     [
      -122.3430922,
      47.6085718
     ],
     [
      -122.3431209,
      47.6085463
     ]
    ]
   },
   "properties": {
    "kind": "steps",
    "name": null,
    "inside": false,
    "level": null,
    "osm": "way/1320933924"
   }
  },
  {
   "type": "Feature",
   "geometry": {
    "type": "LineString",
    "coordinates": [
     [
      -122.3431209,
      47.6085463
     ],
     [
      -122.3431968,
      47.6085336
     ]
    ]
   },
   "properties": {
    "kind": "steps",
    "name": null,
    "inside": false,
    "level": null,
    "osm": "way/1320933925"
   }
  },
  {
   "type": "Feature",
   "geometry": {
    "type": "LineString",
    "coordinates": [
     [
      -122.342325,
      47.6078626
     ],
     [
      -122.3423014,
      47.6078719
     ]
    ]
   },
   "properties": {
    "kind": "steps",
    "name": null,
    "inside": false,
    "level": null,
    "osm": "way/1334964173"
   }
  },
  {
   "type": "Feature",
   "geometry": {
    "type": "LineString",
    "coordinates": [
     [
      -122.3423815,
      47.6102378
     ],
     [
      -122.3423357,
      47.6102111
     ],
     [
      -122.3422906,
      47.6102462
     ],
     [
      -122.3423478,
      47.6102795
     ]
    ]
   },
   "properties": {
    "kind": "steps",
    "name": null,
    "inside": true,
    "level": null,
    "osm": "way/1373500114"
   }
  },
  {
   "type": "Feature",
   "geometry": {
    "type": "LineString",
    "coordinates": [
     [
      -122.3391816,
      47.6063705
     ],
     [
      -122.3391408,
      47.6064226
     ]
    ]
   },
   "properties": {
    "kind": "steps",
    "name": "Harbor Steps",
    "inside": false,
    "level": null,
    "osm": "way/1413963734"
   }
  },
  {
   "type": "Feature",
   "geometry": {
    "type": "LineString",
    "coordinates": [
     [
      -122.3392579,
      47.6064512
     ],
     [
      -122.3391753,
      47.6064603
     ]
    ]
   },
   "properties": {
    "kind": "steps",
    "name": "Harbor Steps",
    "inside": false,
    "level": null,
    "osm": "way/1413963735"
   }
  },
  {
   "type": "Feature",
   "geometry": {
    "type": "LineString",
    "coordinates": [
     [
      -122.3386291,
      47.6066998
     ],
     [
      -122.338561,
      47.6067145
     ]
    ]
   },
   "properties": {
    "kind": "steps",
    "name": "Harbor Steps",
    "inside": false,
    "level": null,
    "osm": "way/1413963737"
   }
  },
  {
   "type": "Feature",
   "geometry": {
    "type": "LineString",
    "coordinates": [
     [
      -122.3385769,
      47.6066417
     ],
     [
      -122.3385278,
      47.6066779
     ]
    ]
   },
   "properties": {
    "kind": "steps",
    "name": "Harbor Steps",
    "inside": false,
    "level": null,
    "osm": "way/1413963740"
   }
  },
  {
   "type": "Feature",
   "geometry": {
    "type": "LineString",
    "coordinates": [
     [
      -122.3414582,
      47.6094213
     ],
     [
      -122.3413975,
      47.6094471
     ]
    ]
   },
   "properties": {
    "kind": "steps",
    "name": null,
    "inside": true,
    "level": null,
    "osm": "way/1474625486"
   }
  }
 ],
 "note": "OpenStreetMap, ODbL 1.0"
}
